{"category":"Film","name":"Star Wars: Episode IV - A New Hope","alternateName":"La guerra de las galaxias, Star Wars: Episode IV - A New Hope, La guerre des étoiles, Star Wars, Star Wars: Episódio IV - Uma Nova Esperança, Star Wars: Episodio IV - Una nueva esperanza, Stjärnornas krig, A Guerra das Estrelas, A New Hope, Adventures of the Starkiller, Adventures of the Starkiller: Episode 1 - The Star Wars, Chiến Tranh Giữa Các Vì Sao Tập 4: Niềm Hi Vọng Mới, Csillagok háborúja, Guerra nas Estrelas, Guerre stellari, Gwiezdne wojny, Gwiezdne wojny: Część IV - Nowa nadzieja, Hvězdné války, Hviezdne vojny, Hviezdne vojny 4: Nová nádej, Hviezdne vojny IV: Nová nádej, Jang-e setarehha, Krieg der Sterne, La guerra de las estrellas, La guerre des étoiles - Un nouvel espoir, Milkhemet Ha'Kokhavim, O polemos ton astron, O polemos ton astron: Mia nea elpida, Ratovi zvijezda, Ratovi zvijezda IV: Nova nada, Războiul stelelor, Războiul stelelor - Episodul IV: O nouă speranță, Star Wars - De sterrenoorlog, Star Wars - Stjernekrigen, Star Wars IV - Una nuova speranza, Star Wars IV 新たなる希望, Star Wars IV: A New Hope, Star Wars IV: Nová naděje, Star Wars IV: Stjernekrigen, Star Wars IV. - Egy új remény, Star Wars IV. rész - Egy új remény, Star Wars エピソード IV 新たなる希望, Star Wars: A New Hope, Star Wars: Egy új remény, Star Wars: Episode 4 - A New Hope, Star Wars: Episode IV - Eine neue Hoffnung, Star Wars: Episode IV - Et nytt håp, Star Wars: Épisode IV - Un nouvel espoir, Star Wars: Épisode IV, la guerre des étoiles, Star Wars: Episode IV: A New Hope, Star Wars: Episodi IV - Uusi toivo, Star Wars: Episodio IV - Una nuova speranza, Star Wars: la guerra de las galaxias, Star Wars: Osa IV - Uus lootus, Star Wars: Uma Nova Esperança, Star Wars: Una nuova speranza, Star Wars: Uusi toivo, Star Wars: Yeni Bir Umut, Stjärnornas krig: Episod IV - Nytt hopp, Stjernekrigen, Stjörnustríð, Sutā wōzu episōdo 4: Aratanaru kibō, Tähtede sõda, Tähtien sota, Tähtien sota - Special Edition, Tähtien sota: Uusi toivo, The Adventures of Luke Starkiller as Taken from the 'Journal of the Whills': Saga I - Star Wars, The Star Wars, The Star Wars: From the Adventures of Luke Starkiller, The War of the World, Vojna zvezd: Epizoda IV - Novo upanje, Yıldız Savaşları, Yıldız Savaşları: Bölüm IV - Yeni Bir Umut, Yulduzlar jangi: Epizod IV - Yangi Umid, Žvaigždžių karai, Ο πόλεμος των άστρων, Ο Πόλεμος των Άστρων: Επεισόδιο IV - Μια Νέα Ελπίδα, Жұлдызды соғыстар, Жұлдызды соғыстар: Эпизод IV - Жаңа үміт, Звездани ратови: Епизода IV - Нова нада, Звёздные войны, Звёздные войны: Эпизод 4 - Новая надежда, Звёздные войны: Эпизод IV - Новая надежда, Зоряні війни, Зоряні війни: Епізод IV - Нова надія, Междузвездни войни, Междузвездни войни: Епизод IV - Нова Надежда, Ратови звезда: Епизода IV - Нова нада, स्टार वॉर्स, スター・ウォーズ, スター・ウォーズ ／新たなる希望, スター・ウォーズ エピソード4／新たなる希望, 星球大战, 星際大戰","review":"","directors":"George Lucas","producers":"Gary Kurtz, George Lucas, Rick McCallum, James Nelson","writers":"George Lucas","musicians":"","editors":"","cinematographers":"","distributors":"Twentieth Century Fox, 20th Century Fox Argentina, City Film, Filmes Castello Lopes, Fox Films, Fox-Colombia Film, Fox-Stockholm Film Distribution, In-Cine Distribuidora Cinematográfica S.A., Kommunenes Filmcentral (KF), Twentieth Century Fox Film Company, Twentieth Century Fox Film Company, Twentieth Century Fox, Twentieth Century Fox, Twentieth Century-Fox, 20th Century Fox India, Twentieth Century Fox, Twentieth Century Fox, Zjednoczenie Rozpowszechniania Filmów, Özen Film, 20th Century Fox Video, CBS/Fox Video, CBS/Fox, Home Box Office (HBO), Rautakirja, CBS, CBS/Fox Video, CBS/Fox, Mayco, CBS Electronics, CBS/Fox Home Video, CBS/Fox, CBS/Fox, CBS/Fox, Canal+, Mainostelevisio (MTV3), CBS/Fox Video, Shochiku CBS/Fox Video (SCF), ITV - Independent Television, CBS/Fox Video Far East, Nippon AVC Co., CBS/Fox, PFC Vidéo, TV3, Central Partnership, CBS/Fox, CBS/Fox, Disney Channel, Fox Video, CBS/Fox Video, Fox Video, Fox Video, Fox Video, PFC Vidéo, SF Norge A/S, Showtime Video, 20th Century Fox Home Entertainment, 20th Century Fox Home Entertainment, 20th Century Fox Home Entertainment, 20th Century Fox Home Entertainment, CBS/Fox Video, Fox Video, Intercontinental Video, PFC Vidéo, VideoVisa, Yleisradio (YLE), 20th Century Fox Argentina, 20th Century Fox India, 20th Century Fox Korea, Finnkino, Hispano Foxfilms S.A.E., Kommunenes Filmcentral (KF), Twentieth Century Fox, Twentieth Century Fox, Twentieth Century Fox, UGC-Fox Distribution (UFD), 20th Century Fox Home Entertainment, 20th Century Fox Home Entertainment, 20th Century Fox Television Distribution, Encore Entertainment, Gativideo, 20th Century Fox Home Entertainment, Home Video Hellas (HVH), KTLA, WPIX, 20th Century Fox Home Entertainment, Twentieth Century Fox Home Entertainment, Egmont Entertainment, 20th Century Fox Home Entertainment, Alexandra Video Club, FS Film, SF Norge A/S, Twentieth Century Fox Home Entertainment, 20th Century Fox Home Entertainment, Sub, 20th Century Fox Home Entertainment, 20th Century Fox Home Entertainment, Twentieth Century Fox Home Entertainment, Paramount Home Entertainment, 20th Century Fox Home Entertainment, Fox-Paramount Home Entertainment, Fox-Paramount Home Entertainment, Fox-Paramount Home Entertainment, Fox-Paramount Home Entertainment, Twentieth Century Fox Home Entertainment, Disney XD, ITV 1, ITV 2, KVH Media Group, TNT, Buena Vista Home Entertainment, Disney+, Walt Disney Studios Motion Pictures, Lucasfilm, Abril Vídeo","productionCompanies":"Lucasfilm, Twentieth Century Fox","stars":"Mark Hamill, Harrison Ford, Carrie Fisher, Peter Cushing, Alec Guinness, Anthony Daniels, Kenny Baker, Peter Mayhew, David Prowse, Phil Brown, Shelagh Fraser, Jack Purvis, Alex McCrindle, Eddie Byrne, Drewe Henley, Denis Lawson, Garrick Hagon, Jack Klaff, William Hootkins, Angus MacInnes, Jeremy Sinden, Graham Ashley, Don Henderson, Richard LeParmentier, Leslie Schofield, David Ankrum, Mark Anthony Austin, Scott Beach, Jon Berg, Doug Beswick, Paul Blake, Janice Burchette, Ted Burnett, John Chapman, Gilda Cohen, Tim Condren, Barry Copping, Alfie Curtis, Robert Davies, Maria De Aragon, Barbie Denham, Frazer Diamond, Peter Diamond, Warwick Diamond, Sadie Eden, Kim Falkinburg, Harry Fielder, Anthony Forrest, Ted Gagliano, Salo Gardner, Steve Gawley, Barry Gnome, Rusty Goffe, Isaac Grand, Nelson Hall, Reg Harding, Alan Harris, Frank Henson, Christine Hewett, Tiffany Hillkurtz, Arthur Howell, Tommy Ilsley, Joe Johnston, Annette Jones, James Earl Jones, Linda Jones, Joe Kaye, Colin Michael Kitchens, Melissa Kurtz, Al Lampert, Laine Liska, Derek Lyons, Mahjoub, Alf Mangan, Rick McCallum, Grant McCune, Geoffrey Moon, Mandy Morton, Lorne Peterson, Marcus Powell, Shane Rimmer, Pam Rose, George Roubicek, Erica Simmons, Angela Staines, George Stock, Roy Straite, Peter Sturgeon, Peter Sumner, John Sylla, Tom Sylla, Malcolm Tierney, Phil Tippett, Frances Alfred Basil Tomlin, Burnell Tucker, Morgan Upton, Jerry Walter, Hal Wamsley, Larry Ward, Diana Sadley Way, Harold Weed, Bill Weston, Steve 'Spaz' Williams, Fred Wood","genres":[["Action","Adventure","AlternateHistory","Amateur","Animation","Anthology","Art","Biopic","Comedy","Crime","Cyberpunk","Detective","Docudrama","Documentary","Drama","Dystopian","Fantasy","Gangster","Ghost","Gore","Gothic","Heist","Historical","Holiday","Horror","Instructional","Military","Monster","Musical","Mystery","Nature","Paranormal","Parody","Political","PostApocalyptic","Psychological","Reality","Religious","Revisionist","Romance","Satire","SciFi","Space","SpaceOpera","Sports","Spy","StopMotion","Superhero","Thriller","Utopian","Vampire","Vigilante","Western","Zombie"],[true,true,false,false,false,false,false,false,false,false,false,false,false,false,false,false,true,false,false,false,false,false,false,false,false,false,false,false,false,false,false,false,false,false,false,false,false,false,false,false,false,true,false,false,false,false,false,false,false,false,false,false,false,false],[""]],"synopsis":"Luke Skywalker joins forces with a Jedi Knight, a cocky pilot, a Wookiee and two droids to save the galaxy from the Empire's world-destroying battle station, while also attempting to rescue Princess Leia from the mysterious Darth Vader.","rating":"","release":"1977-05-25","runTime":"","watched":"","img":["C:\\Users\\asus\\AppData\\Roaming\\Trak\\data\\Film-StarWars_EpisodeIV-ANewHope\\assets\\MV5BZTE2Zjk4ZWMtMjVjMi00ZTM3LWFlZmEtNzlkNDI5OTU3ZTBhXkEyXkFqcGdeQXVyNjAwNDUxODI@._V1_.jpg","C:\\Users\\asus\\AppData\\Roaming\\Trak\\data\\Film-StarWars_EpisodeIV-ANewHope\\assets\\MV5BM2Q5NzQ1ZTUtZGZjNS00ZWYwLWE5NzEtODgxOWNhMmVhYmRmXkEyXkFqcGdeQXVyMDM2NDM2MQ@@._V1_.jpg","C:\\Users\\asus\\AppData\\Roaming\\Trak\\data\\Film-StarWars_EpisodeIV-ANewHope\\assets\\MV5BMGQyOTZkYjktZmEyZC00MmE1LTkxMGUtMThhNmUyYjg4MjFiXkEyXkFqcGdeQXVyMDM2NDM2MQ@@._V1_.jpg","C:\\Users\\asus\\AppData\\Roaming\\Trak\\data\\Film-StarWars_EpisodeIV-ANewHope\\assets\\MV5BNzg4MjQxNTQtZmI5My00YjMwLWJlMjUtMmJlY2U2ZWFlNzY1XkEyXkFqcGdeQXVyODk4OTc3MTY@._V1_.jpg","C:\\Users\\asus\\AppData\\Roaming\\Trak\\data\\Film-StarWars_EpisodeIV-ANewHope\\assets\\MV5BMjJkOGQzZjctZmEyZC00N2U5LTk3M2EtZjk1NzdmMzhiYjM3XkEyXkFqcGdeQXVyMTQyMTMwOTk0._V1_.jpg","C:\\Users\\asus\\AppData\\Roaming\\Trak\\data\\Film-StarWars_EpisodeIV-ANewHope\\assets\\MV5BY2FiOWQ0YjAtNTk4YS00ODk0LWE0YTctODM1NmY0ZmM4Yjg4XkEyXkFqcGdeQXVyMDc2NTEzMw@@._V1_.jpg","C:\\Users\\asus\\AppData\\Roaming\\Trak\\data\\Film-StarWars_EpisodeIV-ANewHope\\assets\\MV5BZDM5OTAwMGQtYTYwMS00OGQyLTg4YTctNWFjMGY1ODFkMjkwXkEyXkFqcGdeQXVyMTYzMDM0NTU@._V1_.jpg","C:\\Users\\asus\\AppData\\Roaming\\Trak\\data\\Film-StarWars_EpisodeIV-ANewHope\\assets\\MV5BMjQ1NzE3MjMzN15BMl5BanBnXkFtZTgwNTU2NDU1MTI@._V1_.jpg","C:\\Users\\asus\\AppData\\Roaming\\Trak\\data\\Film-StarWars_EpisodeIV-ANewHope\\assets\\MV5BNDI1NDcxNzcwNF5BMl5BanBnXkFtZTgwMDU4NTUzODE@._V1_.jpg","C:\\Users\\asus\\AppData\\Roaming\\Trak\\data\\Film-StarWars_EpisodeIV-ANewHope\\assets\\MV5BMjA2MjAzNDYxM15BMl5BanBnXkFtZTgwMDAxMjk5MDE@._V1_.jpg","C:\\Users\\asus\\AppData\\Roaming\\Trak\\data\\Film-StarWars_EpisodeIV-ANewHope\\assets\\MV5BMTQ1NDUyOTM4MV5BMl5BanBnXkFtZTgwOTMwNjAxMDE@._V1_.jpg","C:\\Users\\asus\\AppData\\Roaming\\Trak\\data\\Film-StarWars_EpisodeIV-ANewHope\\assets\\MV5BNTc1NTczODAzOF5BMl5BanBnXkFtZTgwMTQwNjAxMDE@._V1_.jpg","C:\\Users\\asus\\AppData\\Roaming\\Trak\\data\\Film-StarWars_EpisodeIV-ANewHope\\assets\\MV5BMTcwNzk4ODk1NF5BMl5BanBnXkFtZTcwMzIxMzA4NA@@._V1_.jpg","C:\\Users\\asus\\AppData\\Roaming\\Trak\\data\\Film-StarWars_EpisodeIV-ANewHope\\assets\\MV5BMTU4MjkzNjY5MV5BMl5BanBnXkFtZTcwOTIxMzA4NA@@._V1_.jpg","C:\\Users\\asus\\AppData\\Roaming\\Trak\\data\\Film-StarWars_EpisodeIV-ANewHope\\assets\\MV5BZWVmNzQ3NjEtNzVlMS00MmU4LTk4NmQtMjYzYjQwNDAyNDgxXkEyXkFqcGdeQXVyMTU1OTMyNDc5._V1_.jpg","C:\\Users\\asus\\AppData\\Roaming\\Trak\\data\\Film-StarWars_EpisodeIV-ANewHope\\assets\\MV5BOGIwYmZjOTgtZTdhNC00YmVjLWFiNzEtNGQ4OTY4NDJjN2JmXkEyXkFqcGdeQXVyNTcwMzc4Nw@@._V1_.jpg","C:\\Users\\asus\\AppData\\Roaming\\Trak\\data\\Film-StarWars_EpisodeIV-ANewHope\\assets\\MV5BODc3YzE5NzMtZTM1Yy00OTRlLTliYzYtZDVjYzI0ZmFkY2JhXkEyXkFqcGdeQXVyNzEyNjUwMTA@._V1_.jpg","C:\\Users\\asus\\AppData\\Roaming\\Trak\\data\\Film-StarWars_EpisodeIV-ANewHope\\assets\\MV5BNDA2NTlmMzMtZDY0NC00NDBiLTliZTEtMzllNmRlZTFkMmRhXkEyXkFqcGdeQXVyNzEyNjUwMTA@._V1_.jpg","C:\\Users\\asus\\AppData\\Roaming\\Trak\\data\\Film-StarWars_EpisodeIV-ANewHope\\assets\\MV5BM2M3NjczOGQtMzdhMC00ZTEyLTliMDEtZDNkMGVjMmExODhlXkEyXkFqcGdeQXVyMzUwNDIxMjQ@._V1_.jpg","C:\\Users\\asus\\AppData\\Roaming\\Trak\\data\\Film-StarWars_EpisodeIV-ANewHope\\assets\\MV5BZTQxYmUxMWUtZGQyYi00MGZiLWFlZTItM2Q0YmY0NzM5Y2IxXkEyXkFqcGdeQXVyMjI0NTA4NzA@._V1_.jpg","C:\\Users\\asus\\AppData\\Roaming\\Trak\\data\\Film-StarWars_EpisodeIV-ANewHope\\assets\\MV5BMzA0NjdmNTUtMTdhMC00YjM1LThmMjQtY2FlNDc5OGYwNTNjXkEyXkFqcGdeQXVyMTM0NjUzMDcx._V1_.jpg","C:\\Users\\asus\\AppData\\Roaming\\Trak\\data\\Film-StarWars_EpisodeIV-ANewHope\\assets\\MV5BMTljMGJiMDgtYTkzNS00Y2FlLWFkN2QtMGFkZDI2MTIxYjM3XkEyXkFqcGdeQXVyNDUzOTQ5MjY@._V1_.jpg","C:\\Users\\asus\\AppData\\Roaming\\Trak\\data\\Film-StarWars_EpisodeIV-ANewHope\\assets\\MV5BZDc0NGEwYjAtY2MyMC00MTZmLTg2YjItNGEyMGUyNTM1Yzc0XkEyXkFqcGdeQXVyNzEyNjUwMTA@._V1_.jpg","C:\\Users\\asus\\AppData\\Roaming\\Trak\\data\\Film-StarWars_EpisodeIV-ANewHope\\assets\\MV5BNWNmZjMxYTUtOGU5My00YTUzLWE5ODYtNDk3NjlmNDRhNjM3XkEyXkFqcGdeQXVyNzEyNjUwMTA@._V1_.jpg","C:\\Users\\asus\\AppData\\Roaming\\Trak\\data\\Film-StarWars_EpisodeIV-ANewHope\\assets\\MV5BODM2NDBhMzctZDUwZC00OTkwLWIzNDItN2FjZDE4Y2Y0ZTViXkEyXkFqcGdeQXVyNzEyNjUwMTA@._V1_.jpg","C:\\Users\\asus\\AppData\\Roaming\\Trak\\data\\Film-StarWars_EpisodeIV-ANewHope\\assets\\MV5BOWU4NWUzNjktOTM0OC00NzhlLWE2Y2EtNmU3ZGE1NjlkZTI3XkEyXkFqcGdeQXVyNzY1MTU0Njk@._V1_.jpg","C:\\Users\\asus\\AppData\\Roaming\\Trak\\data\\Film-StarWars_EpisodeIV-ANewHope\\assets\\MV5BNGQwYjdlODYtYmZiZC00M2UxLTgxMTEtNzhkN2JjNTIwNjBkXkEyXkFqcGdeQXVyNzY1MTU0Njk@._V1_.jpg","C:\\Users\\asus\\AppData\\Roaming\\Trak\\data\\Film-StarWars_EpisodeIV-ANewHope\\assets\\MV5BNjczY2VmZGQtNGU5OS00MTVhLTllZjMtNDM4NTcwNTA4ZjIwXkEyXkFqcGdeQXVyMjM4MzQ4OTQ@._V1_.jpg","C:\\Users\\asus\\AppData\\Roaming\\Trak\\data\\Film-StarWars_EpisodeIV-ANewHope\\assets\\MV5BMzBlMWEwNWEtZDUyMC00MzhiLWJhNTctMDM2YmZkZmE0MmIzXkEyXkFqcGdeQXVyMjUzOTY1NTc@._V1_.jpg","C:\\Users\\asus\\AppData\\Roaming\\Trak\\data\\Film-StarWars_EpisodeIV-ANewHope\\assets\\MV5BMTJhNTU3NDItN2RlZi00MTE0LWJkMGYtM2E4ZDVhYjFkZWY3XkEyXkFqcGdeQXVyMTQ4NDkxNTk4._V1_.jpg","C:\\Users\\asus\\AppData\\Roaming\\Trak\\data\\Film-StarWars_EpisodeIV-ANewHope\\assets\\MV5BZWNiY2M3ODMtOGU2Yi00NDJhLTk2ODYtYmY0ZDZhMDA1OGUzXkEyXkFqcGdeQXVyOTM4MTA0OTE@._V1_.jpg","C:\\Users\\asus\\AppData\\Roaming\\Trak\\data\\Film-StarWars_EpisodeIV-ANewHope\\assets\\MV5BZTQxODM4YTEtYjY4ZC00MTlmLWIyNzItYTE4NWRiMzVmNDcwXkEyXkFqcGdeQXVyOTM4MTA0OTE@._V1_.jpg","C:\\Users\\asus\\AppData\\Roaming\\Trak\\data\\Film-StarWars_EpisodeIV-ANewHope\\assets\\MV5BNzhmYWRkYWEtYWVlYi00YjdlLWFiMmQtMmMyOTk2Njc1ZjhiXkEyXkFqcGdeQXVyOTM4MTA0OTE@._V1_.jpg","C:\\Users\\asus\\AppData\\Roaming\\Trak\\data\\Film-StarWars_EpisodeIV-ANewHope\\assets\\MV5BNDZiNjg1NDktODg4OS00NjQ0LTllMWUtYzY2NmQzODkyZTFhXkEyXkFqcGdeQXVyOTM4MTA0OTE@._V1_.jpg","C:\\Users\\asus\\AppData\\Roaming\\Trak\\data\\Film-StarWars_EpisodeIV-ANewHope\\assets\\MV5BZGRkMTdkZGEtMWU3Ni00MjMwLTk2MTQtMWU4ZmI3NTFiMTEzXkEyXkFqcGdeQXVyMjY0MTU1MTI@._V1_.jpg","C:\\Users\\asus\\AppData\\Roaming\\Trak\\data\\Film-StarWars_EpisodeIV-ANewHope\\assets\\MV5BYzM3MGFkMTYtZjgxMi00ODVkLWIwMTctZTIzZDEyNWRiMTFjXkEyXkFqcGdeQXVyMTIzMzQ1ODg4._V1_.jpg","C:\\Users\\asus\\AppData\\Roaming\\Trak\\data\\Film-StarWars_EpisodeIV-ANewHope\\assets\\MV5BMzQwOTQxYjAtNTI5Yi00NWY2LTljMDktYjA3NzE4YmUzMjQyXkEyXkFqcGdeQXVyMjMyMzI4MzY@._V1_.jpg","C:\\Users\\asus\\AppData\\Roaming\\Trak\\data\\Film-StarWars_EpisodeIV-ANewHope\\assets\\MV5BNTBmYWQwMDktOWIxYy00MzNmLThlZDgtYTQ3ZGM4ZWYzYTMyXkEyXkFqcGdeQXVyNDMxNjY1NTU@._V1_.jpg","C:\\Users\\asus\\AppData\\Roaming\\Trak\\data\\Film-StarWars_EpisodeIV-ANewHope\\assets\\MV5BY2I5MmVlOTctNjA3ZS00MGM5LWI2ZDgtNzVjNDI3MTFiZjYyXkEyXkFqcGdeQXVyMTA3NTEwMzgy._V1_.jpg","C:\\Users\\asus\\AppData\\Roaming\\Trak\\data\\Film-StarWars_EpisodeIV-ANewHope\\assets\\MV5BY2I1NzljMDgtYTlmMi00NzIxLTkxZjEtZjViOWIwOTJhZDU4XkEyXkFqcGdeQXVyNDQxOTAyNA@@._V1_.jpg","C:\\Users\\asus\\AppData\\Roaming\\Trak\\data\\Film-StarWars_EpisodeIV-ANewHope\\assets\\MV5BOTA5NjhiOTAtZWM0ZC00MWNhLThiMzEtZDFkOTk2OTU1ZDJkXkEyXkFqcGdeQXVyMTA4NDI1NTQx._V1_.jpg","C:\\Users\\asus\\AppData\\Roaming\\Trak\\data\\Film-StarWars_EpisodeIV-ANewHope\\assets\\MV5BOGIzZTQ3MmUtNjJiMS00Mjc1LWE3NzktODljOGY2N2Q5MWMyXkEyXkFqcGdeQXVyNjkzNDY2NzA@._V1_.jpg","C:\\Users\\asus\\AppData\\Roaming\\Trak\\data\\Film-StarWars_EpisodeIV-ANewHope\\assets\\MV5BNDQ0YjAwM2UtMTE1My00YTliLWI5ZTgtYmJmMTc0NGM3ZTBmXkEyXkFqcGdeQXVyNjkzNDY2NzA@._V1_.jpg","C:\\Users\\asus\\AppData\\Roaming\\Trak\\data\\Film-StarWars_EpisodeIV-ANewHope\\assets\\MV5BMTMwNDEwNWUtMWYyZS00YTQ4LTgxYWUtYTg0MGQ0YTFlYWM0XkEyXkFqcGdeQXVyMjc1Njc4Mzk@._V1_.jpg","C:\\Users\\asus\\AppData\\Roaming\\Trak\\data\\Film-StarWars_EpisodeIV-ANewHope\\assets\\MV5BZjNiZjlmMTgtMWUwMC00MDZiLTljOTktNmRiMTRjMmI4YzMwXkEyXkFqcGdeQXVyMTgxOTIzNzk@._V1_.jpg","C:\\Users\\asus\\AppData\\Roaming\\Trak\\data\\Film-StarWars_EpisodeIV-ANewHope\\assets\\MV5BMTFmMmJmNGUtNDQ5My00M2ExLTk0ZDItNTg5OWQ3OGE1NmZkXkEyXkFqcGdeQXVyNjkxNzQ2NDI@._V1_.jpg","C:\\Users\\asus\\AppData\\Roaming\\Trak\\data\\Film-StarWars_EpisodeIV-ANewHope\\assets\\MV5BNTAxOTZlMGUtMzVjNC00ZDQ2LWJlZDktZDVhMGJhODJiZTQ0XkEyXkFqcGdeQXVyODE1NDM3MDQ@._V1_.jpg","C:\\Users\\asus\\AppData\\Roaming\\Trak\\data\\Film-StarWars_EpisodeIV-ANewHope\\assets\\MV5BNGQyY2NkZDYtZjVlMi00NmZlLWEyMGMtZGZiOGViZGZlZjdkXkEyXkFqcGdeQXVyODE1NDM3MDQ@._V1_.jpg","C:\\Users\\asus\\AppData\\Roaming\\Trak\\data\\Film-StarWars_EpisodeIV-ANewHope\\assets\\MV5BNzY0YWRkMWUtNjdkZC00YjM4LTk1NzktZDMzZDRmN2VmZGU4XkEyXkFqcGdeQXVyNzk3NDg3NTQ@._V1_.jpg","C:\\Users\\asus\\AppData\\Roaming\\Trak\\data\\Film-StarWars_EpisodeIV-ANewHope\\assets\\MV5BZjM0MGU5NzQtZDZhMS00ZTg5LTg1ZGYtMzFhOTEwNDk3Y2I2XkEyXkFqcGdeQXVyMzQ0NTgwMTQ@._V1_.jpg","C:\\Users\\asus\\AppData\\Roaming\\Trak\\data\\Film-StarWars_EpisodeIV-ANewHope\\assets\\MV5BNzViYTYzODMtOWQzZC00ODg3LTkwMGMtY2RjZDkxNmI3YzZmXkEyXkFqcGdeQXVyNzMzMjU5NDY@._V1_.jpg","C:\\Users\\asus\\AppData\\Roaming\\Trak\\data\\Film-StarWars_EpisodeIV-ANewHope\\assets\\MV5BNmIyMmQzZTctOWE2OS00NDhjLTgxYWItYzY2ZWFiZDQ1ZDQ1XkEyXkFqcGdeQXVyMzM4MjM0Nzg@._V1_.jpg","C:\\Users\\asus\\AppData\\Roaming\\Trak\\data\\Film-StarWars_EpisodeIV-ANewHope\\assets\\MV5BNWQ3YTUwMzQtNmE0MS00N2RkLTg1YWYtZDIzODEwZDdkODZmL2ltYWdlL2ltYWdlXkEyXkFqcGdeQXVyNjMxMjkwMjI@._V1_.jpg","C:\\Users\\asus\\AppData\\Roaming\\Trak\\data\\Film-StarWars_EpisodeIV-ANewHope\\assets\\MV5BOGU1ZTgzODktYjgwYy00MzZkLTk1ZWItOGRiMDRiNDZlOTIxL2ltYWdlL2ltYWdlXkEyXkFqcGdeQXVyNjMxMjkwMjI@._V1_.jpg","C:\\Users\\asus\\AppData\\Roaming\\Trak\\data\\Film-StarWars_EpisodeIV-ANewHope\\assets\\MV5BNTFiNDM5OTAtNTQ2NC00MDQ3LWExYjYtZGY2NzU0NTQ2NzRiL2ltYWdlL2ltYWdlXkEyXkFqcGdeQXVyNjMxMjkwMjI@._V1_.jpg","C:\\Users\\asus\\AppData\\Roaming\\Trak\\data\\Film-StarWars_EpisodeIV-ANewHope\\assets\\MV5BZWZmZWU2NjktYWQ5OS00ZWRmLWIzMmItMmNiOGUxM2Q4NzI2XkEyXkFqcGdeQXVyNjE1MDg3Mzk@._V1_.jpg","C:\\Users\\asus\\AppData\\Roaming\\Trak\\data\\Film-StarWars_EpisodeIV-ANewHope\\assets\\MV5BMDM1NmMxMzItYWUzMC00Yzc2LTk4MzctOTdkNDVhODY2N2MxXkEyXkFqcGdeQXVyNDQ0Mjg4NTY@._V1_.jpg","C:\\Users\\asus\\AppData\\Roaming\\Trak\\data\\Film-StarWars_EpisodeIV-ANewHope\\assets\\MV5BYjUxNzljMzctY2UyNy00NTNlLWE2NmYtNTk0MTk0M2IxNmE2XkEyXkFqcGdeQXVyMzM4MjM0Nzg@._V1_.jpg","C:\\Users\\asus\\AppData\\Roaming\\Trak\\data\\Film-StarWars_EpisodeIV-ANewHope\\assets\\MV5BMzQ4Yzk1ZTUtMGYyNS00ZTZkLWI1MjMtYjk5NGQxNmUxNmJiXkEyXkFqcGdeQXVyMzM4MjM0Nzg@._V1_.jpg","C:\\Users\\asus\\AppData\\Roaming\\Trak\\data\\Film-StarWars_EpisodeIV-ANewHope\\assets\\MV5BYWFlMzZmMGUtOThlNS00YzQ4LWFlZTUtYzE0ZmUyMGI1MjA4XkEyXkFqcGdeQXVyMDUyOTUyNQ@@._V1_.jpg","C:\\Users\\asus\\AppData\\Roaming\\Trak\\data\\Film-StarWars_EpisodeIV-ANewHope\\assets\\MV5BNGNiYzIwNzgtMGRjNS00MmRmLThjMWMtNmY5OWZhM2M5NDBlXkEyXkFqcGdeQXVyMDUyOTUyNQ@@._V1_.jpg","C:\\Users\\asus\\AppData\\Roaming\\Trak\\data\\Film-StarWars_EpisodeIV-ANewHope\\assets\\MV5BMjA1YmEwNGItMTgwOC00YjcwLWJkM2ItYjZiOThkNjc5MjRiXkEyXkFqcGdeQXVyMDUyOTUyNQ@@._V1_.jpg","C:\\Users\\asus\\AppData\\Roaming\\Trak\\data\\Film-StarWars_EpisodeIV-ANewHope\\assets\\MV5BOTIyMDY2NGQtOGJjNi00OTk4LWFhMDgtYmE3M2NiYzM0YTVmXkEyXkFqcGdeQXVyNTU1NTcwOTk@._V1_.jpg","C:\\Users\\asus\\AppData\\Roaming\\Trak\\data\\Film-StarWars_EpisodeIV-ANewHope\\assets\\MV5BNzYzZmE1ODktMGE1YS00OTNmLTg5MmUtNDA4ZjFhNTY4NGM4XkEyXkFqcGdeQXVyNTIzOTk5ODM@._V1_.jpg","C:\\Users\\asus\\AppData\\Roaming\\Trak\\data\\Film-StarWars_EpisodeIV-ANewHope\\assets\\MV5BZGMxOTU2NGEtM2FjMC00OWQwLWIwMmMtNjRjNGJjM2Y0NzBmXkEyXkFqcGdeQXVyMzM4MjM0Nzg@._V1_.jpg","C:\\Users\\asus\\AppData\\Roaming\\Trak\\data\\Film-StarWars_EpisodeIV-ANewHope\\assets\\MV5BNDZhNTUxY2EtMjE2Mi00YzY2LTg0YjMtYTAwYThiYTQ3ODAxXkEyXkFqcGdeQXVyMzM4MjM0Nzg@._V1_.jpg","C:\\Users\\asus\\AppData\\Roaming\\Trak\\data\\Film-StarWars_EpisodeIV-ANewHope\\assets\\MV5BMTk3MTkzNTk3Ml5BMl5BanBnXkFtZTgwOTcyMzQyNDM@._V1_.jpg","C:\\Users\\asus\\AppData\\Roaming\\Trak\\data\\Film-StarWars_EpisodeIV-ANewHope\\assets\\MV5BMjE1NzI5OTAwMl5BMl5BanBnXkFtZTgwMTgyMzQyNDM@._V1_.jpg","C:\\Users\\asus\\AppData\\Roaming\\Trak\\data\\Film-StarWars_EpisodeIV-ANewHope\\assets\\MV5BMjQwMjIzNTk3OF5BMl5BanBnXkFtZTgwMjgyMzQyNDM@._V1_.jpg","C:\\Users\\asus\\AppData\\Roaming\\Trak\\data\\Film-StarWars_EpisodeIV-ANewHope\\assets\\MV5BMjQ3NTM2Nzk2Ml5BMl5BanBnXkFtZTgwNDgyMzQyNDM@._V1_.jpg","C:\\Users\\asus\\AppData\\Roaming\\Trak\\data\\Film-StarWars_EpisodeIV-ANewHope\\assets\\MV5BMjUyNDE4MTAwOF5BMl5BanBnXkFtZTgwNTgyMzQyNDM@._V1_.jpg","C:\\Users\\asus\\AppData\\Roaming\\Trak\\data\\Film-StarWars_EpisodeIV-ANewHope\\assets\\MV5BMTkyODQ3ODE1MF5BMl5BanBnXkFtZTgwODgyMzQyNDM@._V1_.jpg","C:\\Users\\asus\\AppData\\Roaming\\Trak\\data\\Film-StarWars_EpisodeIV-ANewHope\\assets\\MV5BMjAxNDU1MjI0Nl5BMl5BanBnXkFtZTgwOTgyMzQyNDM@._V1_.jpg","C:\\Users\\asus\\AppData\\Roaming\\Trak\\data\\Film-StarWars_EpisodeIV-ANewHope\\assets\\MV5BMjA4OTEwNDM2Nl5BMl5BanBnXkFtZTgwNTcyMzQyNDM@._V1_.jpg","C:\\Users\\asus\\AppData\\Roaming\\Trak\\data\\Film-StarWars_EpisodeIV-ANewHope\\assets\\MV5BMTk3MDkyNzA1OV5BMl5BanBnXkFtZTgwNjcyMzQyNDM@._V1_.jpg","C:\\Users\\asus\\AppData\\Roaming\\Trak\\data\\Film-StarWars_EpisodeIV-ANewHope\\assets\\MV5BMTUyMjgzMjczOF5BMl5BanBnXkFtZTgwNzcyMzQyNDM@._V1_.jpg","C:\\Users\\asus\\AppData\\Roaming\\Trak\\data\\Film-StarWars_EpisodeIV-ANewHope\\assets\\MV5BMjQzMjEzNjUxOF5BMl5BanBnXkFtZTgwNTEwMzQyNDM@._V1_.jpg","C:\\Users\\asus\\AppData\\Roaming\\Trak\\data\\Film-StarWars_EpisodeIV-ANewHope\\assets\\MV5BNjA1OTMxNDg5N15BMl5BanBnXkFtZTgwMzUwMzg4MDI@._V1_.jpg","C:\\Users\\asus\\AppData\\Roaming\\Trak\\data\\Film-StarWars_EpisodeIV-ANewHope\\assets\\MV5BMTY3ODMzNTM4Nl5BMl5BanBnXkFtZTgwMDUyNTg2MDI@._V1_.jpg","C:\\Users\\asus\\AppData\\Roaming\\Trak\\data\\Film-StarWars_EpisodeIV-ANewHope\\assets\\MV5BMjQ3NzMzODM1NV5BMl5BanBnXkFtZTgwOTc1NjQ1MDI@._V1_.jpg","C:\\Users\\asus\\AppData\\Roaming\\Trak\\data\\Film-StarWars_EpisodeIV-ANewHope\\assets\\MV5BNTM0OTQ4MDA3M15BMl5BanBnXkFtZTgwMDg1NjQ1MDI@._V1_.jpg","C:\\Users\\asus\\AppData\\Roaming\\Trak\\data\\Film-StarWars_EpisodeIV-ANewHope\\assets\\MV5BMTgzMjE2NzMyMl5BMl5BanBnXkFtZTgwMTg1NjQ1MDI@._V1_.jpg","C:\\Users\\asus\\AppData\\Roaming\\Trak\\data\\Film-StarWars_EpisodeIV-ANewHope\\assets\\MV5BMjE1OTc1OTEwNl5BMl5BanBnXkFtZTgwMjg1NjQ1MDI@._V1_.jpg","C:\\Users\\asus\\AppData\\Roaming\\Trak\\data\\Film-StarWars_EpisodeIV-ANewHope\\assets\\MV5BNTUzMjg2NDg3OV5BMl5BanBnXkFtZTgwMzg1NjQ1MDI@._V1_.jpg","C:\\Users\\asus\\AppData\\Roaming\\Trak\\data\\Film-StarWars_EpisodeIV-ANewHope\\assets\\MV5BODg5MTQyODUyOV5BMl5BanBnXkFtZTgwMTQyNzM3OTE@._V1_.jpg","C:\\Users\\asus\\AppData\\Roaming\\Trak\\data\\Film-StarWars_EpisodeIV-ANewHope\\assets\\MV5BMTY1NDc5NDQzNl5BMl5BanBnXkFtZTgwNzQxNzM3OTE@._V1_.jpg","C:\\Users\\asus\\AppData\\Roaming\\Trak\\data\\Film-StarWars_EpisodeIV-ANewHope\\assets\\MV5BMjEyMjcwODc4MV5BMl5BanBnXkFtZTgwMTIxNzM3OTE@._V1_.jpg","C:\\Users\\asus\\AppData\\Roaming\\Trak\\data\\Film-StarWars_EpisodeIV-ANewHope\\assets\\MV5BODgyMDA5NzA0MV5BMl5BanBnXkFtZTgwNDgwNzM3OTE@._V1_.jpg","C:\\Users\\asus\\AppData\\Roaming\\Trak\\data\\Film-StarWars_EpisodeIV-ANewHope\\assets\\MV5BMjExMzg4MzYyOF5BMl5BanBnXkFtZTgwOTU5NjM3OTE@._V1_.jpg","C:\\Users\\asus\\AppData\\Roaming\\Trak\\data\\Film-StarWars_EpisodeIV-ANewHope\\assets\\MV5BMjM2NDY1OTg5OV5BMl5BanBnXkFtZTgwMzQ5NjM3OTE@._V1_.jpg","C:\\Users\\asus\\AppData\\Roaming\\Trak\\data\\Film-StarWars_EpisodeIV-ANewHope\\assets\\MV5BNDk5NTE5MzEyOF5BMl5BanBnXkFtZTgwNDk4NjM3OTE@._V1_.jpg","C:\\Users\\asus\\AppData\\Roaming\\Trak\\data\\Film-StarWars_EpisodeIV-ANewHope\\assets\\MV5BMjY4Mjk2OTgwNF5BMl5BanBnXkFtZTgwOTY4NjM3OTE@._V1_.jpg","C:\\Users\\asus\\AppData\\Roaming\\Trak\\data\\Film-StarWars_EpisodeIV-ANewHope\\assets\\MV5BMjMyMzA1OTU3OF5BMl5BanBnXkFtZTgwNjQ4NjM3OTE@._V1_.jpg","C:\\Users\\asus\\AppData\\Roaming\\Trak\\data\\Film-StarWars_EpisodeIV-ANewHope\\assets\\MV5BMTczNjc4MTAxMl5BMl5BanBnXkFtZTgwMjA4NjM3OTE@._V1_.jpg","C:\\Users\\asus\\AppData\\Roaming\\Trak\\data\\Film-StarWars_EpisodeIV-ANewHope\\assets\\MV5BODQzMTk0ODE3OV5BMl5BanBnXkFtZTgwODU3NjM3OTE@._V1_.jpg","C:\\Users\\asus\\AppData\\Roaming\\Trak\\data\\Film-StarWars_EpisodeIV-ANewHope\\assets\\MV5BMTU1MjY5Njk2OF5BMl5BanBnXkFtZTgwMjQ3NjM3OTE@._V1_.jpg","C:\\Users\\asus\\AppData\\Roaming\\Trak\\data\\Film-StarWars_EpisodeIV-ANewHope\\assets\\MV5BMTU1ODc5MDI2MF5BMl5BanBnXkFtZTgwMTE3NjM3OTE@._V1_.jpg","C:\\Users\\asus\\AppData\\Roaming\\Trak\\data\\Film-StarWars_EpisodeIV-ANewHope\\assets\\MV5BMTY1NTgxMTQ4N15BMl5BanBnXkFtZTgwOTY1NjM3OTE@._V1_.jpg","C:\\Users\\asus\\AppData\\Roaming\\Trak\\data\\Film-StarWars_EpisodeIV-ANewHope\\assets\\MV5BMTY0NDg5ODAwM15BMl5BanBnXkFtZTgwNzM1NjM3OTE@._V1_.jpg","C:\\Users\\asus\\AppData\\Roaming\\Trak\\data\\Film-StarWars_EpisodeIV-ANewHope\\assets\\MV5BMTg0NTE3ODg4OF5BMl5BanBnXkFtZTgwMTg0NjM3OTE@._V1_.jpg","C:\\Users\\asus\\AppData\\Roaming\\Trak\\data\\Film-StarWars_EpisodeIV-ANewHope\\assets\\MV5BMjI4NzE0MTkwNl5BMl5BanBnXkFtZTgwMjAzNjM3OTE@._V1_.jpg","C:\\Users\\asus\\AppData\\Roaming\\Trak\\data\\Film-StarWars_EpisodeIV-ANewHope\\assets\\MV5BMjA1MjQyNjU5MV5BMl5BanBnXkFtZTgwNTc1NjI1NTE@._V1_.jpg","C:\\Users\\asus\\AppData\\Roaming\\Trak\\data\\Film-StarWars_EpisodeIV-ANewHope\\assets\\MV5BMjM0MzI0NjkwN15BMl5BanBnXkFtZTgwNzc2NDE4MjE@._V1_.jpg","C:\\Users\\asus\\AppData\\Roaming\\Trak\\data\\Film-StarWars_EpisodeIV-ANewHope\\assets\\MV5BNjc1MjQ4NDYxOF5BMl5BanBnXkFtZTcwODExMzA4NA@@._V1_.jpg","C:\\Users\\asus\\AppData\\Roaming\\Trak\\data\\Film-StarWars_EpisodeIV-ANewHope\\assets\\MV5BMTQyMjI5OTM5M15BMl5BanBnXkFtZTcwOTExMzA4NA@@._V1_.jpg","C:\\Users\\asus\\AppData\\Roaming\\Trak\\data\\Film-StarWars_EpisodeIV-ANewHope\\assets\\MV5BMTcwNjM5NDU4NV5BMl5BanBnXkFtZTcwMjIxMzA4NA@@._V1_.jpg","C:\\Users\\asus\\AppData\\Roaming\\Trak\\data\\Film-StarWars_EpisodeIV-ANewHope\\assets\\MV5BMTMzNDQwMjAzOV5BMl5BanBnXkFtZTcwNDIxMzA4NA@@._V1_.jpg","C:\\Users\\asus\\AppData\\Roaming\\Trak\\data\\Film-StarWars_EpisodeIV-ANewHope\\assets\\MV5BNDYwNTg5MTEwMF5BMl5BanBnXkFtZTcwNTIxMzA4NA@@._V1_.jpg","C:\\Users\\asus\\AppData\\Roaming\\Trak\\data\\Film-StarWars_EpisodeIV-ANewHope\\assets\\MV5BMTgwMDI3MDc5NV5BMl5BanBnXkFtZTcwNjIxMzA4NA@@._V1_.jpg","C:\\Users\\asus\\AppData\\Roaming\\Trak\\data\\Film-StarWars_EpisodeIV-ANewHope\\assets\\MV5BMTQ5OTgxNDAxNF5BMl5BanBnXkFtZTcwODIxMzA4NA@@._V1_.jpg","C:\\Users\\asus\\AppData\\Roaming\\Trak\\data\\Film-StarWars_EpisodeIV-ANewHope\\assets\\MV5BMTYzOTE1ODI5NF5BMl5BanBnXkFtZTcwMTMxMzA4NA@@._V1_.jpg","C:\\Users\\asus\\AppData\\Roaming\\Trak\\data\\Film-StarWars_EpisodeIV-ANewHope\\assets\\MV5BMTQ5ODExMzA3Ml5BMl5BanBnXkFtZTcwMzMxMzA4NA@@._V1_.jpg","C:\\Users\\asus\\AppData\\Roaming\\Trak\\data\\Film-StarWars_EpisodeIV-ANewHope\\assets\\MV5BMTgxNjE0NjQzNV5BMl5BanBnXkFtZTcwNDMxMzA4NA@@._V1_.jpg","C:\\Users\\asus\\AppData\\Roaming\\Trak\\data\\Film-StarWars_EpisodeIV-ANewHope\\assets\\MV5BMTY5MjUyODUxOF5BMl5BanBnXkFtZTcwNTMxMzA4NA@@._V1_.jpg","C:\\Users\\asus\\AppData\\Roaming\\Trak\\data\\Film-StarWars_EpisodeIV-ANewHope\\assets\\MV5BMTM2OTQxNjU1Ml5BMl5BanBnXkFtZTcwNjMxMzA4NA@@._V1_.jpg","C:\\Users\\asus\\AppData\\Roaming\\Trak\\data\\Film-StarWars_EpisodeIV-ANewHope\\assets\\MV5BMzc1OTM4NzYxNV5BMl5BanBnXkFtZTcwODMxMzA4NA@@._V1_.jpg","C:\\Users\\asus\\AppData\\Roaming\\Trak\\data\\Film-StarWars_EpisodeIV-ANewHope\\assets\\MV5BMTk5MjgyNTk4OV5BMl5BanBnXkFtZTcwOTMxMzA4NA@@._V1_.jpg","C:\\Users\\asus\\AppData\\Roaming\\Trak\\data\\Film-StarWars_EpisodeIV-ANewHope\\assets\\MV5BMTMyODY4MzM1MF5BMl5BanBnXkFtZTcwMDQxMzA4NA@@._V1_.jpg","C:\\Users\\asus\\AppData\\Roaming\\Trak\\data\\Film-StarWars_EpisodeIV-ANewHope\\assets\\MV5BMTQ3NDU5NTI1OF5BMl5BanBnXkFtZTcwNzgxMTIyMw@@._V1_.jpg","C:\\Users\\asus\\AppData\\Roaming\\Trak\\data\\Film-StarWars_EpisodeIV-ANewHope\\assets\\MV5BMTM0MDkzNTAyOV5BMl5BanBnXkFtZTcwODgxMTIyMw@@._V1_.jpg","C:\\Users\\asus\\AppData\\Roaming\\Trak\\data\\Film-StarWars_EpisodeIV-ANewHope\\assets\\MV5BMTM5OTYzMTk4Nl5BMl5BanBnXkFtZTcwOTgxMTIyMw@@._V1_.jpg","C:\\Users\\asus\\AppData\\Roaming\\Trak\\data\\Film-StarWars_EpisodeIV-ANewHope\\assets\\MV5BNTg5NDQ2ODI5OF5BMl5BanBnXkFtZTcwMDkxMTIyMw@@._V1_.jpg","C:\\Users\\asus\\AppData\\Roaming\\Trak\\data\\Film-StarWars_EpisodeIV-ANewHope\\assets\\MV5BMTMxMDE3NjU5NV5BMl5BanBnXkFtZTcwMTkxMTIyMw@@._V1_.jpg","C:\\Users\\asus\\AppData\\Roaming\\Trak\\data\\Film-StarWars_EpisodeIV-ANewHope\\assets\\MV5BMjE4OTg0ODAxNl5BMl5BanBnXkFtZTcwMjkxMTIyMw@@._V1_.jpg","C:\\Users\\asus\\AppData\\Roaming\\Trak\\data\\Film-StarWars_EpisodeIV-ANewHope\\assets\\MV5BMTM0MjIyMTQxOF5BMl5BanBnXkFtZTcwNDkxMTIyMw@@._V1_.jpg","C:\\Users\\asus\\AppData\\Roaming\\Trak\\data\\Film-StarWars_EpisodeIV-ANewHope\\assets\\MV5BMTc5Mjc1NTUwOV5BMl5BanBnXkFtZTcwNTkxMTIyMw@@._V1_.jpg","C:\\Users\\asus\\AppData\\Roaming\\Trak\\data\\Film-StarWars_EpisodeIV-ANewHope\\assets\\MV5BMjEyMjI5NjUyNF5BMl5BanBnXkFtZTcwNjkxMTIyMw@@._V1_.jpg","C:\\Users\\asus\\AppData\\Roaming\\Trak\\data\\Film-StarWars_EpisodeIV-ANewHope\\assets\\MV5BMTcxMzIyOTI1M15BMl5BanBnXkFtZTcwNzkxMTIyMw@@._V1_.jpg","C:\\Users\\asus\\AppData\\Roaming\\Trak\\data\\Film-StarWars_EpisodeIV-ANewHope\\assets\\MV5BMTM2MjQ0MjM0Nl5BMl5BanBnXkFtZTcwODkxMTIyMw@@._V1_.jpg","C:\\Users\\asus\\AppData\\Roaming\\Trak\\data\\Film-StarWars_EpisodeIV-ANewHope\\assets\\MV5BMTc4NTQ0NDQ5NF5BMl5BanBnXkFtZTcwOTkxMTIyMw@@._V1_.jpg","C:\\Users\\asus\\AppData\\Roaming\\Trak\\data\\Film-StarWars_EpisodeIV-ANewHope\\assets\\MV5BMTM5NTMzNjA1MF5BMl5BanBnXkFtZTcwMDAyMTIyMw@@._V1_.jpg","C:\\Users\\asus\\AppData\\Roaming\\Trak\\data\\Film-StarWars_EpisodeIV-ANewHope\\assets\\MV5BMTQwNzE1NTU3NF5BMl5BanBnXkFtZTcwMTAyMTIyMw@@._V1_.jpg","C:\\Users\\asus\\AppData\\Roaming\\Trak\\data\\Film-StarWars_EpisodeIV-ANewHope\\assets\\MV5BMTI3NjM1MTM3N15BMl5BanBnXkFtZTcwMjAyMTIyMw@@._V1_.jpg","C:\\Users\\asus\\AppData\\Roaming\\Trak\\data\\Film-StarWars_EpisodeIV-ANewHope\\assets\\MV5BMTMxOTc4MzU1OV5BMl5BanBnXkFtZTcwMzAyMTIyMw@@._V1_.jpg","C:\\Users\\asus\\AppData\\Roaming\\Trak\\data\\Film-StarWars_EpisodeIV-ANewHope\\assets\\MV5BMTY5NDg4NjI1Nl5BMl5BanBnXkFtZTcwNDAyMTIyMw@@._V1_.jpg","C:\\Users\\asus\\AppData\\Roaming\\Trak\\data\\Film-StarWars_EpisodeIV-ANewHope\\assets\\MV5BMTM2NDg1MzA2M15BMl5BanBnXkFtZTcwNTAyMTIyMw@@._V1_.jpg","C:\\Users\\asus\\AppData\\Roaming\\Trak\\data\\Film-StarWars_EpisodeIV-ANewHope\\assets\\MV5BMTg1NjY5MTAwMl5BMl5BanBnXkFtZTcwNjAyMTIyMw@@._V1_.jpg","C:\\Users\\asus\\AppData\\Roaming\\Trak\\data\\Film-StarWars_EpisodeIV-ANewHope\\assets\\MV5BMjE4NzEyNzExNF5BMl5BanBnXkFtZTcwNzAyMTIyMw@@._V1_.jpg","C:\\Users\\asus\\AppData\\Roaming\\Trak\\data\\Film-StarWars_EpisodeIV-ANewHope\\assets\\MV5BNDQ2NzM4MDkxN15BMl5BanBnXkFtZTcwODAyMTIyMw@@._V1_.jpg","C:\\Users\\asus\\AppData\\Roaming\\Trak\\data\\Film-StarWars_EpisodeIV-ANewHope\\assets\\MV5BMTM0NDE4NTc0OF5BMl5BanBnXkFtZTcwOTAyMTIyMw@@._V1_.jpg","C:\\Users\\asus\\AppData\\Roaming\\Trak\\data\\Film-StarWars_EpisodeIV-ANewHope\\assets\\MV5BOTQxMDE4MjgxNl5BMl5BanBnXkFtZTcwMDEyMTIyMw@@._V1_.jpg","C:\\Users\\asus\\AppData\\Roaming\\Trak\\data\\Film-StarWars_EpisodeIV-ANewHope\\assets\\MV5BMTMyNTc2MjEyN15BMl5BanBnXkFtZTcwMTEyMTIyMw@@._V1_.jpg","C:\\Users\\asus\\AppData\\Roaming\\Trak\\data\\Film-StarWars_EpisodeIV-ANewHope\\assets\\MV5BOTcwMTg0NDcxMl5BMl5BanBnXkFtZTcwMjEyMTIyMw@@._V1_.jpg","C:\\Users\\asus\\AppData\\Roaming\\Trak\\data\\Film-StarWars_EpisodeIV-ANewHope\\assets\\MV5BMTU4NTczODkwM15BMl5BanBnXkFtZTcwMzEyMTIyMw@@._V1_.jpg","C:\\Users\\asus\\AppData\\Roaming\\Trak\\data\\Film-StarWars_EpisodeIV-ANewHope\\assets\\MV5BMjExNzM2MzQxN15BMl5BanBnXkFtZTcwNDEyMTIyMw@@._V1_.jpg","C:\\Users\\asus\\AppData\\Roaming\\Trak\\data\\Film-StarWars_EpisodeIV-ANewHope\\assets\\MV5BNTY1MDc1MDkxOF5BMl5BanBnXkFtZTcwNTEyMTIyMw@@._V1_.jpg","C:\\Users\\asus\\AppData\\Roaming\\Trak\\data\\Film-StarWars_EpisodeIV-ANewHope\\assets\\MV5BMjIzNzA2Mzk2MF5BMl5BanBnXkFtZTcwNjEyMTIyMw@@._V1_.jpg","C:\\Users\\asus\\AppData\\Roaming\\Trak\\data\\Film-StarWars_EpisodeIV-ANewHope\\assets\\MV5BMTk3MTExNjIwN15BMl5BanBnXkFtZTcwNzEyMTIyMw@@._V1_.jpg","C:\\Users\\asus\\AppData\\Roaming\\Trak\\data\\Film-StarWars_EpisodeIV-ANewHope\\assets\\MV5BMTM2OTkwOTAyM15BMl5BanBnXkFtZTcwODEyMTIyMw@@._V1_.jpg","C:\\Users\\asus\\AppData\\Roaming\\Trak\\data\\Film-StarWars_EpisodeIV-ANewHope\\assets\\MV5BMTM5Nzk3MzMyM15BMl5BanBnXkFtZTcwOTEyMTIyMw@@._V1_.jpg","C:\\Users\\asus\\AppData\\Roaming\\Trak\\data\\Film-StarWars_EpisodeIV-ANewHope\\assets\\MV5BMTY2NTU2MDc2NF5BMl5BanBnXkFtZTcwMTIyMTIyMw@@._V1_.jpg","C:\\Users\\asus\\AppData\\Roaming\\Trak\\data\\Film-StarWars_EpisodeIV-ANewHope\\assets\\MV5BMjIxNDc0OTU4N15BMl5BanBnXkFtZTcwMjIyMTIyMw@@._V1_.jpg","C:\\Users\\asus\\AppData\\Roaming\\Trak\\data\\Film-StarWars_EpisodeIV-ANewHope\\assets\\MV5BMTI5MTc3MTAzMV5BMl5BanBnXkFtZTcwMzIyMTIyMw@@._V1_.jpg","C:\\Users\\asus\\AppData\\Roaming\\Trak\\data\\Film-StarWars_EpisodeIV-ANewHope\\assets\\MV5BMTEwNjE1MzYwNDNeQTJeQWpwZ15BbWU3MDQyMjEyMjM@._V1_.jpg","C:\\Users\\asus\\AppData\\Roaming\\Trak\\data\\Film-StarWars_EpisodeIV-ANewHope\\assets\\MV5BMTMzMzM4NzkzOV5BMl5BanBnXkFtZTcwNjIyMTIyMw@@._V1_.jpg","C:\\Users\\asus\\AppData\\Roaming\\Trak\\data\\Film-StarWars_EpisodeIV-ANewHope\\assets\\MV5BN2UxZWNmNjQtYmNlYy00MDk3LTgzNGMtNTUyZTE5MTJlNmQzXkEyXkFqcGdeQXVyMjQwMDg0Ng@@._V1_.jpg","C:\\Users\\asus\\AppData\\Roaming\\Trak\\data\\Film-StarWars_EpisodeIV-ANewHope\\assets\\MV5BMTgwMjc5NjIzM15BMl5BanBnXkFtZTYwMDI4OTE2._V1_.jpg","C:\\Users\\asus\\AppData\\Roaming\\Trak\\data\\Film-StarWars_EpisodeIV-ANewHope\\assets\\MV5BMTMyNjIyNTkyNV5BMl5BanBnXkFtZTYwODI4OTE2._V1_.jpg","C:\\Users\\asus\\AppData\\Roaming\\Trak\\data\\Film-StarWars_EpisodeIV-ANewHope\\assets\\MV5BMTIzMDIyMjU5Ml5BMl5BanBnXkFtZTYwMTQ4OTE2._V1_.jpg","C:\\Users\\asus\\AppData\\Roaming\\Trak\\data\\Film-StarWars_EpisodeIV-ANewHope\\assets\\MV5BMTczMzUwNjIxNl5BMl5BanBnXkFtZTYwMzQ4OTE2._V1_.jpg","C:\\Users\\asus\\AppData\\Roaming\\Trak\\data\\Film-StarWars_EpisodeIV-ANewHope\\assets\\MV5BMTkzMjQ0MjUwN15BMl5BanBnXkFtZTYwNTQ4OTE2._V1_.jpg","C:\\Users\\asus\\AppData\\Roaming\\Trak\\data\\Film-StarWars_EpisodeIV-ANewHope\\assets\\MV5BMTIyMjc5ODcxOV5BMl5BanBnXkFtZTYwODU4OTE2._V1_.jpg","C:\\Users\\asus\\AppData\\Roaming\\Trak\\data\\Film-StarWars_EpisodeIV-ANewHope\\assets\\MV5BMTkyNTA2NDYwOV5BMl5BanBnXkFtZTYwMTY4OTE2._V1_.jpg","C:\\Users\\asus\\AppData\\Roaming\\Trak\\data\\Film-StarWars_EpisodeIV-ANewHope\\assets\\MV5BNGJjOGVkOGItMDgwZC00YTczLThhMzQtNzAyZmMwOGY5NmJhXkEyXkFqcGdeQXVyMTQwODQwMzAy._V1_.jpg","C:\\Users\\asus\\AppData\\Roaming\\Trak\\data\\Film-StarWars_EpisodeIV-ANewHope\\assets\\MV5BZmUzMWVkNmEtMzYwNi00YThmLTk0YzUtMjY0MDk3Y2U2NWNiXkEyXkFqcGdeQXVyMTU2MzcxNDc4._V1_.jpg","C:\\Users\\asus\\AppData\\Roaming\\Trak\\data\\Film-StarWars_EpisodeIV-ANewHope\\assets\\MV5BZGQ1NTlhODAtOWI4Zi00YmUwLThlNjgtYWMwMGVmY2Q1MmQ3XkEyXkFqcGdeQXVyMTU2MzcxNDc4._V1_.jpg","C:\\Users\\asus\\AppData\\Roaming\\Trak\\data\\Film-StarWars_EpisodeIV-ANewHope\\assets\\MV5BMzQ3NGUxNmQtNDVjNC00OWRmLWIxNDQtNjM1ZGU3YTI5NzEyXkEyXkFqcGdeQXVyMjE5MzM3MjA@._V1_.jpg","C:\\Users\\asus\\AppData\\Roaming\\Trak\\data\\Film-StarWars_EpisodeIV-ANewHope\\assets\\MV5BM2Y4ODY2ZmQtOTg1Mi00ZGQ5LWEwZjMtOGU3MWE2MGI1OTRjXkEyXkFqcGdeQXVyMjE5MzM3MjA@._V1_.jpg","C:\\Users\\asus\\AppData\\Roaming\\Trak\\data\\Film-StarWars_EpisodeIV-ANewHope\\assets\\MV5BZGM5Y2Q3ODYtYTE3MC00NDIwLTg3NTYtM2Q0NjZiMjEyZjYyXkEyXkFqcGdeQXVyMTA3NTczOTIx._V1_.jpg","C:\\Users\\asus\\AppData\\Roaming\\Trak\\data\\Film-StarWars_EpisodeIV-ANewHope\\assets\\MV5BNmFmMjk3MDAtYzIwMy00ZTNhLWIxMTctYTU5NzVjMWZiZjk5XkEyXkFqcGdeQXVyODg0NTYwMjM@._V1_.jpg","C:\\Users\\asus\\AppData\\Roaming\\Trak\\data\\Film-StarWars_EpisodeIV-ANewHope\\assets\\MV5BYzg4YTA0NWYtYWRmNy00NDUzLWFmODctYmM2MzlhMmFlNDljXkEyXkFqcGdeQXVyNjczOTE0MzM@._V1_.jpg","C:\\Users\\asus\\AppData\\Roaming\\Trak\\data\\Film-StarWars_EpisodeIV-ANewHope\\assets\\MV5BMWVkOGRjYzctMjNlYi00OWU3LWI3YjEtYWQ2YzRkNzFhMGYyXkEyXkFqcGdeQXVyNTI4MjkxMDE@._V1_.jpg","C:\\Users\\asus\\AppData\\Roaming\\Trak\\data\\Film-StarWars_EpisodeIV-ANewHope\\assets\\MV5BZDllMjFhYWItYWI4OS00YTUwLThkODEtZDJhYzlhODgzMDJhXkEyXkFqcGdeQXVyNjczOTE0MzM@._V1_.jpg","C:\\Users\\asus\\AppData\\Roaming\\Trak\\data\\Film-StarWars_EpisodeIV-ANewHope\\assets\\MV5BZDNjMjljOTctNDhmNi00YTY3LWE2NjMtN2I4OGQwYzFkZTI4XkEyXkFqcGdeQXVyNzI1NzMxNzM@._V1_.jpg","C:\\Users\\asus\\AppData\\Roaming\\Trak\\data\\Film-StarWars_EpisodeIV-ANewHope\\assets\\MV5BZDI5MzE2OTYtMzY2My00ODA0LThhNGMtYWQzYzBhYTRiYzMyXkEyXkFqcGdeQXVyNzI1NzMxNzM@._V1_.jpg","C:\\Users\\asus\\AppData\\Roaming\\Trak\\data\\Film-StarWars_EpisodeIV-ANewHope\\assets\\MV5BNDZlM2ZhOTAtNGIzOS00ZTZkLTg1MDgtYTc0YjBiZGU5Yzg5XkEyXkFqcGdeQXVyNjk1NTA0ODY@._V1_.jpg","C:\\Users\\asus\\AppData\\Roaming\\Trak\\data\\Film-StarWars_EpisodeIV-ANewHope\\assets\\MV5BODRmZjUzZjMtMzAzMS00MzgzLWIxOWYtZWZmNTM0ODk4ZGU4XkEyXkFqcGdeQXVyMDU5NDcxNw@@._V1_.jpg","C:\\Users\\asus\\AppData\\Roaming\\Trak\\data\\Film-StarWars_EpisodeIV-ANewHope\\assets\\MV5BYTc3ZmM5MzItZTY4Yy00MGM5LWI5MjEtYmMzMDQzZDFkZTZmXkEyXkFqcGdeQXVyMDU5NDcxNw@@._V1_.jpg","C:\\Users\\asus\\AppData\\Roaming\\Trak\\data\\Film-StarWars_EpisodeIV-ANewHope\\assets\\MV5BMGFhNzhhNzEtMDU1Zi00OTkzLTk3OWUtZDIzYzRjZjc5MzRjXkEyXkFqcGdeQXVyODI0NjI4ODA@._V1_.jpg","C:\\Users\\asus\\AppData\\Roaming\\Trak\\data\\Film-StarWars_EpisodeIV-ANewHope\\assets\\MV5BZGRlZGRkNzYtMGYwNC00MTAwLWI1MTQtNThjYWZiNTEwNWJiXkEyXkFqcGdeQXVyMTcwNTE1Ng@@._V1_.jpg","C:\\Users\\asus\\AppData\\Roaming\\Trak\\data\\Film-StarWars_EpisodeIV-ANewHope\\assets\\MV5BN2VmOWExYTItZjhlZS00NTM4LWIzZTUtMDI1YWFjYzk1NGI5XkEyXkFqcGdeQXVyMTcwNTE1Ng@@._V1_.jpg","C:\\Users\\asus\\AppData\\Roaming\\Trak\\data\\Film-StarWars_EpisodeIV-ANewHope\\assets\\MV5BNDZiYmRkNDItMzFmYy00YzFmLWIxMDMtMzhhYjE0NWFhNTY0XkEyXkFqcGdeQXVyNTAyNDQ2NjI@._V1_.jpg","C:\\Users\\asus\\AppData\\Roaming\\Trak\\data\\Film-StarWars_EpisodeIV-ANewHope\\assets\\MV5BYWEzNmE0MzItY2Q1Ni00MDk0LThjMWEtYjc5OWRhYzY4ZmMxXkEyXkFqcGdeQXVyNjUxMjc1OTM@._V1_.jpg","C:\\Users\\asus\\AppData\\Roaming\\Trak\\data\\Film-StarWars_EpisodeIV-ANewHope\\assets\\MV5BY2QxNmQ0YjItNTk1ZS00MmVlLTg1MTUtOGQ3ODk3NGJhNDA4XkEyXkFqcGdeQXVyNjUxMjc1OTM@._V1_.jpg","C:\\Users\\asus\\AppData\\Roaming\\Trak\\data\\Film-StarWars_EpisodeIV-ANewHope\\assets\\MV5BYmY1OGNkZWUtZDhlMi00MDc5LWFlY2YtNzk0MGIwZGIxNzYzXkEyXkFqcGdeQXVyNjUxMjc1OTM@._V1_.jpg","C:\\Users\\asus\\AppData\\Roaming\\Trak\\data\\Film-StarWars_EpisodeIV-ANewHope\\assets\\MV5BNTVmNzc4MGItZDEwNi00ZTE3LWFjYTMtOWRjNTU5NDFjMjk4XkEyXkFqcGdeQXVyNjUxMjc1OTM@._V1_.jpg","C:\\Users\\asus\\AppData\\Roaming\\Trak\\data\\Film-StarWars_EpisodeIV-ANewHope\\assets\\MV5BZDQ5MjMwZjItMmIzMS00NjhmLTljMjktY2VmMmZkZjhhZjgwXkEyXkFqcGdeQXVyNjUxMjc1OTM@._V1_.jpg","C:\\Users\\asus\\AppData\\Roaming\\Trak\\data\\Film-StarWars_EpisodeIV-ANewHope\\assets\\MV5BMDljMmIzYWUtZTkwMy00YzU3LWJhMDEtMzkwYTdhZWRhNDY2XkEyXkFqcGdeQXVyNjUxMjc1OTM@._V1_.jpg","C:\\Users\\asus\\AppData\\Roaming\\Trak\\data\\Film-StarWars_EpisodeIV-ANewHope\\assets\\MV5BMGMzYjI2MjItZjE4YS00YmM5LTgzNGItY2JlMmJmZTQyNTE3XkEyXkFqcGdeQXVyNjUxMjc1OTM@._V1_.jpg","C:\\Users\\asus\\AppData\\Roaming\\Trak\\data\\Film-StarWars_EpisodeIV-ANewHope\\assets\\MV5BMGY2YWNlNmEtZDQ2MS00MTlmLWIxMWUtNmUzNjI2YjQzNmFlXkEyXkFqcGdeQXVyNjUxMjc1OTM@._V1_.jpg","C:\\Users\\asus\\AppData\\Roaming\\Trak\\data\\Film-StarWars_EpisodeIV-ANewHope\\assets\\MV5BN2FhNGQ5ZGYtZWZkNy00MGU1LTg4ZTctY2QxZTgyMTliMWExXkEyXkFqcGdeQXVyNjUxMjc1OTM@._V1_.jpg","C:\\Users\\asus\\AppData\\Roaming\\Trak\\data\\Film-StarWars_EpisodeIV-ANewHope\\assets\\MV5BYjZkMTdlYjItM2FhMC00NmY3LTk2ZWMtNTFkODIyZGMwZjc2XkEyXkFqcGdeQXVyNjUxMjc1OTM@._V1_.jpg","C:\\Users\\asus\\AppData\\Roaming\\Trak\\data\\Film-StarWars_EpisodeIV-ANewHope\\assets\\MV5BMjY4MTRhMTAtNDZkNy00OTY4LTlhMzEtODhhNTZiOTZmNDE2XkEyXkFqcGdeQXVyNjUxMjc1OTM@._V1_.jpg","C:\\Users\\asus\\AppData\\Roaming\\Trak\\data\\Film-StarWars_EpisodeIV-ANewHope\\assets\\MV5BNGQxMDFhYmYtMjgxNi00MGZhLTk1NTEtYTRhYTBkMzk3NDYzXkEyXkFqcGdeQXVyNjUxMjc1OTM@._V1_.jpg","C:\\Users\\asus\\AppData\\Roaming\\Trak\\data\\Film-StarWars_EpisodeIV-ANewHope\\assets\\MV5BNmVhM2ZlZTYtOWU2Yy00YWQzLWE2YWYtMzMxYjMxNjE4MWI1XkEyXkFqcGdeQXVyNjUxMjc1OTM@._V1_.jpg","C:\\Users\\asus\\AppData\\Roaming\\Trak\\data\\Film-StarWars_EpisodeIV-ANewHope\\assets\\MV5BOWU0ZjUzZTktNDlkZi00ZWNkLTk0MzAtYjgxYjhiMjc0ODdiXkEyXkFqcGdeQXVyNjUxMjc1OTM@._V1_.jpg","C:\\Users\\asus\\AppData\\Roaming\\Trak\\data\\Film-StarWars_EpisodeIV-ANewHope\\assets\\MV5BNWQ3MWM1YjMtNGNlOS00OGI5LTg0NjAtN2MxN2Y4MzNlMmJjXkEyXkFqcGdeQXVyNjUxMjc1OTM@._V1_.jpg","C:\\Users\\asus\\AppData\\Roaming\\Trak\\data\\Film-StarWars_EpisodeIV-ANewHope\\assets\\MV5BNWYwMGQ4YjctMTliYy00ODI5LTk1ZGEtNGVhN2JmZWVjZmY1XkEyXkFqcGdeQXVyNjUxMjc1OTM@._V1_.jpg","C:\\Users\\asus\\AppData\\Roaming\\Trak\\data\\Film-StarWars_EpisodeIV-ANewHope\\assets\\MV5BNWQyNWViYWYtNjE5Yy00MjQ4LWIzYmQtYTQzZTBkM2MxZjEyXkEyXkFqcGdeQXVyNjUxMjc1OTM@._V1_.jpg","C:\\Users\\asus\\AppData\\Roaming\\Trak\\data\\Film-StarWars_EpisodeIV-ANewHope\\assets\\MV5BZDYxNGY3YjctZTc0Yy00M2FmLTkzMzEtMmJiZDU1Y2YzOTM5XkEyXkFqcGdeQXVyNjUxMjc1OTM@._V1_.jpg","C:\\Users\\asus\\AppData\\Roaming\\Trak\\data\\Film-StarWars_EpisodeIV-ANewHope\\assets\\MV5BMWM4Y2I1ZDQtMTI5OS00YTRjLTg1ZDQtNDBiZjcwNjEzMTI1XkEyXkFqcGdeQXVyNjUxMjc1OTM@._V1_.jpg","C:\\Users\\asus\\AppData\\Roaming\\Trak\\data\\Film-StarWars_EpisodeIV-ANewHope\\assets\\MV5BYTc1NWUwYjMtY2YxZS00ZjMyLWJiZDItNzgyNWE0MjkzMjJmXkEyXkFqcGdeQXVyNjUxMjc1OTM@._V1_.jpg","C:\\Users\\asus\\AppData\\Roaming\\Trak\\data\\Film-StarWars_EpisodeIV-ANewHope\\assets\\MV5BMGFlYjQ1YmMtZGFmMC00YWYyLWFlZDgtYjNjYzk3ZDdlZGJmXkEyXkFqcGdeQXVyNjUxMjc1OTM@._V1_.jpg","C:\\Users\\asus\\AppData\\Roaming\\Trak\\data\\Film-StarWars_EpisodeIV-ANewHope\\assets\\MV5BM2JhMjM0NTEtMzNkYS00YjgyLWFiMjctZTc2NDcyZGIwYTdlXkEyXkFqcGdeQXVyNjUxMjc1OTM@._V1_.jpg","C:\\Users\\asus\\AppData\\Roaming\\Trak\\data\\Film-StarWars_EpisodeIV-ANewHope\\assets\\MV5BNzQ4ZWEyNDUtN2JkMi00M2M1LWIwOWYtM2EwMWY2NzAzNTFjXkEyXkFqcGdeQXVyNjUxMjc1OTM@._V1_.jpg","C:\\Users\\asus\\AppData\\Roaming\\Trak\\data\\Film-StarWars_EpisodeIV-ANewHope\\assets\\MV5BNzJkZjNmZTctOWVmZS00M2E4LWIzMWUtNTFkZTFiZTc5Y2FiXkEyXkFqcGdeQXVyNjUxMjc1OTM@._V1_.jpg","C:\\Users\\asus\\AppData\\Roaming\\Trak\\data\\Film-StarWars_EpisodeIV-ANewHope\\assets\\MV5BNDhhNDcyZGUtNGU0ZC00MWE3LTgwMmItNGQ3ZDk1YzcwMWIwXkEyXkFqcGdeQXVyNjUxMjc1OTM@._V1_.jpg","C:\\Users\\asus\\AppData\\Roaming\\Trak\\data\\Film-StarWars_EpisodeIV-ANewHope\\assets\\MV5BYzQ1MGMxNTMtYjA5OC00N2MyLThlZDctZmI0NTQ4NGRiOGY4XkEyXkFqcGdeQXVyNjUxMjc1OTM@._V1_.jpg","C:\\Users\\asus\\AppData\\Roaming\\Trak\\data\\Film-StarWars_EpisodeIV-ANewHope\\assets\\MV5BOTQyMjA2NGMtYWQ1ZC00NWFkLThiZDAtZGJkNjNjM2FjNDRjXkEyXkFqcGdeQXVyNjUxMjc1OTM@._V1_.jpg","C:\\Users\\asus\\AppData\\Roaming\\Trak\\data\\Film-StarWars_EpisodeIV-ANewHope\\assets\\MV5BYjUyOGY1OWItYzQ3ZS00YjI1LWE1YjEtNGQ5NTAyMDNlZDNmXkEyXkFqcGdeQXVyNjUxMjc1OTM@._V1_.jpg","C:\\Users\\asus\\AppData\\Roaming\\Trak\\data\\Film-StarWars_EpisodeIV-ANewHope\\assets\\MV5BY2MwNjA2MWQtNzE3My00MzcwLTgxZTktOThhZDY2MTg3NDc0XkEyXkFqcGdeQXVyNjUxMjc1OTM@._V1_.jpg","C:\\Users\\asus\\AppData\\Roaming\\Trak\\data\\Film-StarWars_EpisodeIV-ANewHope\\assets\\MV5BM2JjNzRlZTQtZTExOS00NmVhLWE5NzEtM2U5MjRjNDIyNDQwXkEyXkFqcGdeQXVyNjUxMjc1OTM@._V1_.jpg","C:\\Users\\asus\\AppData\\Roaming\\Trak\\data\\Film-StarWars_EpisodeIV-ANewHope\\assets\\MV5BYzhmMTE1YjAtMjE2ZC00NjMxLWIzYTYtM2Q5OGEzMTNiN2Y0XkEyXkFqcGdeQXVyNjUxMjc1OTM@._V1_.jpg","C:\\Users\\asus\\AppData\\Roaming\\Trak\\data\\Film-StarWars_EpisodeIV-ANewHope\\assets\\MV5BNDI0YTBjMWUtZGRkZi00ODMxLTlkYzktMTAwMWJiMzM1ODNlXkEyXkFqcGdeQXVyNjUxMjc1OTM@._V1_.jpg","C:\\Users\\asus\\AppData\\Roaming\\Trak\\data\\Film-StarWars_EpisodeIV-ANewHope\\assets\\MV5BNTZhMTIyNDItOWNiMC00ZTlmLTkyNzctNjU1NjQ2NjViNDU4XkEyXkFqcGdeQXVyNjUxMjc1OTM@._V1_.jpg","C:\\Users\\asus\\AppData\\Roaming\\Trak\\data\\Film-StarWars_EpisodeIV-ANewHope\\assets\\MV5BZDJiMTk4Y2UtYjk3ZC00NzNjLTlkMmYtODliMDQ2NWI2YTJlXkEyXkFqcGdeQXVyNjUxMjc1OTM@._V1_.jpg","C:\\Users\\asus\\AppData\\Roaming\\Trak\\data\\Film-StarWars_EpisodeIV-ANewHope\\assets\\MV5BYzkzMjQwYTMtOTYxOC00OGQzLWIyY2QtMWQ3NjA4NDBhNGY1XkEyXkFqcGdeQXVyNjUxMjc1OTM@._V1_.jpg","C:\\Users\\asus\\AppData\\Roaming\\Trak\\data\\Film-StarWars_EpisodeIV-ANewHope\\assets\\MV5BODNlYjZmM2YtOTFiYy00OTAwLTg3MmMtNTlhYjEyZjY5NGVjXkEyXkFqcGdeQXVyNjUxMjc1OTM@._V1_.jpg","C:\\Users\\asus\\AppData\\Roaming\\Trak\\data\\Film-StarWars_EpisodeIV-ANewHope\\assets\\MV5BNWQzYWZhODYtMjNiNC00ODUyLWE4YmQtZGQ4ZmY5MmU3YWExXkEyXkFqcGdeQXVyNjUxMjc1OTM@._V1_.jpg","C:\\Users\\asus\\AppData\\Roaming\\Trak\\data\\Film-StarWars_EpisodeIV-ANewHope\\assets\\MV5BMThlM2ZhNWUtNWY5Yy00MzMxLTlkMmQtMThlYTk4MjQ2MDFlXkEyXkFqcGdeQXVyNjUxMjc1OTM@._V1_.jpg","C:\\Users\\asus\\AppData\\Roaming\\Trak\\data\\Film-StarWars_EpisodeIV-ANewHope\\assets\\MV5BODUzZjM3MjEtMTY4Zi00NzRlLTkzZDMtMjA5YzRhMzk2M2NjXkEyXkFqcGdeQXVyNjUxMjc1OTM@._V1_.jpg","C:\\Users\\asus\\AppData\\Roaming\\Trak\\data\\Film-StarWars_EpisodeIV-ANewHope\\assets\\MV5BNDJmMjJhZjgtNzE4OC00MTk2LWE3NDAtOWE1MTAxYmJhNGJjXkEyXkFqcGdeQXVyNjUxMjc1OTM@._V1_.jpg","C:\\Users\\asus\\AppData\\Roaming\\Trak\\data\\Film-StarWars_EpisodeIV-ANewHope\\assets\\MV5BODVjMGJiZDgtM2FhMS00MmJlLWJlM2EtZGJiMzMzMjMwNTNlXkEyXkFqcGdeQXVyNjUxMjc1OTM@._V1_.jpg","C:\\Users\\asus\\AppData\\Roaming\\Trak\\data\\Film-StarWars_EpisodeIV-ANewHope\\assets\\MV5BZGQyZTk5ZTEtMzkyNi00ZDUzLWIzNWYtY2I0ZTBiYTNlMTIxXkEyXkFqcGdeQXVyNjUxMjc1OTM@._V1_.jpg","C:\\Users\\asus\\AppData\\Roaming\\Trak\\data\\Film-StarWars_EpisodeIV-ANewHope\\assets\\MV5BMzFlNDVjNGMtYzk0YS00YjVhLWIwYmUtOGFkODk1MTQ0ODY2XkEyXkFqcGdeQXVyNjUxMjc1OTM@._V1_.jpg","C:\\Users\\asus\\AppData\\Roaming\\Trak\\data\\Film-StarWars_EpisodeIV-ANewHope\\assets\\MV5BYWI5NmE4ODgtOTRiNy00NmVhLTk2NzAtMTIwMjU0MGVlZGFkXkEyXkFqcGdeQXVyNjUxMjc1OTM@._V1_.jpg","C:\\Users\\asus\\AppData\\Roaming\\Trak\\data\\Film-StarWars_EpisodeIV-ANewHope\\assets\\MV5BMmJiNjNjNzItZGE3Ni00NTU3LWE0YjItNzlkYzgyNWQ1OTUwXkEyXkFqcGdeQXVyNjUxMjc1OTM@._V1_.jpg","C:\\Users\\asus\\AppData\\Roaming\\Trak\\data\\Film-StarWars_EpisodeIV-ANewHope\\assets\\MV5BODliMjM4M2MtYzQwNi00MzcwLWIwYTgtYjJjN2VjYWQ1ZjAwXkEyXkFqcGdeQXVyNjUxMjc1OTM@._V1_.jpg","C:\\Users\\asus\\AppData\\Roaming\\Trak\\data\\Film-StarWars_EpisodeIV-ANewHope\\assets\\MV5BY2IzYTBkNzktMjlkNS00NGQ3LTgyYzItNjU1YWY0NTk3YTYxXkEyXkFqcGdeQXVyNjUxMjc1OTM@._V1_.jpg","C:\\Users\\asus\\AppData\\Roaming\\Trak\\data\\Film-StarWars_EpisodeIV-ANewHope\\assets\\MV5BYThmNTg1OTUtYTY1NS00MDRkLTg4MGEtOTRlNTQwZDQ0YzJmXkEyXkFqcGdeQXVyNjUxMjc1OTM@._V1_.jpg","C:\\Users\\asus\\AppData\\Roaming\\Trak\\data\\Film-StarWars_EpisodeIV-ANewHope\\assets\\MV5BYThhZjgxN2QtYTNiMS00Y2RiLTk4ZGEtMTA5MTNkNDJkZTYwXkEyXkFqcGdeQXVyNjUxMjc1OTM@._V1_.jpg","C:\\Users\\asus\\AppData\\Roaming\\Trak\\data\\Film-StarWars_EpisodeIV-ANewHope\\assets\\MV5BNjgxYjU0YzctZDk0ZS00NzkxLTg5MzgtNGE1NDNlZDAwZmEwXkEyXkFqcGdeQXVyNjUxMjc1OTM@._V1_.jpg","C:\\Users\\asus\\AppData\\Roaming\\Trak\\data\\Film-StarWars_EpisodeIV-ANewHope\\assets\\MV5BYjRkNDA4ZmUtMDFhNS00NjgzLWFmZjEtOTZiZTk4MGY3NmM4XkEyXkFqcGdeQXVyNjUxMjc1OTM@._V1_.jpg","C:\\Users\\asus\\AppData\\Roaming\\Trak\\data\\Film-StarWars_EpisodeIV-ANewHope\\assets\\MV5BZDFiMTJhZDYtNGI3Ni00NjRkLTlmYWMtNzVlMjk0MDU3YjllXkEyXkFqcGdeQXVyNjUxMjc1OTM@._V1_.jpg","C:\\Users\\asus\\AppData\\Roaming\\Trak\\data\\Film-StarWars_EpisodeIV-ANewHope\\assets\\MV5BNDNmMmJjZTEtZmNjMi00OWE1LTg5YmYtMGMwZWExNzM5ZTQ2XkEyXkFqcGdeQXVyNjUxMjc1OTM@._V1_.jpg","C:\\Users\\asus\\AppData\\Roaming\\Trak\\data\\Film-StarWars_EpisodeIV-ANewHope\\assets\\MV5BMzIwMzMzNjItYjdjZC00MDIwLThkNDktODc3ZTgxMmFlMGM3XkEyXkFqcGdeQXVyNjUxMjc1OTM@._V1_.jpg","C:\\Users\\asus\\AppData\\Roaming\\Trak\\data\\Film-StarWars_EpisodeIV-ANewHope\\assets\\MV5BM2U3M2Y4ZDEtMzcxNC00MmM5LWFkOGMtMDZiOTM2MTVjNjA4XkEyXkFqcGdeQXVyNjUxMjc1OTM@._V1_.jpg","C:\\Users\\asus\\AppData\\Roaming\\Trak\\data\\Film-StarWars_EpisodeIV-ANewHope\\assets\\MV5BNjE0MmU2MGQtYmNiNi00MDJhLWI3ZjQtNGMwYjBlNDQyYjhiXkEyXkFqcGdeQXVyNjUxMjc1OTM@._V1_.jpg","C:\\Users\\asus\\AppData\\Roaming\\Trak\\data\\Film-StarWars_EpisodeIV-ANewHope\\assets\\MV5BMjliZmFmZjctNzI3Yi00ZDY3LWE5MWQtMWQ0MjAwMjIyYmEwXkEyXkFqcGdeQXVyNjUxMjc1OTM@._V1_.jpg","C:\\Users\\asus\\AppData\\Roaming\\Trak\\data\\Film-StarWars_EpisodeIV-ANewHope\\assets\\MV5BMjM0YzFkNTItM2RiNi00ZDM2LWFmOWMtNGI3NTBkMmQ5ZDRjXkEyXkFqcGdeQXVyNjUxMjc1OTM@._V1_.jpg","C:\\Users\\asus\\AppData\\Roaming\\Trak\\data\\Film-StarWars_EpisodeIV-ANewHope\\assets\\MV5BOGQzOGVkOWUtMGI3Ni00MDI4LWExNmQtZWRlMjI4ZGFlZTA2XkEyXkFqcGdeQXVyNjUxMjc1OTM@._V1_.jpg","C:\\Users\\asus\\AppData\\Roaming\\Trak\\data\\Film-StarWars_EpisodeIV-ANewHope\\assets\\MV5BYThiMzMyYWEtMWI3Yy00OWZmLWI1Y2EtYmVlZGNiYmU3NTgyXkEyXkFqcGdeQXVyNjUxMjc1OTM@._V1_.jpg","C:\\Users\\asus\\AppData\\Roaming\\Trak\\data\\Film-StarWars_EpisodeIV-ANewHope\\assets\\MV5BYjUwNDM1MjMtODI0MS00NWJhLTg2NjMtZDZmOGE1ZGUwM2MxXkEyXkFqcGdeQXVyNjUxMjc1OTM@._V1_.jpg","C:\\Users\\asus\\AppData\\Roaming\\Trak\\data\\Film-StarWars_EpisodeIV-ANewHope\\assets\\MV5BODA2ZmNiY2MtNGE0OS00MjkwLWJiZjEtNDI1Y2IyZmI2YWM1XkEyXkFqcGdeQXVyNjUxMjc1OTM@._V1_.jpg","C:\\Users\\asus\\AppData\\Roaming\\Trak\\data\\Film-StarWars_EpisodeIV-ANewHope\\assets\\MV5BMTkwYjlkZjAtNjgwZS00NWUxLWFkNGMtM2ExNTgyMGU5MTVmXkEyXkFqcGdeQXVyNjUxMjc1OTM@._V1_.jpg","C:\\Users\\asus\\AppData\\Roaming\\Trak\\data\\Film-StarWars_EpisodeIV-ANewHope\\assets\\MV5BZTU0ZmM1ZjYtNjliOS00OTZiLTg4NjItNTMyMzA3NDExMTQ0XkEyXkFqcGdeQXVyNjUxMjc1OTM@._V1_.jpg","C:\\Users\\asus\\AppData\\Roaming\\Trak\\data\\Film-StarWars_EpisodeIV-ANewHope\\assets\\MV5BY2I0MGJiM2QtZmM1Ni00MzdhLTg2ZTEtYThiZGQ1NDYwOTQzXkEyXkFqcGdeQXVyNjUxMjc1OTM@._V1_.jpg","C:\\Users\\asus\\AppData\\Roaming\\Trak\\data\\Film-StarWars_EpisodeIV-ANewHope\\assets\\MV5BOTliYjRkOTUtMDJkNi00ODdjLTkwYTEtNWY1NzgyNTMwMjY3XkEyXkFqcGdeQXVyNjUxMjc1OTM@._V1_.jpg","C:\\Users\\asus\\AppData\\Roaming\\Trak\\data\\Film-StarWars_EpisodeIV-ANewHope\\assets\\MV5BMDNmODc3MWMtZmVhYy00ZjZhLWFlMjUtYThhN2FhMjNhNGYzXkEyXkFqcGdeQXVyNjUxMjc1OTM@._V1_.jpg","C:\\Users\\asus\\AppData\\Roaming\\Trak\\data\\Film-StarWars_EpisodeIV-ANewHope\\assets\\MV5BYjRlMWRlZDYtYjYzZi00MTNmLWE0M2EtMTE3YjNiZGI3N2QwXkEyXkFqcGdeQXVyNjUxMjc1OTM@._V1_.jpg","C:\\Users\\asus\\AppData\\Roaming\\Trak\\data\\Film-StarWars_EpisodeIV-ANewHope\\assets\\MV5BYmY3NWI1MjMtYjYwMy00M2U3LWI3NTMtZDE3NTQ3ZDg2YmQ0XkEyXkFqcGdeQXVyNjUxMjc1OTM@._V1_.jpg","C:\\Users\\asus\\AppData\\Roaming\\Trak\\data\\Film-StarWars_EpisodeIV-ANewHope\\assets\\MV5BMDFkMWQ2MTAtMmY5My00M2Y0LTg5MDItZTgwYjAxNjM0NjE2XkEyXkFqcGdeQXVyNjUxMjc1OTM@._V1_.jpg","C:\\Users\\asus\\AppData\\Roaming\\Trak\\data\\Film-StarWars_EpisodeIV-ANewHope\\assets\\MV5BZjY4N2I2ODQtMjA3OS00YTE3LTgzM2MtNDNiYWI1YWY4YjhiXkEyXkFqcGdeQXVyNjUxMjc1OTM@._V1_.jpg","C:\\Users\\asus\\AppData\\Roaming\\Trak\\data\\Film-StarWars_EpisodeIV-ANewHope\\assets\\MV5BMDUzMzk3OGYtMWVhMi00ZTMxLWI1ZmYtM2QxNTQyMTk0MmU3XkEyXkFqcGdeQXVyNjUxMjc1OTM@._V1_.jpg","C:\\Users\\asus\\AppData\\Roaming\\Trak\\data\\Film-StarWars_EpisodeIV-ANewHope\\assets\\MV5BNmMwOTgxNjItNzA4ZS00MTIxLWI4MjYtNzQ5NWE5YTdlZmFhXkEyXkFqcGdeQXVyNjUxMjc1OTM@._V1_.jpg","C:\\Users\\asus\\AppData\\Roaming\\Trak\\data\\Film-StarWars_EpisodeIV-ANewHope\\assets\\MV5BOTk2OTJjMTItYmM0YS00MGJiLTlmMDMtZDQxYmE1MDQxZjRkXkEyXkFqcGdeQXVyNjUxMjc1OTM@._V1_.jpg","C:\\Users\\asus\\AppData\\Roaming\\Trak\\data\\Film-StarWars_EpisodeIV-ANewHope\\assets\\MV5BZWE0MTZkYzktMzQ2Ni00NGQ0LWJiM2MtMzVmZmU0M2JhMDczXkEyXkFqcGdeQXVyNjUxMjc1OTM@._V1_.jpg","C:\\Users\\asus\\AppData\\Roaming\\Trak\\data\\Film-StarWars_EpisodeIV-ANewHope\\assets\\MV5BZmM3NDhkZjAtOTg3ZC00MGQ2LWJhYmMtZGJkZmMyMzgzZGFmXkEyXkFqcGdeQXVyNjUxMjc1OTM@._V1_.jpg","C:\\Users\\asus\\AppData\\Roaming\\Trak\\data\\Film-StarWars_EpisodeIV-ANewHope\\assets\\MV5BZTg5MWU3MmYtODFmYS00YTJiLWFjMTUtYjM5NDI1NTk4Zjc0XkEyXkFqcGdeQXVyNjUxMjc1OTM@._V1_.jpg","C:\\Users\\asus\\AppData\\Roaming\\Trak\\data\\Film-StarWars_EpisodeIV-ANewHope\\assets\\MV5BYzIwMDdlYzMtYzg1OS00OGQ1LWFkMjAtYmY4ZjlmZjg2ODExXkEyXkFqcGdeQXVyNjUxMjc1OTM@._V1_.jpg","C:\\Users\\asus\\AppData\\Roaming\\Trak\\data\\Film-StarWars_EpisodeIV-ANewHope\\assets\\MV5BYjEwYzgyY2EtOGIyNC00YWFhLWE3MWMtNTk5MzBiMmNhNjcxXkEyXkFqcGdeQXVyNjUxMjc1OTM@._V1_.jpg","C:\\Users\\asus\\AppData\\Roaming\\Trak\\data\\Film-StarWars_EpisodeIV-ANewHope\\assets\\MV5BYjk3NDA3YjUtZDg1ZC00NDMzLTkxZGEtODcwZjkwNzMyYzYzXkEyXkFqcGdeQXVyNjUxMjc1OTM@._V1_.jpg","C:\\Users\\asus\\AppData\\Roaming\\Trak\\data\\Film-StarWars_EpisodeIV-ANewHope\\assets\\MV5BYTkxNDljNGQtNDE4Zi00ZmQ1LWFiZGUtMTYwOWUxM2U5YmQ4XkEyXkFqcGdeQXVyNjUxMjc1OTM@._V1_.jpg","C:\\Users\\asus\\AppData\\Roaming\\Trak\\data\\Film-StarWars_EpisodeIV-ANewHope\\assets\\MV5BNDQyOTU2M2ItNTZhMy00ZjY5LTgzMGEtNGZhY2E2N2FmODgyXkEyXkFqcGdeQXVyNjUxMjc1OTM@._V1_.jpg","C:\\Users\\asus\\AppData\\Roaming\\Trak\\data\\Film-StarWars_EpisodeIV-ANewHope\\assets\\MV5BYmJiYjBmYzEtNDQzZi00MzRmLWI4YjgtNzRlMTk0MzBiNDljXkEyXkFqcGdeQXVyNjUxMjc1OTM@._V1_.jpg","C:\\Users\\asus\\AppData\\Roaming\\Trak\\data\\Film-StarWars_EpisodeIV-ANewHope\\assets\\MV5BNDlmZGQyNWQtOTI3Yy00Nzk2LWE1ZjgtOTY1MjY0YmM5YmQ2XkEyXkFqcGdeQXVyNjUxMjc1OTM@._V1_.jpg"]}