{"category":"Film","name":"Avengers: Infinity War","alternateName":"Avengers: Infinity War, Мстители: Война бесконечности, Atriebēji: Bezgalības karš, Avengers 3: Infinity War, Avengers: Cuộc Chiến Vô Cực, Avengers: Infinity War - Part I, Avengers: la guerre de l'infini, Avengers: Nekonečná vojna, Avengers: Wojna bez granic, Bosszúállók: Végtelen háború, Ha'nokmim: Milkhemet ha'einsof, Keršytojai: Begalybės karas, Mary Lou, Maščevalci: Brezmejna vojna, Osvetnici: Rat beskonačnosti, Qasoskorlar: Abadiyat jangi, Qasoskorlar: Cheksizlik urushi, Răzbunătorii: Războiul infinitului, Tasujad: Igaviku sõda, The Avengers 3, Vengadores: Infinity War, Vengadores: La guerra del infinito - 1ª parte, Vingadores: Guerra do Infinito, Vingadores: Guerra Infinita, Yenilmezler: Sonsuzluk Savaşı, Εκδικητές: Ο πόλεμος της αιωνιότητας, Месники: Війна нескінченності, Осветници: Рат бескраја, Отмъстителите: Война без край, 어벤져스: 인피니티 워, アベンジャーズ　インフィニティ・ウォー, 复仇者联盟3：无限战争, 復仇者聯盟：無限之戰, 復仇者聯盟3：無限之戰","review":"","directors":"Anthony Russo, Joe Russo","producers":"Victoria Alonso, Mitchell Bell, Ari Costa, Louis D'Esposito, Jon Favreau, Kevin Feige, Michael Grillo, James Gunn, Stan Lee, JoAnn Perritano, Edu Sallouti, Nicholas Simon, Trinh Tran, Jen Underdahl","writers":"Christopher Markus, Stephen McFeely, Stan Lee, Jack Kirby, Joe Simon, Steve Englehart, Steve Gan, Bill Mantlo, Keith Giffen, Jim Starlin, Larry Lieber, Don Heck","musicians":"","editors":"","cinematographers":"","distributors":"Walt Disney Studios Motion Pictures, B&H Film Distribution, Buena Vista International, Cinecolor Films, Cineforum, Falcon, Feelgood Entertainment, Forum Film, Forum Hungary, NOS Audiovisuais, Press Play Pictures, Saturn Films, Ster-Kinekor Pictures, United International Pictures (UIP), Walt Disney Company, Walt Disney Studios Motion Pictures Argentina, Walt Disney Studios Motion Pictures, Walt Disney Studios Motion Pictures, Walt Disney Studios Motion Pictures, Walt Disney Studios Motion Pictures, Walt Disney Studios Motion Pictures, Walt Disney Studios Motion Pictures, Walt Disney Studios Motion Pictures, Walt Disney Studios Motion Pictures, Walt Disney Studios Motion Pictures, Walt Disney Studios Motion Pictures, Walt Disney Studios Motion Pictures, Walt Disney Studios Motion Pictures, Walt Disney Studios Motion Pictures, Walt Disney Studios Motion Pictures, Walt Disney Studios Motion Pictures, Walt Disney Studios Motion Pictures, Walt Disney Studios Motion Pictures, Walt Disney Studios Motion Pictures, Walt Disney Studios Motion Pictures, Walt Disney Studios Motion Pictures, Walt Disney Studios Motion Pictures, Walt Disney Studios Motion Pictures, Walt Disney Studios Motion Pictures, Walt Disney Studios Motion Pictures, Walt Disney Studios Motion Pictures, Walt Disney Studios Motion Pictures, Walt Disney Studios Motion Pictures, Walt Disney Studios Motion Pictures, Walt Disney Studios Motion Pictures, Walt Disney Studios Motion Pictures, Walt Disney Studios Motion Pictures, Walt Disney Studios Sony Pictures Releasing (WDSSPR), Warner Bros., Westec Media Limited, 7Mate, Disney+, Disney+, Hotstar, Walt Disney Studios Home Entertainment, Walt Disney Studios Home Entertainment, Walt Disney Studios Home Entertainment, Walt Disney Studios Home Entertainment","productionCompanies":"Marvel Studios, Jason Roberts Productions, South Pictures, Walt Disney Pictures","stars":"Robert Downey Jr., Chris Hemsworth, Mark Ruffalo, Chris Evans, Scarlett Johansson, Don Cheadle, Benedict Cumberbatch, Tom Holland, Chadwick Boseman, Zoe Saldana, Karen Gillan, Tom Hiddleston, Paul Bettany, Elizabeth Olsen, Anthony Mackie, Sebastian Stan, Idris Elba, Danai Gurira, Peter Dinklage, Benedict Wong, Pom Klementieff, Dave Bautista, Vin Diesel, Bradley Cooper, Gwyneth Paltrow, Benicio Del Toro, Josh Brolin, Chris Pratt, Sean Gunn, William Hurt, Letitia Wright, Terry Notary, Tom Vaughan-Lawlor, Carrie Coon, Michael James Shaw, Stan Lee, Winston Duke, Florence Kasumba, Kerry Condon, Monique Ganderton, Jacob Batalon, Tiffany Espensen, Isabella Amara, Ethan Dizon, Ariana Greenblatt, Ameenah Kaplan, Ross Marquand, Michael Anthony Rogers, Stephen McFeely, Aaron Lazar, Robert Pralgo, Olaniyan Thurmon, Blair Jasin, Matthew Zuk, Laura Miller, Marija Juliette Abney, Janeshia Adams-Ginyard, Gee Alexander, Branden Arnold, Kenneth Branagh, Sergio Briones, Lady Cardinal, Donny Carrington, Lucie Carroll, Jamel D. Chambers, Matthew Christensen, Tye Claybrook Jr., Keith Splinter Davis, Demetrilandell, Cory Dunson, Tony Dupar, Jazzy Ellis, David Dman Escobar, Steven Essani, Jacob Evans, Simeon Freeman, Dylan Gajai, Daniela Gaskie, Martavious Cerrone Gayles, John Gettier, Jomahl Gildersleve, Denisha Gillespie, Solomon Glave, Daniel Graham, Carlos Guity, Dawit Gulilat, Cecil M. Henry, Bobby Hoskins, Rabon Hutcherson, Samuel L. Jackson, Bobby James, Kirk A. Jenkins, Precious Jenkins, Floyd Anthony Johns Jr., Mallory Kidwell, Devin Koehler, Chase Ledgerwood, Elgin Lee, Jefferson Lewis, Marcus Lewis, Luke Maher, Joe Maitland, Tim McAdams, Andrew S. McMillan, Perla Middleton, Michael Pierino Miller, Frank David Monroe, Kevin Montgomery, Chris Moore, Jared Moser, Marie Mouroum, Jachin Myers, Femi Olagoke, Harrison Osterfield, Edward Parker, Gary Peebles, Nathaniel Perry, Khalil' La'Marr Pickett, Annie Pisapia, Taraja Ramsess, Antjuan Rhames, Ryan Robertson, Austin Rospert, Jeremy Sample, Brandon M. Shaw, Bruce Anthony Shepperson, James Siderits, Matthew Excel Simmons, Joseph Singletary, Dominique Elijah Smith, Cobie Smulders, Shawn South, James Sterling, Jénel Stevens, Granger Summerset II, Phedra Syndelle, Hamid-Reza Benjamin Thompson, Robert Tinsley, Laurel O Wagner, Tanya Wheelock, Zola Williams, Kevin D Wilson, Michael David Yuhl","genres":[["Action","Adventure","AlternateHistory","Amateur","Animation","Anthology","Art","Biopic","Comedy","Crime","Cyberpunk","Detective","Docudrama","Documentary","Drama","Dystopian","Fantasy","Gangster","Ghost","Gore","Gothic","Heist","Historical","Holiday","Horror","Instructional","Military","Monster","Musical","Mystery","Nature","Paranormal","Parody","Political","PostApocalyptic","Psychological","Reality","Religious","Revisionist","Romance","Satire","SciFi","Space","SpaceOpera","Sports","Spy","StopMotion","Superhero","Thriller","Utopian","Vampire","Vigilante","Western","Zombie"],[true,true,false,false,false,false,false,false,false,false,false,false,false,false,false,false,false,false,false,false,false,false,false,false,false,false,false,false,false,false,false,false,false,false,false,false,false,false,false,false,false,true,false,false,false,false,false,false,false,false,false,false,false,false],[""]],"synopsis":"The Avengers and their allies must be willing to sacrifice all in an attempt to defeat the powerful Thanos before his blitz of devastation and ruin puts an end to the universe.","rating":"","release":"2018-04-27","runTime":"149 m","watched":"","img":["C:\\Users\\asus\\AppData\\Roaming\\Trak\\data\\Film-Avengers_InfinityWar\\assets\\MV5BZjA0MmNjNjMtNTFkMC00YTRmLTlkNGEtMzQwYmNmNThjNDgxXkEyXkFqcGdeQXVyMTYzMDM0NTU@._V1_.jpg","C:\\Users\\asus\\AppData\\Roaming\\Trak\\data\\Film-Avengers_InfinityWar\\assets\\MV5BZjE4ODNkNWItYjZmYy00ODQ4LTgzMjEtODQ2ZTM1YTU0MjcwXkEyXkFqcGdeQXVyMTMzODk3NDU0._V1_.jpg","C:\\Users\\asus\\AppData\\Roaming\\Trak\\data\\Film-Avengers_InfinityWar\\assets\\MV5BYTg2YTMyMTQtOGQ3Ni00NDExLTgxYTctOTczYWQ0NDI2MDlmXkEyXkFqcGdeQXVyMTAyOTE2ODg0._V1_.jpg","C:\\Users\\asus\\AppData\\Roaming\\Trak\\data\\Film-Avengers_InfinityWar\\assets\\MV5BMGM5YTFlNmQtNDQzMC00MjdkLTliNTQtNWVkMjMyZWZjODllXkEyXkFqcGdeQXVyMTA4NjE0NjEy._V1_.jpg","C:\\Users\\asus\\AppData\\Roaming\\Trak\\data\\Film-Avengers_InfinityWar\\assets\\MV5BOTNjNDVlZjktOWIzYS00Nzg2LWE4OTgtYjc5MjEwMmQ2ZmY4XkEyXkFqcGdeQXVyMTAzMDM4MjM0._V1_.jpg","C:\\Users\\asus\\AppData\\Roaming\\Trak\\data\\Film-Avengers_InfinityWar\\assets\\MV5BNzU5NDE2NDItYmNmYS00Y2RjLTg5OWYtOGM1ZTRiZmY3Mzc4XkEyXkFqcGdeQXVyMTYzMDM0NTU@._V1_.jpg","C:\\Users\\asus\\AppData\\Roaming\\Trak\\data\\Film-Avengers_InfinityWar\\assets\\MV5BZWZkYTk4MzYtNjAzMS00MDdlLWFkYjAtYWU3Y2M1YmQzNTk2XkEyXkFqcGdeQXVyMTYzMDM0NTU@._V1_.jpg","C:\\Users\\asus\\AppData\\Roaming\\Trak\\data\\Film-Avengers_InfinityWar\\assets\\MV5BMTU1MTcxOTEwMV5BMl5BanBnXkFtZTgwNTE1OTQzNTM@._V1_.jpg","C:\\Users\\asus\\AppData\\Roaming\\Trak\\data\\Film-Avengers_InfinityWar\\assets\\MV5BMjIxMjY0OTI1OF5BMl5BanBnXkFtZTgwNjE1OTQzNTM@._V1_.jpg","C:\\Users\\asus\\AppData\\Roaming\\Trak\\data\\Film-Avengers_InfinityWar\\assets\\MV5BOTY2MjI4OTQyNl5BMl5BanBnXkFtZTgwODE1OTQzNTM@._V1_.jpg"]}