{"category":"Show","name":"Secret Invasion","alternateName":"Secret Invasion, Invasión secreta, Invasão Secreta, Jambalaya, Maxfiy bosqin, Tajná invaze, Tajná invázia, Tajna inwazja, Titkos invázió, Μυστική εισβολή, Секретное вторжение, Таємне вторгнення, Тайно нашествие, シークレット・インベージョン, 秘密入侵","review":"","directors":"Ali Selim","producers":"Victoria Alonso, Michael Bhim, Jennifer Booth, Kyle Bradstreet, Cait Collins, Louis D'Esposito, Brant Englestein, Kevin Feige, Sarah Finn, Chris Gary, Grainne Godfree, Samuel L. Jackson, Adrian Kelly, Roxanne Paredes, Aaron Rabin, Wendy Riss, Jonathan Schwartz, Ali Selim, Brian Tucker, Cat Vasko, Allana Williams, Brad Winderbaum","writers":"Kyle Bradstreet, Beto Dantas, Jonathan Hirschbein, Matt McRee, Haleema Mirza, Jennifer Muro, Jovan Robinson, Brian Tucker, Michael Bhim, Brant Englestein, Roxanne Paredes","musicians":"","editors":"","cinematographers":"","distributors":"Disney+, Disney+, Disney+, Disney+, Disney+, Disney+, Disney+, Disney+, Disney+, Disney+, Hulu","productionCompanies":"Marvel Studios, The Walt Disney Company","stars":"Samuel L. Jackson, Emilia Clarke, Don Cheadle, Kingsley Ben-Adir, Killian Scott, Ben Mendelsohn, Olivia Colman, Charlayne Woodard, Samuel Adewunmi, Katie Finneran, Irmena Chichikova, Dermot Mulroney, Michael Epp, Christopher McDonald, Anna Madeley, Mark Bazeley, Mark Lewis, Martin Freeman, Nisha Aaliya, Uriel Emil, Tony Curran, Seeta Indrani, Christopher Goh, Richard Teverson, Giampiero Judica, Ben Peel, Augustina Seymour, Jack Gouldbourne, Ventsislav Yankov, Cobie Smulders, David Bark-Jones, Richard Dormer, Michael Keogh, Lucy Newman-Williams, Saverio Buono, Andrei Nova, Alasdair Noble, Alex Romashov, Jessica Martenson, Mark Noble, Mihai Arsene, Heidi Niemi, Natallia Bulynia, Harry Burton, Vladimir Kolishkin, Peter Sandys-Clarke, Bebe Massey, Michael McKerracher, Simon Smith, Malcolm James, Nina Anderson, Lydia Depres, Eugenia Caruso, Chiraz Aich, Tom Scurr, James Adler, Anna Wilson-Jones, Irina Kara, Osian Roberts, Tony Metcalfe, Zsuzsa Magyar, O-T Fagbenle, Natasha Patel, Jack Baldwin, Grace Boyle, Joe Macaulay, Daniel Stockton, Paul Huntley-Thomas, Luke J I Smith, Pavel Douglas, Alex Batareanu, Christian Greenway, Michael Amariah, Meya Brumell, Adriana Grigoriev, James Macnaughton, Irena Tyshyna, Juliet Stevenson, Alex Skarbek, Lucas Persaud, Charlotte Baker, Kate Braithwaite, Jeska Pike, Tony McCarthy, Billy Clements, Andy M Milligan, Nathan Hall, Anastasia Zabarchuk, Ruth Clarson, Craig Shorrock, David Evestaff, Jean-Pascal Heynemand, Stephen Samson, Cain Aiden, Kelly Burke, Alphie Hyorth, Jorge Leon, Sushma Sharma, David Vickers, Avinashi Sharma, Marvin Montoute, Boye Cole, Electra Allen, Samuel Winner","genres":[["Action","Adventure","AlternateHistory","Amateur","Animation","Anthology","Art","Biopic","Comedy","CookingShow","Crime","Cyberpunk","Detective","Docudrama","Documentary","Drama","Dystopian","Fantasy","GameShow","Gangster","Ghost","Gore","Gothic","Heist","Historical","Holiday","Horror","Instructional","Military","Monster","Musical","Mystery","Nature","Paranormal","Parody","Political","PostApocalyptic","Psychological","Reality","Religious","Revisionist","Romance","Satire","SciFi","Space","SpaceOpera","Sports","Spy","StopMotion","Superhero","TalkShow","Thriller","Utopian","Vampire","Vigilante","Western","Zombie"],[true,true,false,false,false,false,false,false,false,false,false,false,false,false,false,true,false,false,false,false,false,false,false,false,false,false,false,false,false,false,false,true,false,false,false,false,false,false,false,false,false,false,false,true,false,false,false,false,false,false,false,true,false,false,false,false,false],[""]],"synopsis":"Fury and Talos try to stop the Skrulls who have infiltrated the highest spheres of the Marvel Universe.","rating":"N/A","release":"2023-06-21","runTime":"261 m","img":["C:\\Users\\asus\\AppData\\Roaming\\Trak\\data\\Show-SecretInvasion\\assets\\MV5BZGRlOWNiYWQtMmQ4Yy00OWE3LWI0MWYtOTg3NTdiNzU1YmFkXkEyXkFqcGdeQXVyNjY1MTg4Mzc@._V1_.jpg","C:\\Users\\asus\\AppData\\Roaming\\Trak\\data\\Show-SecretInvasion\\assets\\MV5BM2FlYzVmNWQtNzE4ZS00OTMwLTlhYTUtZDY0YTEyZTRlZDlkXkEyXkFqcGdeQXVyMTUzMTg2ODkz._V1_.jpg","C:\\Users\\asus\\AppData\\Roaming\\Trak\\data\\Show-SecretInvasion\\assets\\MV5BYjJiN2M5MmItNmUwMS00MzI4LWI3ZTgtMTUxYmI1YTA3ZDExXkEyXkFqcGdeQXVyODk4OTc3MTY@._V1_.jpg","C:\\Users\\asus\\AppData\\Roaming\\Trak\\data\\Show-SecretInvasion\\assets\\MV5BNTJjNmRiNzAtYTQ0Mi00OTRmLTk4YzUtNjY3ZmM4ZmJlZmM1XkEyXkFqcGdeQXVyODk4OTc3MTY@._V1_.jpg","C:\\Users\\asus\\AppData\\Roaming\\Trak\\data\\Show-SecretInvasion\\assets\\MV5BNWZkM2UyNDAtZWYxMi00YzY2LWFjYjYtNWVjYWM0NDI0ZWFmXkEyXkFqcGdeQXVyNjY1MTg4Mzc@._V1_.jpg","C:\\Users\\asus\\AppData\\Roaming\\Trak\\data\\Show-SecretInvasion\\assets\\MV5BZDVjOThjZDctMjA2ZC00YmQxLTgzYmYtNWFjMDY4MzA5MDUxXkEyXkFqcGdeQXVyODc0OTEyNDU@._V1_.jpg","C:\\Users\\asus\\AppData\\Roaming\\Trak\\data\\Show-SecretInvasion\\assets\\MV5BNjNiZmEwZDUtZDYwYi00NzVlLTgyNzUtNTAxZmY4OGFmMTFlXkEyXkFqcGdeQXVyMzUwNDIxMjQ@._V1_.jpg","C:\\Users\\asus\\AppData\\Roaming\\Trak\\data\\Show-SecretInvasion\\assets\\MV5BOWQ1MmI1OTktY2RmYy00YmQxLTk1ZjQtNmY0YzVjNjdhYzkzXkEyXkFqcGdeQXVyMzUwNDIxMjQ@._V1_.jpg","C:\\Users\\asus\\AppData\\Roaming\\Trak\\data\\Show-SecretInvasion\\assets\\MV5BNGUwZmM5ZWYtYTNhMi00MWFjLWFmNWQtMTdlMjdmYTI1YzAwXkEyXkFqcGdeQXVyMzUwNDIxMjQ@._V1_.jpg","C:\\Users\\asus\\AppData\\Roaming\\Trak\\data\\Show-SecretInvasion\\assets\\MV5BNjFkMmJkMzEtMGE0Yi00MmViLWE3NTctODNmNTZjZTIxMWQyXkEyXkFqcGdeQXVyMTU5OTc2NTk@._V1_.jpg","C:\\Users\\asus\\AppData\\Roaming\\Trak\\data\\Show-SecretInvasion\\assets\\MV5BNGI3OTgxNDYtZDBmMC00YzMyLWJhYzAtOWZhYjQzNTYyMjY3XkEyXkFqcGdeQXVyNDM1ODc2NzE@._V1_.jpg","C:\\Users\\asus\\AppData\\Roaming\\Trak\\data\\Show-SecretInvasion\\assets\\MV5BYWRiYmM0ZDgtOTkyZi00OWRlLTlkZDQtYmQzYTRiYWMzNzY3XkEyXkFqcGdeQXVyNTU1MzY4NzQ@._V1_.jpg","C:\\Users\\asus\\AppData\\Roaming\\Trak\\data\\Show-SecretInvasion\\assets\\MV5BYjY0NWM1MmUtZWQxNS00OWM1LThjMDItZGNjN2ZjZjFjOTE4XkEyXkFqcGdeQXVyMDc5ODIzMw@@._V1_.jpg","C:\\Users\\asus\\AppData\\Roaming\\Trak\\data\\Show-SecretInvasion\\assets\\MV5BMzIzMjc5OWYtNzdmNS00YWI5LWEwZTktNWY4YmI2ZGQxOWQ0XkEyXkFqcGdeQXVyMDc5ODIzMw@@._V1_.jpg","C:\\Users\\asus\\AppData\\Roaming\\Trak\\data\\Show-SecretInvasion\\assets\\MV5BODg1ODNiN2YtMTk1Yi00ZDk0LWI3ODYtN2UxNjA1NDc4NWQ1XkEyXkFqcGdeQXVyMTU5OTc2NTk@._V1_.jpg","C:\\Users\\asus\\AppData\\Roaming\\Trak\\data\\Show-SecretInvasion\\assets\\MV5BYjIzMjUxNWUtMTE3Mi00ZTkzLWJjZjEtZGFmMWQ5Nzg0ZDE1XkEyXkFqcGdeQXVyNjkwOTQ4MDE@._V1_.jpg","C:\\Users\\asus\\AppData\\Roaming\\Trak\\data\\Show-SecretInvasion\\assets\\MV5BMGM4YWNjMGItYzlkOS00YzNmLTlhZGEtZTVjYzJiNjgxNjczXkEyXkFqcGdeQXVyNTU1MzY4NzQ@._V1_.jpg","C:\\Users\\asus\\AppData\\Roaming\\Trak\\data\\Show-SecretInvasion\\assets\\MV5BNWQ3YmRkYjYtYTgwZS00NGM5LTlhZWEtYzdmMDAwZDAxZTcwXkEyXkFqcGdeQXVyNDQxOTAyNA@@._V1_.jpg","C:\\Users\\asus\\AppData\\Roaming\\Trak\\data\\Show-SecretInvasion\\assets\\MV5BOTQ4MTRmOGItMTk2Mi00OGE0LTk2MTItNzE4MmEzM2UyMTg3XkEyXkFqcGdeQXVyMjMyMzI4MzY@._V1_.jpg","C:\\Users\\asus\\AppData\\Roaming\\Trak\\data\\Show-SecretInvasion\\assets\\MV5BZjBhYzMzY2EtYTA4NS00M2Y5LTkxMmQtMTQ5YWVhNWViNzg5XkEyXkFqcGdeQXVyODMyOTYyMTM@._V1_.jpg","C:\\Users\\asus\\AppData\\Roaming\\Trak\\data\\Show-SecretInvasion\\assets\\MV5BYWRlNWNkZmUtN2Y1YS00ZDU4LTlkZTYtM2NmNzY4OGMzZTRhXkEyXkFqcGdeQXVyMTY0OTEyMjM5._V1_.jpg","C:\\Users\\asus\\AppData\\Roaming\\Trak\\data\\Show-SecretInvasion\\assets\\MV5BYzhjZDk5MWMtNjNjYi00MWVjLWJmNjItMGI5ZmQzOTMzMGIzXkEyXkFqcGdeQXVyMTY0OTEyMjM5._V1_.jpg","C:\\Users\\asus\\AppData\\Roaming\\Trak\\data\\Show-SecretInvasion\\assets\\MV5BOTY1Mjk0MTEtNWFmOC00Y2U4LWE2M2UtMjNmMTA3YjE0OWMxXkEyXkFqcGdeQXVyMTY0OTEyMjM5._V1_.jpg","C:\\Users\\asus\\AppData\\Roaming\\Trak\\data\\Show-SecretInvasion\\assets\\MV5BNjJhMWU2MDktZGVlMi00ZThjLWE3NDktYmE5M2VmZDBjN2JjXkEyXkFqcGdeQXVyMDc5ODIzMw@@._V1_.jpg","C:\\Users\\asus\\AppData\\Roaming\\Trak\\data\\Show-SecretInvasion\\assets\\MV5BNDU5NzlmZDAtYzBiYS00Y2M3LWI5NTgtMmFkN2VhZDc3ZDUyXkEyXkFqcGdeQXVyMTE2Mzg1NTEy._V1_.jpg","C:\\Users\\asus\\AppData\\Roaming\\Trak\\data\\Show-SecretInvasion\\assets\\MV5BMTA2ZTVkNmUtMzUyMi00MDI4LTljMzUtOGM1OWY1ZmViYjAyXkEyXkFqcGdeQXVyMTE2Mzg1NTEy._V1_.jpg","C:\\Users\\asus\\AppData\\Roaming\\Trak\\data\\Show-SecretInvasion\\assets\\MV5BNWExNTg0ZTUtYmM4NC00YmY0LWJkZTMtZTAzODBlMjQ3ZTc3XkEyXkFqcGdeQXVyMTE2Mzg1NTEy._V1_.jpg","C:\\Users\\asus\\AppData\\Roaming\\Trak\\data\\Show-SecretInvasion\\assets\\MV5BMzk0YThkZWEtYTdlNy00ZDNlLWI3OGUtNjgyYzcyYjM2N2IxXkEyXkFqcGdeQXVyMTE2Mzg1NTEy._V1_.jpg","C:\\Users\\asus\\AppData\\Roaming\\Trak\\data\\Show-SecretInvasion\\assets\\MV5BNWFjNDkwMTctYzdjYy00OThmLWFiNjMtNjU4ZmFmMTAxYTAxXkEyXkFqcGdeQXVyMTE2Mzg1NTEy._V1_.jpg","C:\\Users\\asus\\AppData\\Roaming\\Trak\\data\\Show-SecretInvasion\\assets\\MV5BNWMwMjBiYjUtZGViMy00NTY4LTg5ZGItMjVhYTJkZWM1Y2U5XkEyXkFqcGdeQXVyMTE2Mzg1NTEy._V1_.jpg","C:\\Users\\asus\\AppData\\Roaming\\Trak\\data\\Show-SecretInvasion\\assets\\MV5BNGMxNGE3NWMtN2I0ZC00YmIyLWJlYjItODdiNDJmYzZhZjlmXkEyXkFqcGdeQXVyMTE2Mzg1NTEy._V1_.jpg","C:\\Users\\asus\\AppData\\Roaming\\Trak\\data\\Show-SecretInvasion\\assets\\MV5BMGZmZDRiNzktM2FiNC00MjM2LWJmYTYtY2E5ZmM0MTA4ZTc1XkEyXkFqcGdeQXVyMTE2Mzg1NTEy._V1_.jpg","C:\\Users\\asus\\AppData\\Roaming\\Trak\\data\\Show-SecretInvasion\\assets\\MV5BMTdmNWNiMjUtODY4NS00Mjk1LWE2YTEtNGYwNGQ4M2JjN2I5XkEyXkFqcGdeQXVyMTE2Mzg1NTEy._V1_.jpg","C:\\Users\\asus\\AppData\\Roaming\\Trak\\data\\Show-SecretInvasion\\assets\\MV5BNzEyMDQ1YWEtYmMxZC00ZmM3LWI3OTktY2ZkNmFjNWU3OTkwXkEyXkFqcGdeQXVyNTc4MjczMTM@._V1_.jpg","C:\\Users\\asus\\AppData\\Roaming\\Trak\\data\\Show-SecretInvasion\\assets\\MV5BNTI2NDgyNDgtOWY4My00MjBmLTllZTYtZDYwMjU1ZWY3YjVlXkEyXkFqcGdeQXVyMTU5OTc2NTk@._V1_.jpg","C:\\Users\\asus\\AppData\\Roaming\\Trak\\data\\Show-SecretInvasion\\assets\\MV5BZjQwZWYyYWQtOGI5Ni00MzFkLTkzZjItMmMzYjdmY2NkNThjXkEyXkFqcGdeQXVyMDc5ODIzMw@@._V1_.jpg","C:\\Users\\asus\\AppData\\Roaming\\Trak\\data\\Show-SecretInvasion\\assets\\MV5BZDc5MjNhZmQtNmI1NS00MDNhLThjZGMtMzg1NjdlMzEwNDU3XkEyXkFqcGdeQXVyMDc5ODIzMw@@._V1_.jpg","C:\\Users\\asus\\AppData\\Roaming\\Trak\\data\\Show-SecretInvasion\\assets\\MV5BNzc5MzA0OTgtNjE0Ny00NjhmLWIzNDItY2YyMDE1MjY0ZDQxXkEyXkFqcGdeQXVyMDc5ODIzMw@@._V1_.jpg","C:\\Users\\asus\\AppData\\Roaming\\Trak\\data\\Show-SecretInvasion\\assets\\MV5BYmE2NTE1ODItMzc3OC00OWE1LTg2YWUtYmFmYjIzZGZmZTBjXkEyXkFqcGdeQXVyMDc5ODIzMw@@._V1_.jpg","C:\\Users\\asus\\AppData\\Roaming\\Trak\\data\\Show-SecretInvasion\\assets\\MV5BMDc2M2IyYmUtN2QxMC00NjU5LWE2NDUtMjMwNGFiODdlZTk5XkEyXkFqcGdeQXVyMDc5ODIzMw@@._V1_.jpg","C:\\Users\\asus\\AppData\\Roaming\\Trak\\data\\Show-SecretInvasion\\assets\\MV5BMDg5YTg3MjYtY2ZkZS00MzViLTllNzItMTYyODE2ZjE5MzRjXkEyXkFqcGdeQXVyMDc5ODIzMw@@._V1_.jpg","C:\\Users\\asus\\AppData\\Roaming\\Trak\\data\\Show-SecretInvasion\\assets\\MV5BMzM2YmVlOTItYTFkNy00ZjNkLWIwYmEtMmVjZTNjYTFkZjY3XkEyXkFqcGdeQXVyMDc5ODIzMw@@._V1_.jpg","C:\\Users\\asus\\AppData\\Roaming\\Trak\\data\\Show-SecretInvasion\\assets\\MV5BNWI5NDVhN2ItNTk4Mi00YWYyLTg0MjMtNDU3OWY0YTliNTdkXkEyXkFqcGdeQXVyMDc5ODIzMw@@._V1_.jpg","C:\\Users\\asus\\AppData\\Roaming\\Trak\\data\\Show-SecretInvasion\\assets\\MV5BMDM2MWY1Y2UtNjMyZi00ODZmLWE2OTItMTU5ZDlkZTQ4ZTlmXkEyXkFqcGdeQXVyMDc5ODIzMw@@._V1_.jpg","C:\\Users\\asus\\AppData\\Roaming\\Trak\\data\\Show-SecretInvasion\\assets\\MV5BOTg3ODY0OTgtYWNlMC00ZjcwLTgxNDYtZDAxYzJhZDRhZWMxXkEyXkFqcGdeQXVyNDQxOTAyNA@@._V1_.jpg","C:\\Users\\asus\\AppData\\Roaming\\Trak\\data\\Show-SecretInvasion\\assets\\MV5BM2VkZThiMDYtOGE0ZC00MDc4LWJhZjItNjIyMDZkNTdhNzQ4XkEyXkFqcGdeQXVyMTE2Mzg1NTEy._V1_.jpg","C:\\Users\\asus\\AppData\\Roaming\\Trak\\data\\Show-SecretInvasion\\assets\\MV5BN2UxZjJhOWQtYzZhOS00ZGJmLTk3MTEtNjRlMDFhMDQ0ZjYzXkEyXkFqcGdeQXVyNzAwMjU2MTY@._V1_.jpg","C:\\Users\\asus\\AppData\\Roaming\\Trak\\data\\Show-SecretInvasion\\assets\\MV5BZTUwMDJiNGYtNTZiYy00OTdjLWIwM2YtOTNjYWIzNGRhMGQxXkEyXkFqcGdeQXVyMTMxNzI1NzM0._V1_.jpg","C:\\Users\\asus\\AppData\\Roaming\\Trak\\data\\Show-SecretInvasion\\assets\\MV5BZmUwYzY0ZWEtOWI5Yi00YzBmLWIxNjQtN2NlZGI4ZjI0ZjZjXkEyXkFqcGdeQXVyMTUzMTg2ODkz._V1_.jpg","C:\\Users\\asus\\AppData\\Roaming\\Trak\\data\\Show-SecretInvasion\\assets\\MV5BNDNlNDY5MzEtOWEyYy00M2MzLWI2MDEtM2Q4YzgzM2RhMmQxXkEyXkFqcGdeQXVyMTUzMTg2ODkz._V1_.jpg","C:\\Users\\asus\\AppData\\Roaming\\Trak\\data\\Show-SecretInvasion\\assets\\MV5BMDQ4MzQ0MzMtNmQ4Mi00ZTM2LTkwOWMtNzI1YzY0ZmY3MmY2XkEyXkFqcGdeQXVyMTUzMTg2ODkz._V1_.jpg","C:\\Users\\asus\\AppData\\Roaming\\Trak\\data\\Show-SecretInvasion\\assets\\MV5BYTI2NDkxMGItYTdjMS00NGZjLTk5Y2MtYjk1NWRkMjE2MDg0XkEyXkFqcGdeQXVyMTUzMTg2ODkz._V1_.jpg","C:\\Users\\asus\\AppData\\Roaming\\Trak\\data\\Show-SecretInvasion\\assets\\MV5BNWFlYTZmY2EtNDIzZS00MWFjLWJkNDAtNjNkNmQ5YmE1ODA1XkEyXkFqcGdeQXVyMTUzMTg2ODkz._V1_.jpg","C:\\Users\\asus\\AppData\\Roaming\\Trak\\data\\Show-SecretInvasion\\assets\\MV5BNmIxNjkwNDYtYTEzNi00NTA3LTg2M2QtMDU1NjU4Yjg1MjBiXkEyXkFqcGdeQXVyMTUzMTg2ODkz._V1_.jpg","C:\\Users\\asus\\AppData\\Roaming\\Trak\\data\\Show-SecretInvasion\\assets\\MV5BYWU0MzIxOWQtOWNkZS00NmQ2LWJhNTQtZjdiZjBiZWJhNmM0XkEyXkFqcGdeQXVyMTUzMTg2ODkz._V1_.jpg","C:\\Users\\asus\\AppData\\Roaming\\Trak\\data\\Show-SecretInvasion\\assets\\MV5BMGRkYzEzYjctZmM5Yy00YzkzLWJiNjQtMmEzNmEwMmQxMjAyXkEyXkFqcGdeQXVyMTUzMTg2ODkz._V1_.jpg","C:\\Users\\asus\\AppData\\Roaming\\Trak\\data\\Show-SecretInvasion\\assets\\MV5BZWVkYTM1NjgtNzliZC00MDk1LWI3YzQtYzE3MzZhZWZhMWNlXkEyXkFqcGdeQXVyMjQwMDg0Ng@@._V1_.jpg","C:\\Users\\asus\\AppData\\Roaming\\Trak\\data\\Show-SecretInvasion\\assets\\MV5BMzgwODE5NDAtYzUxNC00YWQ2LThhOWUtNzVlN2Y4MjVjNGEyXkEyXkFqcGdeQXVyMTUzMTg2ODkz._V1_.jpg","C:\\Users\\asus\\AppData\\Roaming\\Trak\\data\\Show-SecretInvasion\\assets\\MV5BMWU4MDcxY2YtMWRmZS00YWVmLTgwNmQtYzZiNWZhM2RkMmY1XkEyXkFqcGdeQXVyMTUzMTg2ODkz._V1_.jpg","C:\\Users\\asus\\AppData\\Roaming\\Trak\\data\\Show-SecretInvasion\\assets\\MV5BMjJiNGVkYmQtOTMyMy00ZTc3LWE1YTAtNjY5YTRlMThjM2I5XkEyXkFqcGdeQXVyODA5MTIwNDk@._V1_.jpg","C:\\Users\\asus\\AppData\\Roaming\\Trak\\data\\Show-SecretInvasion\\assets\\MV5BZWYyODFhZGQtY2I0Yy00ZTVjLWE3MGMtZTRlOGZiMTlkOTI4XkEyXkFqcGdeQXVyODA5MTIwNDk@._V1_.jpg","C:\\Users\\asus\\AppData\\Roaming\\Trak\\data\\Show-SecretInvasion\\assets\\MV5BZmIxODgwZjMtNDk4ZS00YjhlLTgzMDItYmY2NjM4ZWNjN2E1XkEyXkFqcGdeQXVyODA5MTIwNDk@._V1_.jpg","C:\\Users\\asus\\AppData\\Roaming\\Trak\\data\\Show-SecretInvasion\\assets\\MV5BM2E4OTYxZTctYWM0NS00OTcxLWIxMzktNmE5MGI1NWE3YjI5XkEyXkFqcGdeQXVyODA5MTIwNDk@._V1_.jpg","C:\\Users\\asus\\AppData\\Roaming\\Trak\\data\\Show-SecretInvasion\\assets\\MV5BYmNhMWZkZWEtZTI2OS00NjMyLWE5NjAtOWFkNWVkNDllMjlmXkEyXkFqcGdeQXVyODA5MTIwNDk@._V1_.jpg","C:\\Users\\asus\\AppData\\Roaming\\Trak\\data\\Show-SecretInvasion\\assets\\MV5BYTY2ZDUyZmUtMDdkZS00MDFhLTg0OWUtZTIwZDYzMTZjNTg1XkEyXkFqcGdeQXVyODA5MTIwNDk@._V1_.jpg","C:\\Users\\asus\\AppData\\Roaming\\Trak\\data\\Show-SecretInvasion\\assets\\MV5BMTc1Nzc1MWItMWMwNy00NDY0LWIxYjUtNjYzZjFhZjQyODQzXkEyXkFqcGdeQXVyNTA4NzExMDg@._V1_.jpg","C:\\Users\\asus\\AppData\\Roaming\\Trak\\data\\Show-SecretInvasion\\assets\\MV5BYmQyNjYwMjItZmMyNC00N2UxLTg5NTUtODRiYzJiMmQ0M2RkXkEyXkFqcGdeQXVyNTA4NzExMDg@._V1_.jpg","C:\\Users\\asus\\AppData\\Roaming\\Trak\\data\\Show-SecretInvasion\\assets\\MV5BNjI3NDA2ZjMtOTI0ZS00MTZmLTgwYTctNmVlZTI4MTE5MmZhXkEyXkFqcGdeQXVyNTA4NzExMDg@._V1_.jpg","C:\\Users\\asus\\AppData\\Roaming\\Trak\\data\\Show-SecretInvasion\\assets\\MV5BZGY0MDc5MjYtMzQxOS00NmE3LWJkMTItMmZhYTQ2YjI5ODhkXkEyXkFqcGdeQXVyODA5MTIwNDk@._V1_.jpg","C:\\Users\\asus\\AppData\\Roaming\\Trak\\data\\Show-SecretInvasion\\assets\\MV5BMjc3MDVjMmItNWMwMS00NjI1LTg1NDgtYWNlMTM4N2E4OGUxXkEyXkFqcGdeQXVyODA5MTIwNDk@._V1_.jpg","C:\\Users\\asus\\AppData\\Roaming\\Trak\\data\\Show-SecretInvasion\\assets\\MV5BZDM3NjVlN2YtYzc3Yy00ZjIzLWE3ZWItODI1YTE0ZmM2NGUxXkEyXkFqcGdeQXVyODA5MTIwNDk@._V1_.jpg","C:\\Users\\asus\\AppData\\Roaming\\Trak\\data\\Show-SecretInvasion\\assets\\MV5BMmUyN2U3NzYtNTZhOC00MjY4LTk4YTEtYTg4OWY2OTk3ZDc4XkEyXkFqcGdeQXVyNjExMzk4NjU@._V1_.jpg","C:\\Users\\asus\\AppData\\Roaming\\Trak\\data\\Show-SecretInvasion\\assets\\MV5BN2Y0NWViMWYtMjU4OC00YTllLTkzYjAtM2JmNTJmNWY0MWE0XkEyXkFqcGdeQXVyNTA4NzExMDg@._V1_.jpg","C:\\Users\\asus\\AppData\\Roaming\\Trak\\data\\Show-SecretInvasion\\assets\\MV5BMmNjNzIxNDctZTQzMC00M2U4LWEyYzMtMGEzNjgwZWI5NTYwXkEyXkFqcGdeQXVyNTA4NzExMDg@._V1_.jpg","C:\\Users\\asus\\AppData\\Roaming\\Trak\\data\\Show-SecretInvasion\\assets\\MV5BZWY0YWJiMDQtNTk3Ny00Y2MwLTg3ZWUtYzc1MDdlNDlhMjNmXkEyXkFqcGdeQXVyNTA4NzExMDg@._V1_.jpg","C:\\Users\\asus\\AppData\\Roaming\\Trak\\data\\Show-SecretInvasion\\assets\\MV5BMTkwYTg0ZGItNTdmNy00MzExLTg1MjQtYjQxOTNmODNmOWFlXkEyXkFqcGdeQXVyMTE5NDQ1MzQ3._V1_.jpg","C:\\Users\\asus\\AppData\\Roaming\\Trak\\data\\Show-SecretInvasion\\assets\\MV5BMWE5NjQ2MzktNDQ4Zi00M2MyLTlmMzQtZDNlN2UzNjJhODYwXkEyXkFqcGdeQXVyMTA5MDMyNTY3._V1_.jpg","C:\\Users\\asus\\AppData\\Roaming\\Trak\\data\\Show-SecretInvasion\\assets\\MV5BM2MwYmVhNjMtODQyOS00NDQwLTljMzYtNzZjZDNkZTFiNGYzXkEyXkFqcGdeQXVyMTA5MDMyNTY3._V1_.jpg","C:\\Users\\asus\\AppData\\Roaming\\Trak\\data\\Show-SecretInvasion\\assets\\MV5BOGMyZjZkNGUtOTZhNS00OTFkLTkwYmQtZjAzZWVjMzY3MGJiXkEyXkFqcGdeQXVyMTA5MDMyNTY3._V1_.jpg","C:\\Users\\asus\\AppData\\Roaming\\Trak\\data\\Show-SecretInvasion\\assets\\MV5BOWY5YTUxYTEtNTA2Ni00M2NjLTkyNjctZjY4OWIwMGJlMWYzXkEyXkFqcGdeQXVyMTA5MDMyNTY3._V1_.jpg","C:\\Users\\asus\\AppData\\Roaming\\Trak\\data\\Show-SecretInvasion\\assets\\MV5BYmExZTIzYWUtNTZjZS00OWMwLWEzYTQtYzBjZmVkM2EyMWZlXkEyXkFqcGdeQXVyMTA5MDMyNTY3._V1_.jpg","C:\\Users\\asus\\AppData\\Roaming\\Trak\\data\\Show-SecretInvasion\\assets\\MV5BMTM5ODlmMmMtMmIyMS00NWFhLWFlY2YtNjM1OTQwY2ZlNjU5XkEyXkFqcGdeQXVyMTA5MDMyNTY3._V1_.jpg","C:\\Users\\asus\\AppData\\Roaming\\Trak\\data\\Show-SecretInvasion\\assets\\MV5BN2U2YmEwMDMtNWJhOC00MzhjLTg2ZjctYWI0ZjM2MmJlMjQyXkEyXkFqcGdeQXVyMTA5MDMyNTY3._V1_.jpg","C:\\Users\\asus\\AppData\\Roaming\\Trak\\data\\Show-SecretInvasion\\assets\\MV5BNmIwNDRiZjEtNTUxNi00ODM2LTkzZTgtNDVhMmZjMDRiYzk2XkEyXkFqcGdeQXVyMTA5MDMyNTY3._V1_.jpg","C:\\Users\\asus\\AppData\\Roaming\\Trak\\data\\Show-SecretInvasion\\assets\\MV5BNWI1YzI0OTgtMDcxZi00N2U2LWE0MGUtYzdmN2IxZWZjYmI0XkEyXkFqcGdeQXVyMTA5MDMyNTY3._V1_.jpg","C:\\Users\\asus\\AppData\\Roaming\\Trak\\data\\Show-SecretInvasion\\assets\\MV5BMDIwOWYwMWQtNDk1My00ZGMxLWFiMmMtOWJhNGVlMzhiN2ZkXkEyXkFqcGdeQXVyMTA5MDMyNTY3._V1_.jpg","C:\\Users\\asus\\AppData\\Roaming\\Trak\\data\\Show-SecretInvasion\\assets\\MV5BZjc3NDA1MjEtNzFjYS00MGVkLWIwY2QtN2Q4ZDUxNzgzYTRiXkEyXkFqcGdeQXVyMTA5MDMyNTY3._V1_.jpg","C:\\Users\\asus\\AppData\\Roaming\\Trak\\data\\Show-SecretInvasion\\assets\\MV5BZDdkMjI2YjktMGNkMC00NzNlLTg5YmMtOWE4MGI1YjI0Mzc5XkEyXkFqcGdeQXVyMTA5MDMyNTY3._V1_.jpg","C:\\Users\\asus\\AppData\\Roaming\\Trak\\data\\Show-SecretInvasion\\assets\\MV5BYmZiMTExYzQtMWIxYS00ZThhLWIwYzItMjMxYjAzODEzNGY2XkEyXkFqcGdeQXVyMjM1OTE3ODQ@._V1_.jpg","C:\\Users\\asus\\AppData\\Roaming\\Trak\\data\\Show-SecretInvasion\\assets\\MV5BZmU5NDViYTAtYjYyYS00MzZiLWI2NWYtNGYzNTM3NTNhNTBiXkEyXkFqcGdeQXVyNTA4NzExMDg@._V1_.jpg","C:\\Users\\asus\\AppData\\Roaming\\Trak\\data\\Show-SecretInvasion\\assets\\MV5BMmIyNDY1OTMtMTQ2OS00MTA3LWI4OWYtOWI1NTAwY2YyMmRiXkEyXkFqcGdeQXVyMTU4NTU1NzA4._V1_.jpg","C:\\Users\\asus\\AppData\\Roaming\\Trak\\data\\Show-SecretInvasion\\assets\\MV5BNzgyMmYxMzgtMjU1Yi00MWUzLTkyZGMtYmY3YWVmMGQ3YzA0XkEyXkFqcGdeQXVyMTQ5ODk2NjMw._V1_.jpg","C:\\Users\\asus\\AppData\\Roaming\\Trak\\data\\Show-SecretInvasion\\assets\\MV5BNDk2OTM4NDItN2E5Yi00ODExLTkzODYtMGUxODA5MjQ3ZGQwXkEyXkFqcGdeQXVyNTA4NzExMDg@._V1_.jpg","C:\\Users\\asus\\AppData\\Roaming\\Trak\\data\\Show-SecretInvasion\\assets\\MV5BYjk5NzQyMzItMTY4ZS00NTZmLWE4MWMtMWIwOTNjMWFlNWFkXkEyXkFqcGdeQXVyMTQ5ODk2NjMw._V1_.jpg","C:\\Users\\asus\\AppData\\Roaming\\Trak\\data\\Show-SecretInvasion\\assets\\MV5BYmNhMWQ4M2QtN2QzYy00ZDk3LTg0YzAtMDY1MDYxMzFlZTUyXkEyXkFqcGdeQXVyMTY1MTEzMDk0._V1_.jpg","C:\\Users\\asus\\AppData\\Roaming\\Trak\\data\\Show-SecretInvasion\\assets\\MV5BNzY0MzM0ZGUtODkwNS00MmVkLWJlZDMtOTkwNGFkZWFkNmI5XkEyXkFqcGdeQXVyMTY1MTEzMDk0._V1_.jpg","C:\\Users\\asus\\AppData\\Roaming\\Trak\\data\\Show-SecretInvasion\\assets\\MV5BYjljZWM0YmItOWY1Ny00MzFkLWFjMTgtMjdhZjk0MDA2NmMzXkEyXkFqcGdeQXVyMTY1MTEzMDk0._V1_.jpg","C:\\Users\\asus\\AppData\\Roaming\\Trak\\data\\Show-SecretInvasion\\assets\\MV5BMzMyY2MwYjMtOTZlMy00Y2ZiLTgwZjQtNzAyYzUxMWRjYWRiXkEyXkFqcGdeQXVyMTY1MTEzMDk0._V1_.jpg","C:\\Users\\asus\\AppData\\Roaming\\Trak\\data\\Show-SecretInvasion\\assets\\MV5BYmJhNWEyOWEtMzdiNy00N2Q0LWJmM2EtOTgxODJkYzkwN2FhXkEyXkFqcGdeQXVyMTY1MTEzMDk0._V1_.jpg","C:\\Users\\asus\\AppData\\Roaming\\Trak\\data\\Show-SecretInvasion\\assets\\MV5BZmRmNmQyZWItYWE4OC00NTc2LThiMjEtN2MyODhmNGM3NTNjXkEyXkFqcGdeQXVyMTY1MTEzMDk0._V1_.jpg","C:\\Users\\asus\\AppData\\Roaming\\Trak\\data\\Show-SecretInvasion\\assets\\MV5BOWYwYjcwNTctN2JjMy00MmZiLThmY2UtNDI2MDFjMzRjNzM0XkEyXkFqcGdeQXVyMTY1MTEzMDk0._V1_.jpg","C:\\Users\\asus\\AppData\\Roaming\\Trak\\data\\Show-SecretInvasion\\assets\\MV5BMjRmMjhhZTEtZDk2MS00ODgzLTk3NDEtZThiOTQxZTk0ZDBlXkEyXkFqcGdeQXVyMTY1MTEzMDk0._V1_.jpg","C:\\Users\\asus\\AppData\\Roaming\\Trak\\data\\Show-SecretInvasion\\assets\\MV5BN2QwNGNmOTUtYjA1Ny00ZjYwLTg2MjYtZGI4ODkxMWI1NjE1XkEyXkFqcGdeQXVyMTY1MTEzMDk0._V1_.jpg","C:\\Users\\asus\\AppData\\Roaming\\Trak\\data\\Show-SecretInvasion\\assets\\MV5BOTFiNzhhZDUtYmU4NS00YTc3LWEwZDQtZDZmMjVhMjRiNWU0XkEyXkFqcGdeQXVyMTY1MTEzMDk0._V1_.jpg","C:\\Users\\asus\\AppData\\Roaming\\Trak\\data\\Show-SecretInvasion\\assets\\MV5BMDkyYjRjNTQtYzM5Ni00NDFmLWJkZmEtNzlmZTExYjc2ZjBjXkEyXkFqcGdeQXVyMTY1MTEzMDk0._V1_.jpg","C:\\Users\\asus\\AppData\\Roaming\\Trak\\data\\Show-SecretInvasion\\assets\\MV5BMzhmNzA0MTMtMTZiOS00NzUzLWIzZWUtMWRhNGQ2MDViOGFkXkEyXkFqcGdeQXVyMTY1MTEzMDk0._V1_.jpg","C:\\Users\\asus\\AppData\\Roaming\\Trak\\data\\Show-SecretInvasion\\assets\\MV5BNGRjMzE4NTktYmUzYS00ODU4LTlkMDYtNWY5MmNmN2FjZDZmXkEyXkFqcGdeQXVyMTY1MTEzMDk0._V1_.jpg","C:\\Users\\asus\\AppData\\Roaming\\Trak\\data\\Show-SecretInvasion\\assets\\MV5BZTBmZTk0ZjMtNjM0YS00MzFkLTg3YjctY2FmNTdjYWUwOWJjXkEyXkFqcGdeQXVyMTY1MTEzMDk0._V1_.jpg","C:\\Users\\asus\\AppData\\Roaming\\Trak\\data\\Show-SecretInvasion\\assets\\MV5BNGIwMzViNGYtMjkyNS00N2M5LTk0NmUtYjI4NGQ3YzQyMWNjXkEyXkFqcGdeQXVyMTY1MTEzMDk0._V1_.jpg","C:\\Users\\asus\\AppData\\Roaming\\Trak\\data\\Show-SecretInvasion\\assets\\MV5BZjgwZGMyYWUtMWEyMy00YmM1LTllZTEtM2M4YzllOTc2YTBkXkEyXkFqcGdeQXVyMTY1MTEzMDk0._V1_.jpg","C:\\Users\\asus\\AppData\\Roaming\\Trak\\data\\Show-SecretInvasion\\assets\\MV5BMWM0ZjgxYmItMTEwNi00OGVjLWI2ODctYzAyMjYwMzlmZTE1XkEyXkFqcGdeQXVyMTY1MTEzMDk0._V1_.jpg","C:\\Users\\asus\\AppData\\Roaming\\Trak\\data\\Show-SecretInvasion\\assets\\MV5BYmI4OGRhYjAtODEyZC00N2M2LWIwMTQtOWZmMzk0ZTBjNTk1XkEyXkFqcGdeQXVyMTY1MTEzMDk0._V1_.jpg","C:\\Users\\asus\\AppData\\Roaming\\Trak\\data\\Show-SecretInvasion\\assets\\MV5BNTIxNzk1YzUtMjc2NS00ZGJkLTliYWItYTAzYTk0NTA2MjNiXkEyXkFqcGdeQXVyMTUwMzU2OTY2._V1_.jpg","C:\\Users\\asus\\AppData\\Roaming\\Trak\\data\\Show-SecretInvasion\\assets\\MV5BMWFiZDBmYzktMzhjZS00MGQyLWIyNjktMDViMzUwMWVhOTg1XkEyXkFqcGdeQXVyMTUwMzU2OTY2._V1_.jpg","C:\\Users\\asus\\AppData\\Roaming\\Trak\\data\\Show-SecretInvasion\\assets\\MV5BZWM5Y2NiZmMtODRhMS00NjQ2LTgyYTEtMzA3MWNlYTQxY2I1XkEyXkFqcGdeQXVyMTUwMzU2OTY2._V1_.jpg","C:\\Users\\asus\\AppData\\Roaming\\Trak\\data\\Show-SecretInvasion\\assets\\MV5BMWNhNWQ1ZWEtMTk2Ni00MWFkLWFjOGUtYTFmZTVmNzU2MzcwXkEyXkFqcGdeQXVyMTUwMzU2OTY2._V1_.jpg","C:\\Users\\asus\\AppData\\Roaming\\Trak\\data\\Show-SecretInvasion\\assets\\MV5BNjJmZGJlNWItZWZmZC00OGE0LTlhYjQtMzE0ZGY1ZGM3MzZiXkEyXkFqcGdeQXVyMTUwMzU2OTY2._V1_.jpg","C:\\Users\\asus\\AppData\\Roaming\\Trak\\data\\Show-SecretInvasion\\assets\\MV5BNGYyMTg2YjQtNjM5ZS00YWQzLTk1NjMtMzMxYTYxYjcxZWUzXkEyXkFqcGdeQXVyMTA5MDMyNTY3._V1_.jpg","C:\\Users\\asus\\AppData\\Roaming\\Trak\\data\\Show-SecretInvasion\\assets\\MV5BOGNlZmMxOTUtNWNhNC00YTg1LTk0MGUtNTFhMzViZjAyNDI2XkEyXkFqcGdeQXVyNTA4NzExMDg@._V1_.jpg","C:\\Users\\asus\\AppData\\Roaming\\Trak\\data\\Show-SecretInvasion\\assets\\MV5BNDA2Zjg2NWUtNWUzMi00N2UwLWFkZGYtOTE4ODJmZDg2YWFkXkEyXkFqcGdeQXVyMjk3NTUyOTc@._V1_.jpg","C:\\Users\\asus\\AppData\\Roaming\\Trak\\data\\Show-SecretInvasion\\assets\\MV5BZTM4Nzk1YjktOTkxYi00ZDRlLThkMWItYTE0OTJkOTA5ODA1XkEyXkFqcGdeQXVyMjk3NTUyOTc@._V1_.jpg","C:\\Users\\asus\\AppData\\Roaming\\Trak\\data\\Show-SecretInvasion\\assets\\MV5BMWNkOTAzNGMtNTk5Yi00ZjQxLWFiZTQtOGE4YWM4NGFkOTliXkEyXkFqcGdeQXVyNzA4NTc5MjE@._V1_.jpg","C:\\Users\\asus\\AppData\\Roaming\\Trak\\data\\Show-SecretInvasion\\assets\\MV5BYzIxYTBiZTAtM2EzYS00MTgyLWIxYjEtZjRlOTc5MGJlYTAyXkEyXkFqcGdeQXVyNzA4NTc5MjE@._V1_.jpg","C:\\Users\\asus\\AppData\\Roaming\\Trak\\data\\Show-SecretInvasion\\assets\\MV5BOTY2ZWE0ODYtZDVlYS00ODRlLTk3YWUtMjkyMzkyZTJhZmNjXkEyXkFqcGdeQXVyMjg3NTU2Mzk@._V1_.jpg","C:\\Users\\asus\\AppData\\Roaming\\Trak\\data\\Show-SecretInvasion\\assets\\MV5BZWJmNzlmYjYtOTFkZC00NzQ3LWJkODItMzFhZTIzZGIyY2Q0XkEyXkFqcGdeQXVyMjg3NTU2Mzk@._V1_.jpg"],"content":[{"scenario":"Season","name":"Season 1","start":"","end":"","status":"","episodes":[{"name":"Episode 1","watched":"","rating":"","review":""},{"name":"Episode 2","watched":"","rating":"","review":""},{"name":"Episode 3","watched":"","rating":"","review":""},{"name":"Episode 4","watched":"","rating":"","review":""},{"name":"Episode 5","watched":"","rating":"","review":""},{"name":"Episode 6","watched":"","rating":"","review":""}]}]}