{"category":"Film","name":"The Core","alternateName":"The Core, El núcleo, The Core - Der innere Kern, A mag, Au coeur de la terre, Bërthama e tokës, Centrul Pământului, Core, Detonação, El núcleo - Misión al centro de la tierra, Fusion, Fusion - The core, Jadro, Jádro, Jądro Ziemi, Jedro, Jezgra, Jezgro, Kor, O Núcleo: Missão ao Centro da Terra, O pyrinas: Apostoli sto kentro tis Gis, Tâm Trái Đất, The Core (El núcleo), Ytimessä, Žemes branduolys, Ο πυρήνας: Αποστολή στο κέντρο της Γης, Земне ядро: Кидок у пекло, Земное ядро, Ядрото, द कोर, ザ・コア, 地心毀滅","review":"","directors":"Jon Amiel","producers":"Sean Bailey, Mark Cartier, David Foster, David B. Householter, Cooper Layne","writers":"Cooper Layne, John Rogers","musicians":"","editors":"","cinematographers":"","distributors":"01 Distribution, Gaga, Humax Pictures, Paramount Films of India, Paramount Pictures, United International Pictures (UIP), United International Pictures (UIP), United International Pictures (UIP), United International Pictures (UIP), United International Pictures (UIP), United International Pictures (UIP), United International Pictures (UIP), United International Pictures (UIP), United International Pictures (UIP), United International Pictures (UIP), United International Pictures (UIP), United International Pictures (UIP), United International Pictures (UIP), United International Pictures (UIP), United International Pictures (UIP), United International Pictures (UIP), United International Pictures, 01 Distribution, 01 Home Entertainment, 01 Home Entertainment, 9Gem, DNC Home Entertainment, DNC Home Entertainment, Finnkino, MovieLine Entertainment, Nelonen, Paramount Home Entertainment, Paramount Home Entertainment, Paramount Home Entertainment, Paramount Home Entertainment, Paramount Home Entertainment, Paramount Home Entertainment, Paramount Home Entertainment, Paramount Home Entertainment, Paramount Home Entertainment, Paramount Home Entertainment, Paramount Home Entertainment, Paramount Home Entertainment, Paramount Home Entertainment, Paramount Home Entertainment, Paramount Home Entertainment, Paramount Home Entertainment, Paramount Home Entertainment, Paramount Home Entertainment, Paramount Home Entertainment, Shout Select, Shout! Factory","productionCompanies":"Paramount Pictures, David Foster Productions, Munich Film Partners New Century & Company (MFP) Core Productions, Rai Cinema, StudioCanal, Core Productions, Horsepower Films, LivePlanet","stars":"Christopher Shyer, Ray Galletti, Eileen Pedde, Rekha Sharma, Tom Scholte, Aaron Eckhart, Glenn Morshower, Anthony Harrison, Tchéky Karyo, Richard Jenkins, Bart Anderson, Nicole Leroux, Justin Callan, Chris Humphreys, Hilary Swank, Dion Johnstone, Bruce Greenwood, Alfre Woodard, Fred Ewanuick, Hrothgar Mathews, Ming-Tzong Hong, Stanley Tucci, Jennifer Spence, Michael St. John Smith, John Shaw, Delroy Lindo, DJ Qualls, Nickolas Baric, Fred Keating, Rosa Di Brigida, Roberto Roberto, Ermanno De Biagi, Marcello Laurentis, Greg Bennett, Matt Winston, Claire Riley, Marke Driesschen, Laurie Murdoch, Costa Spanos, Monique Martel, Lenie Scoffié, Nathaniel DeVeaux, Robert Manitopyes, Alejandro Abellan, Benjamin Barton, Jeffrey Gold, Dale Hawes, Angelica Hayden, Rick Kain, Robert Paul Lewis, Jon Lindsey, Pamela Martin, Alec Medlock, Dan Olivo, Alonso Oyarzun, Priscilla Poland, Ryan Poland","genres":[["Action","Adventure","AlternateHistory","Amateur","Animation","Anthology","Art","Biopic","Comedy","Crime","Cyberpunk","Detective","Docudrama","Documentary","Drama","Dystopian","Fantasy","Gangster","Ghost","Gore","Gothic","Heist","Historical","Holiday","Horror","Instructional","Military","Monster","Musical","Mystery","Nature","Paranormal","Parody","Political","PostApocalyptic","Psychological","Reality","Religious","Revisionist","Romance","Satire","SciFi","Space","SpaceOpera","Sports","Spy","StopMotion","Superhero","Thriller","Utopian","Vampire","Vigilante","Western","Zombie"],[true,true,false,false,false,false,false,false,false,false,false,false,false,false,false,false,false,false,false,false,false,false,false,false,false,false,false,false,false,false,false,false,false,false,false,false,false,false,false,false,false,true,false,false,false,false,false,false,true,false,false,false,false,false],[""]],"synopsis":"The only way to save Earth from catastrophe is to drill down to the core and set it spinning again.","rating":"","release":"2003-03-28","runTime":"135 m","watched":"","img":["C:\\Users\\asus\\AppData\\Roaming\\Trak\\data\\Film-TheCore\\assets\\MV5BMWEwZDk1MjUtMTM4YS00NWZlLWEyYmEtNjYwNWQ3MTA2M2M5XkEyXkFqcGdeQXVyMTAyOTE2ODg0._V1_.jpg","C:\\Users\\asus\\AppData\\Roaming\\Trak\\data\\Film-TheCore\\assets\\MV5BZTIyMzg2NzEtM2Y5Mi00Mzc4LTk4MmYtNGI3MGM1ZDhiMDhmXkEyXkFqcGdeQXVyODc0OTEyNDU@._V1_.jpg","C:\\Users\\asus\\AppData\\Roaming\\Trak\\data\\Film-TheCore\\assets\\MV5BMWQzNzMxZDktNTE3Yy00NmRmLWJiOTktMWUyMThlMWQ0ZmE4XkEyXkFqcGdeQXVyODIyOTEyMzY@._V1_.jpg","C:\\Users\\asus\\AppData\\Roaming\\Trak\\data\\Film-TheCore\\assets\\MV5BMTY3MTY3MzkzNl5BMl5BanBnXkFtZTYwNTAwNDk2._V1_.jpg","C:\\Users\\asus\\AppData\\Roaming\\Trak\\data\\Film-TheCore\\assets\\MV5BMTg0Mjg2OTE2NV5BMl5BanBnXkFtZTYwOTAwNDk2._V1_.jpg","C:\\Users\\asus\\AppData\\Roaming\\Trak\\data\\Film-TheCore\\assets\\MV5BMTI1NDk4Njk4M15BMl5BanBnXkFtZTcwOTQ0MTQyMQ@@._V1_.jpg","C:\\Users\\asus\\AppData\\Roaming\\Trak\\data\\Film-TheCore\\assets\\MV5BZGZmOGM4NzUtZWJlZS00NzA2LWI5ZmUtYTcyY2UyOTEzZDZhXkEyXkFqcGdeQXVyMzUwNDIxMjQ@._V1_.jpg","C:\\Users\\asus\\AppData\\Roaming\\Trak\\data\\Film-TheCore\\assets\\MV5BOWNhNjQ1ZGMtMzA1OC00OWZlLWE4MWUtNDI3MDhiZmVhYmIxXkEyXkFqcGdeQXVyNjkwOTQ4MDE@._V1_.jpg","C:\\Users\\asus\\AppData\\Roaming\\Trak\\data\\Film-TheCore\\assets\\MV5BZGUyMGJmZDMtOTA2MS00NzgyLWFiNmEtOGE2Mjk1YTc5NjVjXkEyXkFqcGdeQXVyMjI0Mjg2NzE@._V1_.jpg","C:\\Users\\asus\\AppData\\Roaming\\Trak\\data\\Film-TheCore\\assets\\MV5BYjZkNTJmMTMtNTVmNi00ZTI5LTliZTAtOGNhZjZkM2FkYmQ5XkEyXkFqcGdeQXVyMjI0Mjg2NzE@._V1_.jpg","C:\\Users\\asus\\AppData\\Roaming\\Trak\\data\\Film-TheCore\\assets\\MV5BMzBhYzE3NjUtMDRmNS00NzU2LThjYzktMmUxNmNlMGMyYjlhXkEyXkFqcGdeQXVyMjI0Mjg2NzE@._V1_.jpg","C:\\Users\\asus\\AppData\\Roaming\\Trak\\data\\Film-TheCore\\assets\\MV5BZDlkYjM1YjYtNGQwMi00Mjg3LWJlZmMtOTJiM2I4OWFhMWI0XkEyXkFqcGdeQXVyMjI0Mjg2NzE@._V1_.jpg","C:\\Users\\asus\\AppData\\Roaming\\Trak\\data\\Film-TheCore\\assets\\MV5BNDUwYzMwZjktMmYwYi00YzE3LTljNTctZjdhN2JlNmFjZGQyXkEyXkFqcGdeQXVyMjI0Mjg2NzE@._V1_.jpg","C:\\Users\\asus\\AppData\\Roaming\\Trak\\data\\Film-TheCore\\assets\\MV5BOTRmZWYyMDctOGVmOC00OTM4LTk0MWYtZWEyZjNkM2UyMzM4XkEyXkFqcGdeQXVyMjI0Mjg2NzE@._V1_.jpg","C:\\Users\\asus\\AppData\\Roaming\\Trak\\data\\Film-TheCore\\assets\\MV5BMTQyNDYyMjIyOF5BMl5BanBnXkFtZTYwNzU5Mzk2._V1_.jpg","C:\\Users\\asus\\AppData\\Roaming\\Trak\\data\\Film-TheCore\\assets\\MV5BMTM1NDA1MDI4OF5BMl5BanBnXkFtZTYwOTU5Mzk2._V1_.jpg","C:\\Users\\asus\\AppData\\Roaming\\Trak\\data\\Film-TheCore\\assets\\MV5BMTU1NDQ4NTA4MV5BMl5BanBnXkFtZTYwMjY5Mzk2._V1_.jpg","C:\\Users\\asus\\AppData\\Roaming\\Trak\\data\\Film-TheCore\\assets\\MV5BNjM3OTI0NzAyNl5BMl5BanBnXkFtZTYwMzY5Mzk2._V1_.jpg","C:\\Users\\asus\\AppData\\Roaming\\Trak\\data\\Film-TheCore\\assets\\MV5BMjA2NTY0NjQ2Nl5BMl5BanBnXkFtZTYwNjY5Mzk2._V1_.jpg","C:\\Users\\asus\\AppData\\Roaming\\Trak\\data\\Film-TheCore\\assets\\MV5BMTg5NDEwOTU5N15BMl5BanBnXkFtZTYwNzY5Mzk2._V1_.jpg","C:\\Users\\asus\\AppData\\Roaming\\Trak\\data\\Film-TheCore\\assets\\MV5BNTQ1Mjc1NTc0MV5BMl5BanBnXkFtZTYwOTY5Mzk2._V1_.jpg","C:\\Users\\asus\\AppData\\Roaming\\Trak\\data\\Film-TheCore\\assets\\MV5BMTI3MDkwNjQ4Ml5BMl5BanBnXkFtZTYwMzc5Mzk2._V1_.jpg","C:\\Users\\asus\\AppData\\Roaming\\Trak\\data\\Film-TheCore\\assets\\MV5BMTY5MzkzOTQ5NV5BMl5BanBnXkFtZTYwNzc5Mzk2._V1_.jpg","C:\\Users\\asus\\AppData\\Roaming\\Trak\\data\\Film-TheCore\\assets\\MV5BMTIyODQxNTkwNl5BMl5BanBnXkFtZTYwMDg5Mzk2._V1_.jpg","C:\\Users\\asus\\AppData\\Roaming\\Trak\\data\\Film-TheCore\\assets\\MV5BMTI2ODE5MjAwM15BMl5BanBnXkFtZTYwMTg5Mzk2._V1_.jpg","C:\\Users\\asus\\AppData\\Roaming\\Trak\\data\\Film-TheCore\\assets\\MV5BMjE4MTk2Nzg4Ml5BMl5BanBnXkFtZTYwNTg5Mzk2._V1_.jpg","C:\\Users\\asus\\AppData\\Roaming\\Trak\\data\\Film-TheCore\\assets\\MV5BMjE1NDQxNjU1Ml5BMl5BanBnXkFtZTYwNzg5Mzk2._V1_.jpg","C:\\Users\\asus\\AppData\\Roaming\\Trak\\data\\Film-TheCore\\assets\\MV5BMTIyNTg3NTE1Nl5BMl5BanBnXkFtZTYwOTg5Mzk2._V1_.jpg","C:\\Users\\asus\\AppData\\Roaming\\Trak\\data\\Film-TheCore\\assets\\MV5BMTg5MDc5NTIxOF5BMl5BanBnXkFtZTYwMTk5Mzk2._V1_.jpg","C:\\Users\\asus\\AppData\\Roaming\\Trak\\data\\Film-TheCore\\assets\\MV5BMTIwNzUxNTAxMF5BMl5BanBnXkFtZTYwMzk5Mzk2._V1_.jpg","C:\\Users\\asus\\AppData\\Roaming\\Trak\\data\\Film-TheCore\\assets\\MV5BMTIxMTgzMjU3M15BMl5BanBnXkFtZTYwNTk5Mzk2._V1_.jpg","C:\\Users\\asus\\AppData\\Roaming\\Trak\\data\\Film-TheCore\\assets\\MV5BMTU5MjUyMDE5OV5BMl5BanBnXkFtZTYwNzk5Mzk2._V1_.jpg","C:\\Users\\asus\\AppData\\Roaming\\Trak\\data\\Film-TheCore\\assets\\MV5BMjE4NjkyODkyOV5BMl5BanBnXkFtZTYwOTk5Mzk2._V1_.jpg","C:\\Users\\asus\\AppData\\Roaming\\Trak\\data\\Film-TheCore\\assets\\MV5BMTQ2NjczOTI0NV5BMl5BanBnXkFtZTYwMTAwNDk2._V1_.jpg","C:\\Users\\asus\\AppData\\Roaming\\Trak\\data\\Film-TheCore\\assets\\MV5BMTAxMzI4NjM2OTleQTJeQWpwZ15BbWU2MDMwMDQ5Ng@@._V1_.jpg","C:\\Users\\asus\\AppData\\Roaming\\Trak\\data\\Film-TheCore\\assets\\MV5BN2I5NzQ4YzAtMzdiMC00ZTMxLTliMGMtNzJiZTM3NjVkM2MyXkEyXkFqcGdeQXVyMjI0Mjg2NzE@._V1_.jpg","C:\\Users\\asus\\AppData\\Roaming\\Trak\\data\\Film-TheCore\\assets\\MV5BMTk1MzBiNTUtNmQ0MS00M2VhLWFmYzAtM2QzZjAwMTVhNGY1XkEyXkFqcGdeQXVyMjI0Mjg2NzE@._V1_.jpg","C:\\Users\\asus\\AppData\\Roaming\\Trak\\data\\Film-TheCore\\assets\\MV5BM2FhNzJmOWYtYjRiNy00OGFhLThjNTYtZDFhYWZkYzA4NDlmXkEyXkFqcGdeQXVyMjI0Mjg2NzE@._V1_.jpg","C:\\Users\\asus\\AppData\\Roaming\\Trak\\data\\Film-TheCore\\assets\\MV5BOGMyNmI3YmUtNzAzNy00MWMxLTkzMzctMGFmNWI1MGNjM2M5XkEyXkFqcGdeQXVyMjI0Mjg2NzE@._V1_.jpg","C:\\Users\\asus\\AppData\\Roaming\\Trak\\data\\Film-TheCore\\assets\\MV5BZjYzZDNhYmQtYzQ3MS00ZDgyLWFmN2ItYjUxZWNjNDBjMDAzXkEyXkFqcGdeQXVyMjI0Mjg2NzE@._V1_.jpg","C:\\Users\\asus\\AppData\\Roaming\\Trak\\data\\Film-TheCore\\assets\\MV5BYzZjOWRhMDMtZjZkZS00ZTgyLWFjY2YtOWQ4YjA5ZjY2NGQ0XkEyXkFqcGdeQXVyMjI0Mjg2NzE@._V1_.jpg","C:\\Users\\asus\\AppData\\Roaming\\Trak\\data\\Film-TheCore\\assets\\MV5BNzA4MDNhMDItNWRmZi00YTVlLWJjNmQtZTNiZmM0YjliZGVjXkEyXkFqcGdeQXVyMjI0Mjg2NzE@._V1_.jpg","C:\\Users\\asus\\AppData\\Roaming\\Trak\\data\\Film-TheCore\\assets\\MV5BY2ZkN2QxMzgtYmQ3ZS00MjdmLTg0MDctZjhlMzdmMTcxNzEzXkEyXkFqcGdeQXVyMjI0Mjg2NzE@._V1_.jpg","C:\\Users\\asus\\AppData\\Roaming\\Trak\\data\\Film-TheCore\\assets\\MV5BMjExYzUyNjktMmIxYS00ZDNkLTg1OGUtNWFlNzA3MDUzNDgzXkEyXkFqcGdeQXVyMjI0Mjg2NzE@._V1_.jpg","C:\\Users\\asus\\AppData\\Roaming\\Trak\\data\\Film-TheCore\\assets\\MV5BODllZDhkMzAtYjc0Yy00MTIxLThjMzAtMzhkZjNkMWQ3Y2E3XkEyXkFqcGdeQXVyMjI0Mjg2NzE@._V1_.jpg","C:\\Users\\asus\\AppData\\Roaming\\Trak\\data\\Film-TheCore\\assets\\MV5BMzRlZWM1ODYtYWYzZi00MjJmLTk3MzQtMjFjNjdlNDlmOWU2XkEyXkFqcGdeQXVyMjI0Mjg2NzE@._V1_.jpg","C:\\Users\\asus\\AppData\\Roaming\\Trak\\data\\Film-TheCore\\assets\\MV5BOTUxZjIxZWQtMzI3My00NjFmLTk2Y2MtYmFhMjJhZTM5MTk0XkEyXkFqcGdeQXVyMjI0Mjg2NzE@._V1_.jpg","C:\\Users\\asus\\AppData\\Roaming\\Trak\\data\\Film-TheCore\\assets\\MV5BZWZmOWFhOGUtMzRlNi00OGI5LTljNDUtZDZiNDczOWMxYzQ2XkEyXkFqcGdeQXVyMjI0Mjg2NzE@._V1_.jpg","C:\\Users\\asus\\AppData\\Roaming\\Trak\\data\\Film-TheCore\\assets\\MV5BNjJiM2M5MDItNjkxNC00MGU4LTgwYmItZWRlNDk1MDY2Yzg4XkEyXkFqcGdeQXVyMjI0Mjg2NzE@._V1_.jpg","C:\\Users\\asus\\AppData\\Roaming\\Trak\\data\\Film-TheCore\\assets\\MV5BMTgxZGFhYjYtZmZhNS00Y2MwLTk5MzctZDgzOTRkNjcwNTdmXkEyXkFqcGdeQXVyMjI0Mjg2NzE@._V1_.jpg","C:\\Users\\asus\\AppData\\Roaming\\Trak\\data\\Film-TheCore\\assets\\MV5BZWI2NjY1YWEtYTU3OC00MDU2LThiYzgtNmRhY2QwNjViZTlmXkEyXkFqcGdeQXVyMjI0Mjg2NzE@._V1_.jpg","C:\\Users\\asus\\AppData\\Roaming\\Trak\\data\\Film-TheCore\\assets\\MV5BMzU1Yzk3MDYtMzA4ZS00YjEzLTk4NzgtNjE0ZWE3N2FmZGFmXkEyXkFqcGdeQXVyMjI0Mjg2NzE@._V1_.jpg","C:\\Users\\asus\\AppData\\Roaming\\Trak\\data\\Film-TheCore\\assets\\MV5BZDdjODAyZDItMDMxOS00MjQ5LWJkZDEtMmU1N2JlMTEyY2Q5XkEyXkFqcGdeQXVyMjI0Mjg2NzE@._V1_.jpg","C:\\Users\\asus\\AppData\\Roaming\\Trak\\data\\Film-TheCore\\assets\\MV5BZGRlYTQwMWMtNjFmMS00OGM1LTlkM2YtZDRmNTRmNzhhYTU1XkEyXkFqcGdeQXVyMjg0MzA5NQ@@._V1_.jpg","C:\\Users\\asus\\AppData\\Roaming\\Trak\\data\\Film-TheCore\\assets\\MV5BMDQ3OWQ4MzUtMTQxNS00NDVlLThmN2ItZGJhNjNjMjExMzdiXkEyXkFqcGdeQXVyMjg0MzA5NQ@@._V1_.jpg","C:\\Users\\asus\\AppData\\Roaming\\Trak\\data\\Film-TheCore\\assets\\MV5BY2NlNDlhZWMtNDY2NS00MjFkLTk0OGItNDM3NjZlZDFjODcwXkEyXkFqcGdeQXVyMjg0MzA5NQ@@._V1_.jpg","C:\\Users\\asus\\AppData\\Roaming\\Trak\\data\\Film-TheCore\\assets\\MV5BMjdhZjIyMjEtODdiZC00ZGE1LTlkMjAtMmJkNzViNmZkZjgzXkEyXkFqcGdeQXVyMjg0MzA5NQ@@._V1_.jpg","C:\\Users\\asus\\AppData\\Roaming\\Trak\\data\\Film-TheCore\\assets\\MV5BN2NjMTE2NzMtNTk0MC00YzRiLTkwOGItNDRmZjZmNjU1YTFjXkEyXkFqcGdeQXVyMjg0MzA5NQ@@._V1_.jpg","C:\\Users\\asus\\AppData\\Roaming\\Trak\\data\\Film-TheCore\\assets\\MV5BOTMwZTBmNWUtYjVmMi00YTBkLTkzMzUtYWVjNTZjMmIyZmJmXkEyXkFqcGdeQXVyMjQ5MzExODA@._V1_.jpg","C:\\Users\\asus\\AppData\\Roaming\\Trak\\data\\Film-TheCore\\assets\\MV5BZDZjNDZlMjQtZWEzZS00YzYxLWI2YTktZDIwOTY2ZjFiMjkyXkEyXkFqcGdeQXVyNjY1OTEzMzc@._V1_.jpg"]}