{"category":"Show","name":"Ahsoka","alternateName":"Ahsoka, Асока, Star Wars: Ahsoka, スター・ウォーズ:アソーカ, 亞蘇卡, 阿蘇嘉, Ahsoka, Асока, Star Wars: Ahsoka, スター・ウォーズ:アソーカ, 亞蘇卡, 阿蘇嘉","review":"","directors":"Dave Filoni, Steph Green, Rick Famuyiwa, Jennifer Getzinger, Geeta Vasant Patel, Peter Ramsey, Dave Filoni, Steph Green, Rick Famuyiwa, Jennifer Getzinger, Geeta Vasant Patel, Peter Ramsey","producers":"John Bartnicki, Carrie Beck, Richard Bluff, Jon Favreau, Dave Filoni, Sarah Finn, Karen Gilchrist, John Hampian, Regina Hermosillo, Abbigail Keller, Kathleen Kennedy, R.J. Mino, Kim Richards, Kristen Schreck, Clint Spillers, Heather Wagner-Wang, Colin Wilson, Rachael Lee, John Bartnicki, Carrie Beck, Richard Bluff, Jon Favreau, Dave Filoni, Sarah Finn, Karen Gilchrist, John Hampian, Regina Hermosillo, Abbigail Keller, Kathleen Kennedy, R.J. Mino, Kim Richards, Kristen Schreck, Clint Spillers, Heather Wagner-Wang, Colin Wilson, Rachael Lee","writers":"Dave Filoni, George Lucas, Dave Filoni, George Lucas","musicians":"","editors":"","cinematographers":"","distributors":"Disney+, Disney+, Disney+, Disney+","productionCompanies":"Golem Creations, Lucasfilm, Golem Creations, Lucasfilm","stars":"Rosario Dawson, David Tennant, Natasha Liu Bordizzo, Mary Elizabeth Winstead, Ray Stevenson, Ivanna Sakhno, Diana Lee Inosanto, Eman Esfandi, Hayden Christensen, Nican Robinson, Paul Darnell, Dawn Dininger, Evan Whitten, Lars Mikkelsen, Genevieve O'Reilly, Paul Sun-Hyung Lee, Wes Chatham, Jeryl Prescott, Claudia Black, Jane Edwina Seymour, Chris Bartlett, Nelson Lee, Moe Irvin, Chau Naumova, Brendan Wayne, LeeAnna Vamp, Niki Botelho, Ariana Greenblatt, Mark Rolston, Peter Jacobson, Shelby Young, Shakira Barrera, Clancy Brown, Temuera Morrison, Anthony Daniels, Jacqueline Antaramian, Kelly Phelan, Matthew Law, Eisa Davis, Bonnie Wild, Michael Christian Alexander, Kat Kuei Chen, Gina Vitori, P.J. Johal, Daniel Bohman, Helen Sadler, Casey Adams, Anthony Notarile, Justin Sonfield, David W. Collins, Ryan Ryusaki, Vinny Thomas, Tom O'Connell, Michele Weaver, Derek Diaz, Kurt Nelson, Barry Lowin, Peter Clarke, Dmitriy Karas, Greg Kufera, Andrew Goodman, Dave Filoni, Elton Hom, Rosario Dawson, David Tennant, Natasha Liu Bordizzo, Mary Elizabeth Winstead, Ray Stevenson, Ivanna Sakhno, Diana Lee Inosanto, Eman Esfandi, Hayden Christensen, Nican Robinson, Paul Darnell, Dawn Dininger, Evan Whitten, Lars Mikkelsen, Genevieve O'Reilly, Paul Sun-Hyung Lee, Wes Chatham, Jeryl Prescott, Claudia Black, Jane Edwina Seymour, Chris Bartlett, Nelson Lee, Moe Irvin, Chau Naumova, Brendan Wayne, LeeAnna Vamp, Niki Botelho, Ariana Greenblatt, Mark Rolston, Peter Jacobson, Shelby Young, Shakira Barrera, Clancy Brown, Temuera Morrison, Anthony Daniels, Jacqueline Antaramian, Kelly Phelan, Matthew Law, Eisa Davis, Bonnie Wild, Michael Christian Alexander, Kat Kuei Chen, Gina Vitori, P.J. Johal, Daniel Bohman, Helen Sadler, Casey Adams, Anthony Notarile, Justin Sonfield, David W. Collins, Ryan Ryusaki, Vinny Thomas, Tom O'Connell, Michele Weaver, Derek Diaz, Kurt Nelson, Barry Lowin, Peter Clarke, Dmitriy Karas, Greg Kufera, Andrew Goodman, Dave Filoni, Elton Hom","genres":[["Action","Adventure","AlternateHistory","Amateur","Animation","Anthology","Art","Biopic","Comedy","CookingShow","Crime","Cyberpunk","Detective","Docudrama","Documentary","Drama","Dystopian","Fantasy","GameShow","Gangster","Ghost","Gore","Gothic","Heist","Historical","Holiday","Horror","Instructional","Military","Monster","Musical","Mystery","Nature","Paranormal","Parody","Political","PostApocalyptic","Psychological","Reality","Religious","Revisionist","Romance","Satire","SciFi","Space","SpaceOpera","Sports","Spy","StopMotion","Superhero","TalkShow","Thriller","Utopian","Vampire","Vigilante","Western","Zombie"],[true,true,false,false,false,false,false,false,false,false,false,false,false,false,false,true,false,true,false,false,false,false,false,false,false,false,false,false,false,false,false,false,false,false,false,false,false,false,false,false,false,false,false,true,false,false,false,false,false,false,false,false,false,false,false,false,false],[""]],"synopsis":"After the fall of the Galactic Empire, former Jedi Ahsoka Tano investigates an emerging threat to a vulnerable galaxy.","rating":"N/A","release":"2023-08-22","runTime":"54 m","img":["C:\\Users\\asus\\AppData\\Roaming\\Trak\\data\\Show-Ahsoka\\assets\\MV5BMWM1NjU1MDgtYjhjYS00Mjg5LWE1MWEtNzUwNWMxNTU2ZWY3XkEyXkFqcGdeQXVyMDM2NDM2MQ@@._V1_.jpg","C:\\Users\\asus\\AppData\\Roaming\\Trak\\data\\Show-Ahsoka\\assets\\MV5BYTk4YzZjNTctMDE2OS00YTBmLWE3MjctOTNmZjFhM2VkZTk3XkEyXkFqcGdeQXVyMTkxNjUyNQ@@._V1_.jpg","C:\\Users\\asus\\AppData\\Roaming\\Trak\\data\\Show-Ahsoka\\assets\\MV5BMDU4NGYyOWEtZGZkMi00YTU0LWFlN2ItOGEwMjY1N2JlMTQ2XkEyXkFqcGdeQXVyMTUzMTg2ODkz._V1_.jpg","C:\\Users\\asus\\AppData\\Roaming\\Trak\\data\\Show-Ahsoka\\assets\\MV5BOGQ0OTZjMWItYjRkNS00NDc0LWEyN2QtZDkyZTMyM2Y4ZTE3XkEyXkFqcGdeQXVyMTUzMTg2ODkz._V1_.jpg","C:\\Users\\asus\\AppData\\Roaming\\Trak\\data\\Show-Ahsoka\\assets\\MV5BZTM0MDI2NGQtOTQ0ZS00NDQwLTk4Y2UtODk5N2MwNzQzZWRkXkEyXkFqcGdeQXVyMTUzMTg2ODkz._V1_.jpg","C:\\Users\\asus\\AppData\\Roaming\\Trak\\data\\Show-Ahsoka\\assets\\MV5BMjkwZDNmMDgtY2NiMi00NmUyLWI2YjAtZjVkNWVkNWJiOGMyXkEyXkFqcGdeQXVyMTUzMTg2ODkz._V1_.jpg","C:\\Users\\asus\\AppData\\Roaming\\Trak\\data\\Show-Ahsoka\\assets\\MV5BMDM4NjJhZDQtNDQ3NS00YzIyLTljNjktODIyYWU2OGU2ZjhhXkEyXkFqcGdeQXVyMTUzMTg2ODkz._V1_.jpg","C:\\Users\\asus\\AppData\\Roaming\\Trak\\data\\Show-Ahsoka\\assets\\MV5BNDNmM2I1ZjctNGVjYy00ZTJlLWJmMjAtNTg5ZjRkY2VkZjUzXkEyXkFqcGdeQXVyNzY1ODU1OTk@._V1_.jpg","C:\\Users\\asus\\AppData\\Roaming\\Trak\\data\\Show-Ahsoka\\assets\\MV5BNDFiMWQ0OTQtMzhjZS00NjQ5LTk0NTktMmJlNTA1MDFmMjQ2XkEyXkFqcGdeQXVyNzY1ODU1OTk@._V1_.jpg","C:\\Users\\asus\\AppData\\Roaming\\Trak\\data\\Show-Ahsoka\\assets\\MV5BYTFkZjdjYTctOGZjNC00ZTQ5LWI0OTMtNTVlNTE2NjliNTNjXkEyXkFqcGdeQXVyMTkxNjUyNQ@@._V1_.jpg"],"content":[{"scenario":"Season","name":"Season 1","start":"","end":"","status":"","episodes":[{"name":"Episode 1","watched":"","rating":"","review":""},{"name":"Episode 2","watched":"","rating":"","review":""},{"name":"Episode 3","watched":"","rating":"","review":""},{"name":"Episode 4","watched":"","rating":"","review":""},{"name":"Episode 5","watched":"","rating":"","review":""},{"name":"Episode 6","watched":"","rating":"","review":""},{"name":"Episode 7","watched":"","rating":"","review":""},{"name":"Episode 8","watched":"","rating":"","review":""}]}]}