{"category":"Book","name":"Journey to the Center of the Earth","originalName":"Voyage au centre de la Terre","isbn":"9780553213973","authors":"Jules Verne, Lowell Bair, Kim Stanley Robinson","publisher":"Bantam","publicationDate":"1864-11-25","pages":"240","lastRead":"","media":"softcover","synopsis":"An adventurous geology professor chances upon a manuscript in which a 16th-century explorer claims to have found a route to the earth's core. Professor Lidenbrock can't resist the opportunity to investigate, and with his nephew Axel, he sets off across Iceland in the company of Hans Bjelke, a native guide. The expedition descends into an extinct volcano toward a sunless sea, where they encounter a subterranean world of luminous rocks, antediluvian forests, and fantastic marine life — a living past that holds the secrets to the origins of human existence.","rating":"","review":"","genres":[["Action","Adventure","Comedy","Crime","Dystopian","Fantasy","Fiction","Historical","Horror","Mystery","Mythology","Nonfiction","Romance","Satire","Sci-Fi","Thriller","Tragedy","Western"],[false,true,false,false,false,true,true,false,false,false,false,false,false,false,false,false,false,false],["Audiobook","Classics","France","French Literature","Literature","Novels","Science Fiction"]],"img":["C:\\Users\\asus\\AppData\\Roaming\\Trak\\data\\Book-9780553213973-JourneyToTheCenterOfTheEarth\\assets\\32829.jpg"]}