{"category":"Anime","name":"Suzume","jname":"すずめの戸締まり","review":"","directors":"Makoto Shinkai, Kenji Imura, Katsuya Shigehara","producers":"STORY","writers":"","musicians":"Haru Yamada","studio":"CoMix Wave Films","license":"","genres":[["Action","Adventure","Anthropomorphic","AvantGarde","Comedy","ComingOfAge","CGDCT","Cyberpunk","Demon","Drama","Ecchi","Erotica","Fantasy","Game","Gore","Gourmet","Harem","Hentai","Historical","Horror","Isekai","Josei","Kids","Medical","Mystery","Magic","MagicalSexShift","MartialArts","Mecha","Military","Music","OrganizedCrime","Parody","Police","PostApocalyptic","Psychological","Racing","Reincarnation","ReverseHarem","Romance","Samurai","School","SciFi","Seinen","Shoujo","Shounen","SliceOfLife","Space","Sports","Spy","StrategyGame","SuperPower","Supernatural","Survival","Suspense","Teaching","Thriller","TimeTravel","Tragedy","Vampire","VideoGame","War","Western","Workplace","Yaoi","Yuri"],[false,true,false,false,false,false,false,false,false,false,false,false,true,false,false,false,false,false,false,false,false,false,false,false,false,false,false,false,false,false,false,false,false,false,false,false,false,false,false,false,false,false,false,false,false,false,false,false,false,false,false,false,false,false,false,false,false,false,false,false,false,false,false,false,false,false]],"synopsis":"On her way to school one day, Suzume Iwato stumbles upon Souta Munakata, a young man searching for abandoned areas. The high school girl directs Souta to a nearby ruin, but out of pure curiosity, she herself decides to head to the same destination.\n\nOnce there, Suzume discovers an isolated door with a dreamlike universe lying beyond it—a place that she can see and feel, but not enter. A strange stone rests on the ground nearby, but it turns into a cat-like creature and scurries away when Suzume lifts it. Suddenly afraid, she heads back toward her school, not realizing that her act of leaving the door open will have consequences.\n\nWith the \"keystone\" released, the evil within the other universe can now freely escape and wreak havoc throughout Japan. Intending to correct her dangerous mistake, Suzume joins Souta—whose true goal is to prevent evil from festering—in finding and locking all open doors before the country is destroyed.","img":["C:\\Users\\asus\\AppData\\Roaming\\Trak\\data\\Anime-SuzumeNoTojimari\\assets\\128450.jpg"],"content":[{"scenario":"Single","name":"Single","type":"Movie","release":"2022-11-11","watched":"","rating":"","review":""}]}