{"category":"Show","name":"Ahsoka","alternateName":"Ahsoka, Асока, Star Wars: Ahsoka, スター・ウォーズ:アソーカ, 亞蘇卡, 阿蘇嘉","review":"","directors":"Dave Filoni, Steph Green, Rick Famuyiwa, Jennifer Getzinger, Geeta Vasant Patel, Peter Ramsey","producers":"John Bartnicki, Carrie Beck, Richard Bluff, Jon Favreau, Dave Filoni, Sarah Finn, Karen Gilchrist, John Hampian, Regina Hermosillo, Abbigail Keller, Kathleen Kennedy, R.J. Mino, Kim Richards, Kristen Schreck, Clint Spillers, Heather Wagner-Wang, Colin Wilson, Rachael Lee","writers":"Dave Filoni, George Lucas","musicians":"","editors":"","cinematographers":"","distributors":"Disney+, Disney+","productionCompanies":"Golem Creations, Lucasfilm","stars":"Rosario Dawson, David Tennant, Natasha Liu Bordizzo, Mary Elizabeth Winstead, Ray Stevenson, Ivanna Sakhno, Diana Lee Inosanto, Eman Esfandi, Hayden Christensen, Nican Robinson, Paul Darnell, Dawn Dininger, Evan Whitten, Lars Mikkelsen, Genevieve O'Reilly, Paul Sun-Hyung Lee, Wes Chatham, Jeryl Prescott, Claudia Black, Jane Edwina Seymour, Chris Bartlett, Nelson Lee, Moe Irvin, Chau Naumova, Brendan Wayne, LeeAnna Vamp, Niki Botelho, Ariana Greenblatt, Mark Rolston, Peter Jacobson, Shelby Young, Shakira Barrera, Clancy Brown, Temuera Morrison, Anthony Daniels, Jacqueline Antaramian, Kelly Phelan, Matthew Law, Eisa Davis, Bonnie Wild, Michael Christian Alexander, Kat Kuei Chen, Gina Vitori, P.J. Johal, Daniel Bohman, Helen Sadler, Casey Adams, Anthony Notarile, Justin Sonfield, David W. Collins, Ryan Ryusaki, Vinny Thomas, Tom O'Connell, Michele Weaver, Derek Diaz, Kurt Nelson, Barry Lowin, Peter Clarke, Dmitriy Karas, Greg Kufera, Andrew Goodman, Dave Filoni, Elton Hom","genres":[["Action","Adventure","AlternateHistory","Amateur","Animation","Anthology","Art","Biopic","Comedy","CookingShow","Crime","Cyberpunk","Detective","Docudrama","Documentary","Drama","Dystopian","Fantasy","GameShow","Gangster","Ghost","Gore","Gothic","Heist","Historical","Holiday","Horror","Instructional","Military","Monster","Musical","Mystery","Nature","Paranormal","Parody","Political","PostApocalyptic","Psychological","Reality","Religious","Revisionist","Romance","Satire","SciFi","Space","SpaceOpera","Sports","Spy","StopMotion","Superhero","TalkShow","Thriller","Utopian","Vampire","Vigilante","Western","Zombie"],[true,true,false,false,false,false,false,false,false,false,false,false,false,false,false,true,false,true,false,false,false,false,false,false,false,false,false,false,false,false,false,false,false,false,false,false,false,false,false,false,false,false,false,true,false,false,false,false,false,false,false,false,false,false,false,false,false],[""]],"synopsis":"After the fall of the Galactic Empire, former Jedi Ahsoka Tano investigates an emerging threat to a vulnerable galaxy.","rating":"N/A","release":"2023-08-22","runTime":"54 m","img":["C:\\Users\\asus\\AppData\\Roaming\\Trak\\data\\Show-Ahsoka\\assets\\MV5BYTk4YzZjNTctMDE2OS00YTBmLWE3MjctOTNmZjFhM2VkZTk3XkEyXkFqcGdeQXVyMTkxNjUyNQ@@._V1_.jpg","C:\\Users\\asus\\AppData\\Roaming\\Trak\\data\\Show-Ahsoka\\assets\\MV5BMDU4NGYyOWEtZGZkMi00YTU0LWFlN2ItOGEwMjY1N2JlMTQ2XkEyXkFqcGdeQXVyMTUzMTg2ODkz._V1_.jpg","C:\\Users\\asus\\AppData\\Roaming\\Trak\\data\\Show-Ahsoka\\assets\\MV5BOGQ0OTZjMWItYjRkNS00NDc0LWEyN2QtZDkyZTMyM2Y4ZTE3XkEyXkFqcGdeQXVyMTUzMTg2ODkz._V1_.jpg","C:\\Users\\asus\\AppData\\Roaming\\Trak\\data\\Show-Ahsoka\\assets\\MV5BZTM0MDI2NGQtOTQ0ZS00NDQwLTk4Y2UtODk5N2MwNzQzZWRkXkEyXkFqcGdeQXVyMTUzMTg2ODkz._V1_.jpg","C:\\Users\\asus\\AppData\\Roaming\\Trak\\data\\Show-Ahsoka\\assets\\MV5BMjkwZDNmMDgtY2NiMi00NmUyLWI2YjAtZjVkNWVkNWJiOGMyXkEyXkFqcGdeQXVyMTUzMTg2ODkz._V1_.jpg","C:\\Users\\asus\\AppData\\Roaming\\Trak\\data\\Show-Ahsoka\\assets\\MV5BMDM4NjJhZDQtNDQ3NS00YzIyLTljNjktODIyYWU2OGU2ZjhhXkEyXkFqcGdeQXVyMTUzMTg2ODkz._V1_.jpg","C:\\Users\\asus\\AppData\\Roaming\\Trak\\data\\Show-Ahsoka\\assets\\MV5BMWM1NjU1MDgtYjhjYS00Mjg5LWE1MWEtNzUwNWMxNTU2ZWY3XkEyXkFqcGdeQXVyMDM2NDM2MQ@@._V1_.jpg","C:\\Users\\asus\\AppData\\Roaming\\Trak\\data\\Show-Ahsoka\\assets\\MV5BNDNmM2I1ZjctNGVjYy00ZTJlLWJmMjAtNTg5ZjRkY2VkZjUzXkEyXkFqcGdeQXVyNzY1ODU1OTk@._V1_.jpg","C:\\Users\\asus\\AppData\\Roaming\\Trak\\data\\Show-Ahsoka\\assets\\MV5BNDFiMWQ0OTQtMzhjZS00NjQ5LTk0NTktMmJlNTA1MDFmMjQ2XkEyXkFqcGdeQXVyNzY1ODU1OTk@._V1_.jpg","C:\\Users\\asus\\AppData\\Roaming\\Trak\\data\\Show-Ahsoka\\assets\\MV5BYTFkZjdjYTctOGZjNC00ZTQ5LWI0OTMtNTVlNTE2NjliNTNjXkEyXkFqcGdeQXVyMTkxNjUyNQ@@._V1_.jpg","C:\\Users\\asus\\AppData\\Roaming\\Trak\\data\\Show-Ahsoka\\assets\\MV5BMzljOGY5YTItMDk1YS00OWExLWJmMTgtZmZkZjFhNGEzNzhiXkEyXkFqcGdeQXVyMTkxNjUyNQ@@._V1_.jpg","C:\\Users\\asus\\AppData\\Roaming\\Trak\\data\\Show-Ahsoka\\assets\\MV5BMGUzMmRkMGEtMGUyNy00OTI2LWEwMDItOTAxZTE5ZWFlNTg3XkEyXkFqcGdeQXVyMTkxNjUyNQ@@._V1_.jpg","C:\\Users\\asus\\AppData\\Roaming\\Trak\\data\\Show-Ahsoka\\assets\\MV5BYzA3ZjQ4YTItNjRhYS00YzRkLTg4NTEtMTYyOGZjNDFmYWM5XkEyXkFqcGdeQXVyMTkxNjUyNQ@@._V1_.jpg","C:\\Users\\asus\\AppData\\Roaming\\Trak\\data\\Show-Ahsoka\\assets\\MV5BNzUwYzQwNWYtODMzMi00ZWQ4LWFjYWUtZTkzZmYyMjBlMzYyXkEyXkFqcGdeQXVyMTkxNjUyNQ@@._V1_.jpg","C:\\Users\\asus\\AppData\\Roaming\\Trak\\data\\Show-Ahsoka\\assets\\MV5BYWQyM2I5NjEtNTJiZi00OTcwLWI0MmUtNjBiMjVjZThjMDg2XkEyXkFqcGdeQXVyMTkxNjUyNQ@@._V1_.jpg","C:\\Users\\asus\\AppData\\Roaming\\Trak\\data\\Show-Ahsoka\\assets\\MV5BYmU4ODRlMTAtZWNiNS00NzdhLTkwYmQtMGNjN2Q2OTBlM2ZjXkEyXkFqcGdeQXVyMTkxNjUyNQ@@._V1_.jpg","C:\\Users\\asus\\AppData\\Roaming\\Trak\\data\\Show-Ahsoka\\assets\\MV5BODM5NTdmMWUtOTA2Yi00OTVkLTljMmMtZjQ3ZjYyMjZlZWIxXkEyXkFqcGdeQXVyMTkxNjUyNQ@@._V1_.jpg","C:\\Users\\asus\\AppData\\Roaming\\Trak\\data\\Show-Ahsoka\\assets\\MV5BNzRiNDVhNDQtMWY1Yy00ZjAwLTkzMDUtNzY1Y2ZlN2NkZjQ1XkEyXkFqcGdeQXVyMDM2NDM2MQ@@._V1_.jpg","C:\\Users\\asus\\AppData\\Roaming\\Trak\\data\\Show-Ahsoka\\assets\\MV5BY2I3ZTgxMGUtNjI2YS00MmMyLTkwMzQtZjFmZTU3MGZhZjI4XkEyXkFqcGdeQXVyNzg5MzIyOA@@._V1_.jpg","C:\\Users\\asus\\AppData\\Roaming\\Trak\\data\\Show-Ahsoka\\assets\\MV5BYmNjYWQ4ZjItYjI2Yi00Y2QzLWE4ZmUtZjU2MDljZjMyMTAzXkEyXkFqcGdeQXVyMzUwNDIxMjQ@._V1_.jpg","C:\\Users\\asus\\AppData\\Roaming\\Trak\\data\\Show-Ahsoka\\assets\\MV5BODkyMDU5ODEtN2MyNi00OTAyLWI4ZjgtMmFhZTFiMjVjZjA3XkEyXkFqcGdeQXVyMzUwNDIxMjQ@._V1_.jpg","C:\\Users\\asus\\AppData\\Roaming\\Trak\\data\\Show-Ahsoka\\assets\\MV5BNjdiNDY0NDEtOWZhZC00ZDk1LTllOGEtZTA4ZmVjNDk4M2I1XkEyXkFqcGdeQXVyMjQ3MjU3NTU@._V1_.jpg","C:\\Users\\asus\\AppData\\Roaming\\Trak\\data\\Show-Ahsoka\\assets\\MV5BMzBkYzMxZTktMzczNS00MzQ0LWI1YTItNDQ1NWVjN2NhMDhjXkEyXkFqcGdeQXVyMDkwNTkwNg@@._V1_.jpg","C:\\Users\\asus\\AppData\\Roaming\\Trak\\data\\Show-Ahsoka\\assets\\MV5BOWNkZGM5NGMtODU3OC00MGJlLTk5Y2UtMWI4MjE4YThiNDc1XkEyXkFqcGdeQXVyMDc5ODIzMw@@._V1_.jpg","C:\\Users\\asus\\AppData\\Roaming\\Trak\\data\\Show-Ahsoka\\assets\\MV5BOTMwNzYxOWUtMjlkZS00YzczLTg0ZGMtMzcxZWQ2ZTZiN2IxXkEyXkFqcGdeQXVyMDc5ODIzMw@@._V1_.jpg","C:\\Users\\asus\\AppData\\Roaming\\Trak\\data\\Show-Ahsoka\\assets\\MV5BM2RkYWEwMzMtYzhhYy00N2EyLTkyNzctY2QzMjAyY2Q0MjEwXkEyXkFqcGdeQXVyMDc5ODIzMw@@._V1_.jpg","C:\\Users\\asus\\AppData\\Roaming\\Trak\\data\\Show-Ahsoka\\assets\\MV5BZmI4ZWYzYzEtNjgwNy00YTRkLTgyYTUtNTFlY2ZiODI3ZjgxXkEyXkFqcGdeQXVyMDc5ODIzMw@@._V1_.jpg","C:\\Users\\asus\\AppData\\Roaming\\Trak\\data\\Show-Ahsoka\\assets\\MV5BMmIxYjExYWUtYjg3Ny00NGU4LTk3ODEtNjgxZWExN2ZiYThhXkEyXkFqcGdeQXVyMTI3NzcxODI0._V1_.jpg","C:\\Users\\asus\\AppData\\Roaming\\Trak\\data\\Show-Ahsoka\\assets\\MV5BZTMxNzYxZDAtOTEzMy00ZWVjLWIwNzctOTk0YWJmOWFmZjhkXkEyXkFqcGdeQXVyMTQ5NzQxODIy._V1_.jpg","C:\\Users\\asus\\AppData\\Roaming\\Trak\\data\\Show-Ahsoka\\assets\\MV5BZGRlN2YzYWUtMzQ3Yi00MzE1LTk3ZDctNzc1YTZhNjBiM2M4XkEyXkFqcGdeQXVyMDc5ODIzMw@@._V1_.jpg","C:\\Users\\asus\\AppData\\Roaming\\Trak\\data\\Show-Ahsoka\\assets\\MV5BNmFkYTQzZTEtN2MxNS00NTE3LWJlZmQtYWYyYTBlZDY2YjAyXkEyXkFqcGdeQXVyMDc5ODIzMw@@._V1_.jpg","C:\\Users\\asus\\AppData\\Roaming\\Trak\\data\\Show-Ahsoka\\assets\\MV5BOWFkZjA3YmUtYjY1ZC00OGMwLWE2OWUtOTUzM2IzM2RlMmMyXkEyXkFqcGdeQXVyMDc5ODIzMw@@._V1_.jpg","C:\\Users\\asus\\AppData\\Roaming\\Trak\\data\\Show-Ahsoka\\assets\\MV5BMjhlOTNjMWQtYjMyNS00Y2VkLTk1NDItZjMzMGY3YTQ4YzcxXkEyXkFqcGdeQXVyNDQ0MTYzMDA@._V1_.jpg","C:\\Users\\asus\\AppData\\Roaming\\Trak\\data\\Show-Ahsoka\\assets\\MV5BMjM4YmU3NDktNGQwNS00NGUyLWFlYzQtMGQ1YjhhNzIyZDE5XkEyXkFqcGdeQXVyMTY0OTEyMjM5._V1_.jpg","C:\\Users\\asus\\AppData\\Roaming\\Trak\\data\\Show-Ahsoka\\assets\\MV5BYzdmNWFmMTctYzcxZC00NmI0LWFjN2ItZmY1NmM3ZTliZjhhXkEyXkFqcGdeQXVyMTY0OTEyMjM5._V1_.jpg","C:\\Users\\asus\\AppData\\Roaming\\Trak\\data\\Show-Ahsoka\\assets\\MV5BNDBjZjFkOGQtNTAyMS00N2RhLWJkM2ItNmU1ZDBhMjRjODljXkEyXkFqcGdeQXVyMTY0OTEyMjM5._V1_.jpg","C:\\Users\\asus\\AppData\\Roaming\\Trak\\data\\Show-Ahsoka\\assets\\MV5BMDg0ODFjNTYtM2IxOC00YmNlLTk1OGMtNGY4ZTZmYjc3MjJiXkEyXkFqcGdeQXVyMzUwNDIxMjQ@._V1_.jpg","C:\\Users\\asus\\AppData\\Roaming\\Trak\\data\\Show-Ahsoka\\assets\\MV5BZjk5ZTVhYjktOGU3NS00M2EzLWE4NjctZjE5ZGFhZDdiMTc4XkEyXkFqcGdeQXVyMDc5ODIzMw@@._V1_.jpg","C:\\Users\\asus\\AppData\\Roaming\\Trak\\data\\Show-Ahsoka\\assets\\MV5BZThkNmRhNTgtY2FkZi00NWVlLTgxNGItODIzZmNlNGY3YTJhXkEyXkFqcGdeQXVyMjQ3MjU3NTU@._V1_.jpg","C:\\Users\\asus\\AppData\\Roaming\\Trak\\data\\Show-Ahsoka\\assets\\MV5BNjczMDQzOTgtMGU3My00ODYyLWEyMDAtYWJlMTFkYzljMDI4XkEyXkFqcGdeQXVyMTE5MTg5NDIw._V1_.jpg","C:\\Users\\asus\\AppData\\Roaming\\Trak\\data\\Show-Ahsoka\\assets\\MV5BNmEzMDgyMzUtZTRhYi00OGI4LTkwZjgtNzhmYjU1YTUwYzBkXkEyXkFqcGdeQXVyMDc5ODIzMw@@._V1_.jpg","C:\\Users\\asus\\AppData\\Roaming\\Trak\\data\\Show-Ahsoka\\assets\\MV5BNjAyMWM5ODUtOTkwOC00ODJlLTkxOTMtMjYwN2I4MDI2OTk4XkEyXkFqcGdeQXVyMzUwNDIxMjQ@._V1_.jpg","C:\\Users\\asus\\AppData\\Roaming\\Trak\\data\\Show-Ahsoka\\assets\\MV5BYzVmMTRkODItMGM0OS00NTU3LTgwNTgtNGU3NjI4ZGYyZjM1XkEyXkFqcGdeQXVyNDQ0MTYzMDA@._V1_.jpg","C:\\Users\\asus\\AppData\\Roaming\\Trak\\data\\Show-Ahsoka\\assets\\MV5BMjM5YjgxZTItMjE5Yy00YjQxLTk3NTYtYWZjNjIyYmI2MzJhXkEyXkFqcGdeQXVyMjQ3MjU3NTU@._V1_.jpg","C:\\Users\\asus\\AppData\\Roaming\\Trak\\data\\Show-Ahsoka\\assets\\MV5BNWEyNzJmODUtZTA2OS00YzMzLWIxNTItZTM3YzAyNmQ3MWY5XkEyXkFqcGdeQXVyMTU5OTc2NTk@._V1_.jpg","C:\\Users\\asus\\AppData\\Roaming\\Trak\\data\\Show-Ahsoka\\assets\\MV5BYmNiZDcyMGEtY2ViMi00YjZmLTllMmItNjdkZWE0Y2M1YjU5XkEyXkFqcGdeQXVyMTY5NjkwOTk4._V1_.jpg","C:\\Users\\asus\\AppData\\Roaming\\Trak\\data\\Show-Ahsoka\\assets\\MV5BMGQ1YmZmMzEtZWM3Yy00YjY3LTg0MGYtYWI5OGU2OTZlZTJlXkEyXkFqcGdeQXVyMjQ3MjU3NTU@._V1_.jpg","C:\\Users\\asus\\AppData\\Roaming\\Trak\\data\\Show-Ahsoka\\assets\\MV5BYWZmYzQ1NmYtNmQ5Ny00Yjg0LWI2ZWYtZGYwNTk0NTkwNjNhXkEyXkFqcGdeQXVyMjQ3MjU3NTU@._V1_.jpg","C:\\Users\\asus\\AppData\\Roaming\\Trak\\data\\Show-Ahsoka\\assets\\MV5BNjIyYzIwYmUtMTdiZC00NmRkLTgxMzUtOTFhMzY3YWRiZWNlXkEyXkFqcGdeQXVyMDc5ODIzMw@@._V1_.jpg","C:\\Users\\asus\\AppData\\Roaming\\Trak\\data\\Show-Ahsoka\\assets\\MV5BODlmZTI1ZjctYjllMi00NjZlLWE2NGYtNGQ4YTk4YjUwNGE4XkEyXkFqcGdeQXVyODMyOTYyMTM@._V1_.jpg","C:\\Users\\asus\\AppData\\Roaming\\Trak\\data\\Show-Ahsoka\\assets\\MV5BODJkMDBkMzMtYjJhZC00Y2YxLWJhZGQtNjZjNDliM2Y0OGEzXkEyXkFqcGdeQXVyMTY0OTEyMjM5._V1_.jpg","C:\\Users\\asus\\AppData\\Roaming\\Trak\\data\\Show-Ahsoka\\assets\\MV5BMWEzZGM4OTctYzZkOC00YmMxLThkMjgtNWQ5ODRiODQ2MGQ3XkEyXkFqcGdeQXVyMTY0OTEyMjM5._V1_.jpg","C:\\Users\\asus\\AppData\\Roaming\\Trak\\data\\Show-Ahsoka\\assets\\MV5BYjJmMmZlNjMtM2RkZC00ZDVlLTk4NGMtZjY4ODY3MTU2MTdiXkEyXkFqcGdeQXVyMTY0OTEyMjM5._V1_.jpg","C:\\Users\\asus\\AppData\\Roaming\\Trak\\data\\Show-Ahsoka\\assets\\MV5BYTk5ZTA5MDYtZmU4ZS00MGQ1LTkxMjAtOTE2MDI1NzVhZWU2XkEyXkFqcGdeQXVyMzUwNDIxMjQ@._V1_.jpg","C:\\Users\\asus\\AppData\\Roaming\\Trak\\data\\Show-Ahsoka\\assets\\MV5BYTA1NDM1OTMtNzkyNi00MTVhLWEyNGEtOGU2MjU4NjlkMTlhXkEyXkFqcGdeQXVyMzUwNDIxMjQ@._V1_.jpg","C:\\Users\\asus\\AppData\\Roaming\\Trak\\data\\Show-Ahsoka\\assets\\MV5BYWM5ZmI4NjItMjBmZS00ZTFhLTlmOTQtMzFmMTY0NTA0YzE5XkEyXkFqcGdeQXVyNDQ0MTYzMDA@._V1_.jpg","C:\\Users\\asus\\AppData\\Roaming\\Trak\\data\\Show-Ahsoka\\assets\\MV5BZGM5YWY4Y2UtODFjMi00YWM0LWJkNDQtMGFlNGIzZWE4ZTczXkEyXkFqcGdeQXVyMzUwNDIxMjQ@._V1_.jpg","C:\\Users\\asus\\AppData\\Roaming\\Trak\\data\\Show-Ahsoka\\assets\\MV5BMDNkYzQ5OTMtNWM4NS00ZjkwLWJhMjItZDM4MTMwZGNhNWYzXkEyXkFqcGdeQXVyMzUwNDIxMjQ@._V1_.jpg","C:\\Users\\asus\\AppData\\Roaming\\Trak\\data\\Show-Ahsoka\\assets\\MV5BOWUwNzIxZTUtYjhkYy00NDAzLThmYmItNmJmYzQzZmNlNWJhXkEyXkFqcGdeQXVyMzUwNDIxMjQ@._V1_.jpg","C:\\Users\\asus\\AppData\\Roaming\\Trak\\data\\Show-Ahsoka\\assets\\MV5BMWMzZDJlNWQtMzgzYi00N2YwLTgwZjEtYTk5NGZiMDVjMmU0XkEyXkFqcGdeQXVyNDQxOTAyNA@@._V1_.jpg","C:\\Users\\asus\\AppData\\Roaming\\Trak\\data\\Show-Ahsoka\\assets\\MV5BM2FlZGY4NmEtNTdmNS00MGFhLWFlOGQtODA2YmRlZDU4ODJkXkEyXkFqcGdeQXVyMTE5MTg5NDIw._V1_.jpg","C:\\Users\\asus\\AppData\\Roaming\\Trak\\data\\Show-Ahsoka\\assets\\MV5BMDhhMDM0MjAtMTQwMy00NTMxLTk4NmQtZjc0NzM1YWI1MzU3XkEyXkFqcGdeQXVyMjQ3MjU3NTU@._V1_.jpg","C:\\Users\\asus\\AppData\\Roaming\\Trak\\data\\Show-Ahsoka\\assets\\MV5BOTY5ZjU0MGYtZWZlZC00NDc1LTg4NjgtYWUxNWQ2NGYwOWM3XkEyXkFqcGdeQXVyMjQ3MjU3NTU@._V1_.jpg","C:\\Users\\asus\\AppData\\Roaming\\Trak\\data\\Show-Ahsoka\\assets\\MV5BZmQyNDA2OTYtZjUyOC00NDkwLTgxZTgtZjQwMjY4OTg4NmY0XkEyXkFqcGdeQXVyMjQ3MjU3NTU@._V1_.jpg","C:\\Users\\asus\\AppData\\Roaming\\Trak\\data\\Show-Ahsoka\\assets\\MV5BNmM5YjVmZTItOTBmZS00ZDJlLWI0OGUtM2YxNjM4M2I3NTczXkEyXkFqcGdeQXVyMTU0ODM0OTQx._V1_.jpg","C:\\Users\\asus\\AppData\\Roaming\\Trak\\data\\Show-Ahsoka\\assets\\MV5BN2UyYjRkYzItMDVkMC00YWJmLWE3NzMtNmZiYzk4YzViYTJhXkEyXkFqcGdeQXVyMTU0ODM0OTQx._V1_.jpg","C:\\Users\\asus\\AppData\\Roaming\\Trak\\data\\Show-Ahsoka\\assets\\MV5BZThhNjUzNzMtZjdhOC00ZmUxLTliMjctZWFmNTdiYTAxMTNhXkEyXkFqcGdeQXVyMTE5MTg5NDIw._V1_.jpg","C:\\Users\\asus\\AppData\\Roaming\\Trak\\data\\Show-Ahsoka\\assets\\MV5BOTg5N2JhMzUtNGRhYi00ZjU0LTgxYWUtODA0YmQ5Y2Q5YWE1XkEyXkFqcGdeQXVyMzUwNDIxMjQ@._V1_.jpg","C:\\Users\\asus\\AppData\\Roaming\\Trak\\data\\Show-Ahsoka\\assets\\MV5BMGFkMjZmNjMtZTBjYy00ZmYyLTgyODktM2YwMTc0MTdkODJjXkEyXkFqcGdeQXVyMDc5ODIzMw@@._V1_.jpg","C:\\Users\\asus\\AppData\\Roaming\\Trak\\data\\Show-Ahsoka\\assets\\MV5BYzU4OTg3OTYtMTJiMi00NTFhLWEwM2UtNmY0NDI0MGZkNWFhXkEyXkFqcGdeQXVyMDc5ODIzMw@@._V1_.jpg","C:\\Users\\asus\\AppData\\Roaming\\Trak\\data\\Show-Ahsoka\\assets\\MV5BNTExYjk1ZWItMTE4Yi00ZTFlLTk5OTktNDA4NDk4YWRhYjg4XkEyXkFqcGdeQXVyMDc5ODIzMw@@._V1_.jpg","C:\\Users\\asus\\AppData\\Roaming\\Trak\\data\\Show-Ahsoka\\assets\\MV5BODI1NjQzMmMtZGUwMC00ZTkyLWEzMzQtNWE5MGU0YTFhMzU5XkEyXkFqcGdeQXVyMDc5ODIzMw@@._V1_.jpg","C:\\Users\\asus\\AppData\\Roaming\\Trak\\data\\Show-Ahsoka\\assets\\MV5BMzIwZmJkYmQtYzljMy00MTJlLTlmODQtMTQ0ZjkxNTIwOGMzXkEyXkFqcGdeQXVyMDc5ODIzMw@@._V1_.jpg","C:\\Users\\asus\\AppData\\Roaming\\Trak\\data\\Show-Ahsoka\\assets\\MV5BYTQ1NmNlYjUtY2U0Zi00YTNjLWJhMzktOTIwMmIwZDM5ZTQwXkEyXkFqcGdeQXVyMzUwNDIxMjQ@._V1_.jpg","C:\\Users\\asus\\AppData\\Roaming\\Trak\\data\\Show-Ahsoka\\assets\\MV5BNjE5YTc4NjAtNzBhYy00ZjE2LWI4OTUtODkwNjZmNDFlZDg3XkEyXkFqcGdeQXVyMzUwNDIxMjQ@._V1_.jpg","C:\\Users\\asus\\AppData\\Roaming\\Trak\\data\\Show-Ahsoka\\assets\\MV5BNDRhY2VjNWYtM2M1OS00MDdjLWE1MTItMjgxNDg3MTY1ZDQwXkEyXkFqcGdeQXVyNjkwOTQ4MDE@._V1_.jpg","C:\\Users\\asus\\AppData\\Roaming\\Trak\\data\\Show-Ahsoka\\assets\\MV5BNjI5YjExYTktNWVhOS00Y2M3LWFjMGQtN2NjMjU2NTY0ZmJmXkEyXkFqcGdeQXVyMTE5MTg5NDIw._V1_.jpg","C:\\Users\\asus\\AppData\\Roaming\\Trak\\data\\Show-Ahsoka\\assets\\MV5BNWMzYjAyZTYtMDEyNC00ZDQ4LWI5ZmEtM2VlMDVjNjg1NjBmXkEyXkFqcGdeQXVyODcxOTY3MzY@._V1_.jpg","C:\\Users\\asus\\AppData\\Roaming\\Trak\\data\\Show-Ahsoka\\assets\\MV5BYmI5ZTJjNjktMmFkMC00ZDdiLThhZDMtNDM5YjgwODg4ZDYwXkEyXkFqcGdeQXVyNTE1NjY5Mg@@._V1_.jpg","C:\\Users\\asus\\AppData\\Roaming\\Trak\\data\\Show-Ahsoka\\assets\\MV5BNDExMzJhNzEtYWJjYS00NTI5LTllYTUtZDA3NzYzMzU3YTYwXkEyXkFqcGdeQXVyNjQzNDI3NzY@._V1_.jpg","C:\\Users\\asus\\AppData\\Roaming\\Trak\\data\\Show-Ahsoka\\assets\\MV5BYzc2M2M5YTgtMDQyOC00NDhjLWE3NmEtODE0YjUyNjMxMGZkXkEyXkFqcGdeQXVyMTUzMTg2ODkz._V1_.jpg","C:\\Users\\asus\\AppData\\Roaming\\Trak\\data\\Show-Ahsoka\\assets\\MV5BYmY4YjNiOWUtOTZiOC00NTYzLThkOGMtMTcyNmE3ZDc3ZDJlXkEyXkFqcGdeQXVyMTUzMTg2ODkz._V1_.jpg","C:\\Users\\asus\\AppData\\Roaming\\Trak\\data\\Show-Ahsoka\\assets\\MV5BZTg2YzhkMTEtNTUzNC00ZDJlLThkNDYtZDRjZjkwODIwMTllXkEyXkFqcGdeQXVyMTUzMTg2ODkz._V1_.jpg","C:\\Users\\asus\\AppData\\Roaming\\Trak\\data\\Show-Ahsoka\\assets\\MV5BOWVjMjZlYzYtZWIyMy00OWVmLThmZDQtODNiMjAxZDdhMzc0XkEyXkFqcGdeQXVyMTUzMTg2ODkz._V1_.jpg","C:\\Users\\asus\\AppData\\Roaming\\Trak\\data\\Show-Ahsoka\\assets\\MV5BNmM0NjVhNTAtOTE1OC00MmZmLWE2MzktMDZmODE2YTE1MDZlXkEyXkFqcGdeQXVyMTUzMTg2ODkz._V1_.jpg","C:\\Users\\asus\\AppData\\Roaming\\Trak\\data\\Show-Ahsoka\\assets\\MV5BYmMxYmQyNGQtNzc3ZC00YzY2LWI4MjctOTc0YjljMDI5ODIyXkEyXkFqcGdeQXVyMTUzMTg2ODkz._V1_.jpg","C:\\Users\\asus\\AppData\\Roaming\\Trak\\data\\Show-Ahsoka\\assets\\MV5BZmMwYjUyYjgtOWFmMS00NDNjLTkzMTYtZDcyNjFjZjAwNmNmXkEyXkFqcGdeQXVyMTUzMTg2ODkz._V1_.jpg","C:\\Users\\asus\\AppData\\Roaming\\Trak\\data\\Show-Ahsoka\\assets\\MV5BMzBiZmQ1MDQtMjQ5Ni00MDFhLWFkZmItYTEwNDIwNDZlYzM0XkEyXkFqcGdeQXVyMTUzMTg2ODkz._V1_.jpg","C:\\Users\\asus\\AppData\\Roaming\\Trak\\data\\Show-Ahsoka\\assets\\MV5BNTNhZDdiNjgtNjMzOC00ZmY5LThiZjYtYzA2YTA3ZTQzMDEzXkEyXkFqcGdeQXVyMTUzMTg2ODkz._V1_.jpg","C:\\Users\\asus\\AppData\\Roaming\\Trak\\data\\Show-Ahsoka\\assets\\MV5BZjQzYzVkOWEtNTAzMy00YWJkLWFhYWItYmJkZTNiOTg4NGVmXkEyXkFqcGdeQXVyMTUzMTg2ODkz._V1_.jpg","C:\\Users\\asus\\AppData\\Roaming\\Trak\\data\\Show-Ahsoka\\assets\\MV5BNjc4ZmFmYTctMzU5MS00MzdhLTkwZTYtZDEwNmY3YzljMjFmXkEyXkFqcGdeQXVyMTUzMTg2ODkz._V1_.jpg","C:\\Users\\asus\\AppData\\Roaming\\Trak\\data\\Show-Ahsoka\\assets\\MV5BNzMwNmI4OGQtZjBmNi00NGZlLTg2YTYtMWNmNmZlMDhhOGY4XkEyXkFqcGdeQXVyMTUzMTg2ODkz._V1_.jpg","C:\\Users\\asus\\AppData\\Roaming\\Trak\\data\\Show-Ahsoka\\assets\\MV5BMTAyYTNlOTItMWVhNi00OTk2LTkwNWQtNjgyNDQ2YjY5NDllXkEyXkFqcGdeQXVyMTUzMTg2ODkz._V1_.jpg","C:\\Users\\asus\\AppData\\Roaming\\Trak\\data\\Show-Ahsoka\\assets\\MV5BY2FlMGRmOGYtN2M1Ny00MWQ1LWEzMWEtYWE0MTE2YTFiMWNlXkEyXkFqcGdeQXVyMTUzMTg2ODkz._V1_.jpg","C:\\Users\\asus\\AppData\\Roaming\\Trak\\data\\Show-Ahsoka\\assets\\MV5BZjFmNDBiMTEtMDRiMi00ZGY1LWJkNmItNmFkMGZlMzUxZTVhXkEyXkFqcGdeQXVyMTUzMTg2ODkz._V1_.jpg","C:\\Users\\asus\\AppData\\Roaming\\Trak\\data\\Show-Ahsoka\\assets\\MV5BOWVlNTBiZGUtMDA3Yy00YmY5LWE2Y2QtYzI2ODk0NjkzMjk1XkEyXkFqcGdeQXVyMTUzMTg2ODkz._V1_.jpg","C:\\Users\\asus\\AppData\\Roaming\\Trak\\data\\Show-Ahsoka\\assets\\MV5BOThlOTczMjItOTI0ZC00MDRmLThlOWEtNGU5YzUzNjQ5MjUxXkEyXkFqcGdeQXVyMDM2NDM2MQ@@._V1_.jpg","C:\\Users\\asus\\AppData\\Roaming\\Trak\\data\\Show-Ahsoka\\assets\\MV5BYWU1MmExNTctMmExYy00ZWE2LWE0M2YtZmJjMGU2MWRhY2E2XkEyXkFqcGdeQXVyMDM2NDM2MQ@@._V1_.jpg","C:\\Users\\asus\\AppData\\Roaming\\Trak\\data\\Show-Ahsoka\\assets\\MV5BMjkyNjY5NWItMTZlNi00NDE0LTk4ZjMtZjdlMjkzOGExMDE2XkEyXkFqcGdeQXVyMDM2NDM2MQ@@._V1_.jpg","C:\\Users\\asus\\AppData\\Roaming\\Trak\\data\\Show-Ahsoka\\assets\\MV5BNjYzMmJhYzYtNGJlMS00YWM2LWE4YjAtZDMzZGRjNWMyOWUzXkEyXkFqcGdeQXVyMDM2NDM2MQ@@._V1_.jpg","C:\\Users\\asus\\AppData\\Roaming\\Trak\\data\\Show-Ahsoka\\assets\\MV5BZjJjZDMxMTMtNmQ2NS00ZmQ3LThhYzgtYTM0OTRkMDc2YTU4XkEyXkFqcGdeQXVyMDM2NDM2MQ@@._V1_.jpg","C:\\Users\\asus\\AppData\\Roaming\\Trak\\data\\Show-Ahsoka\\assets\\MV5BMzIzZTUyMDItMGI0NC00ZDZlLWI4MTUtYzAxYTVkZjc4ZjNmXkEyXkFqcGdeQXVyMTEyMjM2NDc2._V1_.jpg","C:\\Users\\asus\\AppData\\Roaming\\Trak\\data\\Show-Ahsoka\\assets\\MV5BNWNhM2ZhMjktODYwMS00NjFjLTg1ZDYtNTljYmEwZmJlOGFmXkEyXkFqcGdeQXVyMTEyMjM2NDc2._V1_.jpg","C:\\Users\\asus\\AppData\\Roaming\\Trak\\data\\Show-Ahsoka\\assets\\MV5BZjJhOWI5ODQtNWVkMi00MzMzLTlmNDYtMDc5N2YyMTgyMjdkXkEyXkFqcGdeQXVyMTEyMjM2NDc2._V1_.jpg","C:\\Users\\asus\\AppData\\Roaming\\Trak\\data\\Show-Ahsoka\\assets\\MV5BNzYwMWM0ZGEtMWZmNy00NDA2LWFkNGYtOGUwZTc0M2IyODE1XkEyXkFqcGdeQXVyMTkxNjUyNQ@@._V1_.jpg","C:\\Users\\asus\\AppData\\Roaming\\Trak\\data\\Show-Ahsoka\\assets\\MV5BNTRkZGY3ZTAtZjc3Yy00ZDk3LTgxNDgtMWIxZjk5ZGIzNzcxXkEyXkFqcGdeQXVyMTY3MDE5MDY1._V1_.jpg","C:\\Users\\asus\\AppData\\Roaming\\Trak\\data\\Show-Ahsoka\\assets\\MV5BNmQwMDAxNDEtZDliNy00Y2Y2LWIwZWUtMjExODdiOTFhYzIyXkEyXkFqcGdeQXVyMTY3MDE5MDY1._V1_.jpg","C:\\Users\\asus\\AppData\\Roaming\\Trak\\data\\Show-Ahsoka\\assets\\MV5BOGM0YjE5N2YtZWVjNi00NTI0LTgwOTktY2E1MThiYzU1ODdkXkEyXkFqcGdeQXVyMjQ3MjU3NTU@._V1_.jpg","C:\\Users\\asus\\AppData\\Roaming\\Trak\\data\\Show-Ahsoka\\assets\\MV5BZjQ4NTcyZmEtMzk4Zi00MmQzLThkYWUtMjlkMzgxYzE2M2Q2XkEyXkFqcGdeQXVyMjQ3MjU3NTU@._V1_.jpg","C:\\Users\\asus\\AppData\\Roaming\\Trak\\data\\Show-Ahsoka\\assets\\MV5BZDgwMDM3NzMtMTVkNC00MmUxLTk3MTUtMWZjNmE5YTBlMGMwXkEyXkFqcGdeQXVyMjQ3MjU3NTU@._V1_.jpg","C:\\Users\\asus\\AppData\\Roaming\\Trak\\data\\Show-Ahsoka\\assets\\MV5BMmU3YTRlNWItZDUzMC00OGViLTg1MGMtMmEyMjBkODMzYmRiXkEyXkFqcGdeQXVyMjQ3MjU3NTU@._V1_.jpg","C:\\Users\\asus\\AppData\\Roaming\\Trak\\data\\Show-Ahsoka\\assets\\MV5BY2E2ZDI0Y2YtOWM5Mi00NWYzLWEyNmUtOTZiZDY3MDg1MGM0XkEyXkFqcGdeQXVyMjQ3MjU3NTU@._V1_.jpg","C:\\Users\\asus\\AppData\\Roaming\\Trak\\data\\Show-Ahsoka\\assets\\MV5BMTFjZjExNTQtNzQ4Mi00OTc3LWEzZjQtZjNmZjU2ZDE1MGVlXkEyXkFqcGdeQXVyMjQ3MjU3NTU@._V1_.jpg","C:\\Users\\asus\\AppData\\Roaming\\Trak\\data\\Show-Ahsoka\\assets\\MV5BM2RhYzljNTItODgzOS00YmYzLTgwNmYtMTc1NjY4MGYzYWEzXkEyXkFqcGdeQXVyMjQ3MjU3NTU@._V1_.jpg","C:\\Users\\asus\\AppData\\Roaming\\Trak\\data\\Show-Ahsoka\\assets\\MV5BN2Y1MDE2NzEtNGNiMC00NTRmLWE0MWMtNzNjN2M2YTFiZTI2XkEyXkFqcGdeQXVyMjQ3MjU3NTU@._V1_.jpg","C:\\Users\\asus\\AppData\\Roaming\\Trak\\data\\Show-Ahsoka\\assets\\MV5BMDM4Mjk4ODMtMDc4Zi00ZGZmLWFkZTMtZmZlMDE5ZjE1N2MxXkEyXkFqcGdeQXVyMjQ3MjU3NTU@._V1_.jpg","C:\\Users\\asus\\AppData\\Roaming\\Trak\\data\\Show-Ahsoka\\assets\\MV5BNGNlMjBmNzUtZTNmYy00MzMyLWJiYmItYmQ0OGMzMGJhYWZmXkEyXkFqcGdeQXVyMjQ3MjU3NTU@._V1_.jpg","C:\\Users\\asus\\AppData\\Roaming\\Trak\\data\\Show-Ahsoka\\assets\\MV5BMWE0Njc3ZTgtN2IzOS00ZjVhLWI5YzEtZTU3MzMwZTlkNmNhXkEyXkFqcGdeQXVyMjQ3MjU3NTU@._V1_.jpg","C:\\Users\\asus\\AppData\\Roaming\\Trak\\data\\Show-Ahsoka\\assets\\MV5BYzc5MjMyNWItOTYzZS00NTkzLWJkNDktMjljYjNjZjkxOTE5XkEyXkFqcGdeQXVyMjQ3MjU3NTU@._V1_.jpg","C:\\Users\\asus\\AppData\\Roaming\\Trak\\data\\Show-Ahsoka\\assets\\MV5BY2Y5MzlkOWEtMTU3ZS00MzRhLWFjOGMtNTZjZjMyNDU2NTgwXkEyXkFqcGdeQXVyMjQ3MjU3NTU@._V1_.jpg","C:\\Users\\asus\\AppData\\Roaming\\Trak\\data\\Show-Ahsoka\\assets\\MV5BZWI0OTZhOWQtODIyYS00ZTBkLTk3YjQtZTRmNjA4MDk1NWM3XkEyXkFqcGdeQXVyMjQ3MjU3NTU@._V1_.jpg","C:\\Users\\asus\\AppData\\Roaming\\Trak\\data\\Show-Ahsoka\\assets\\MV5BMGZjOWNmZmItZjg3Zi00MmM5LWEwMjMtOTNiMmYxMjBlNzUwXkEyXkFqcGdeQXVyMjQ3MjU3NTU@._V1_.jpg","C:\\Users\\asus\\AppData\\Roaming\\Trak\\data\\Show-Ahsoka\\assets\\MV5BY2IyYTJlNzAtYjMyNC00NzIzLTk1ZWItNjNlZmQyNTIwMGRiXkEyXkFqcGdeQXVyMjQ3MjU3NTU@._V1_.jpg","C:\\Users\\asus\\AppData\\Roaming\\Trak\\data\\Show-Ahsoka\\assets\\MV5BNjhjNjNiYWItM2IyOC00NzhkLWI1MWEtZmNhNDQ5MzcxMTgyXkEyXkFqcGdeQXVyMjQ3MjU3NTU@._V1_.jpg","C:\\Users\\asus\\AppData\\Roaming\\Trak\\data\\Show-Ahsoka\\assets\\MV5BMThiMTZmZjgtMzJmNC00YmRjLWFkY2ItNTcwZDI2N2U3OGM0XkEyXkFqcGdeQXVyMjQ3MjU3NTU@._V1_.jpg","C:\\Users\\asus\\AppData\\Roaming\\Trak\\data\\Show-Ahsoka\\assets\\MV5BNzc0ZmE2YzUtN2YwMi00N2ViLThiYjktZDk3MTZiMjRiYjg3XkEyXkFqcGdeQXVyMjQ3MjU3NTU@._V1_.jpg","C:\\Users\\asus\\AppData\\Roaming\\Trak\\data\\Show-Ahsoka\\assets\\MV5BMzYxZjAxZDUtYWM2OC00OGIwLThmYzQtZTRmZTI5OGQzOGJlXkEyXkFqcGdeQXVyMjQ3MjU3NTU@._V1_.jpg","C:\\Users\\asus\\AppData\\Roaming\\Trak\\data\\Show-Ahsoka\\assets\\MV5BMDgyZWU5OWMtN2QzOC00NGFmLTlmYTAtNDc1MGRlZTY3ZWNmXkEyXkFqcGdeQXVyMjQ3MjU3NTU@._V1_.jpg","C:\\Users\\asus\\AppData\\Roaming\\Trak\\data\\Show-Ahsoka\\assets\\MV5BN2M4Njc4ZTUtNzZmYS00MDlmLTg2MjEtMTljYmIxMzE4YjAwXkEyXkFqcGdeQXVyMjQ3MjU3NTU@._V1_.jpg","C:\\Users\\asus\\AppData\\Roaming\\Trak\\data\\Show-Ahsoka\\assets\\MV5BZDRiZTRmODQtMzMwMC00YWNhLTg2MjktZTMyNDc1NTVlYzFlXkEyXkFqcGdeQXVyMjQ3MjU3NTU@._V1_.jpg","C:\\Users\\asus\\AppData\\Roaming\\Trak\\data\\Show-Ahsoka\\assets\\MV5BNzIxZDU1MmYtYjIyZS00M2I4LWJlODEtZTg2N2RmNWU3NmRjXkEyXkFqcGdeQXVyMjQ3MjU3NTU@._V1_.jpg","C:\\Users\\asus\\AppData\\Roaming\\Trak\\data\\Show-Ahsoka\\assets\\MV5BYmNhZjdkMjItM2IxMC00NDNjLTlhN2UtY2U0NTJkNjk0YzNjXkEyXkFqcGdeQXVyMjQ3MjU3NTU@._V1_.jpg","C:\\Users\\asus\\AppData\\Roaming\\Trak\\data\\Show-Ahsoka\\assets\\MV5BYmNiM2I0MGUtOGM3Ni00NDhiLThiODItZWVhMzY4MDQxZDE4XkEyXkFqcGdeQXVyMjQ3MjU3NTU@._V1_.jpg","C:\\Users\\asus\\AppData\\Roaming\\Trak\\data\\Show-Ahsoka\\assets\\MV5BYTE0NzBkYmMtMjAwYi00ODNjLWJhYjItMzQwMzdlODE1YTVjXkEyXkFqcGdeQXVyMjQ3MjU3NTU@._V1_.jpg","C:\\Users\\asus\\AppData\\Roaming\\Trak\\data\\Show-Ahsoka\\assets\\MV5BZmUwODliNGItYTdjMC00NTUxLWExODEtNTM3MDY3NjY2NzQyXkEyXkFqcGdeQXVyMjQ3MjU3NTU@._V1_.jpg","C:\\Users\\asus\\AppData\\Roaming\\Trak\\data\\Show-Ahsoka\\assets\\MV5BMzAwZGUxMDYtZTE5NS00ZDNiLThjYzItNDdkZjk1NDI2Y2I5XkEyXkFqcGdeQXVyMjQ3MjU3NTU@._V1_.jpg","C:\\Users\\asus\\AppData\\Roaming\\Trak\\data\\Show-Ahsoka\\assets\\MV5BNzNlNmFlMmMtZTY4ZS00ZjVmLTkzZjQtNDYyZThhNWZiZTNhXkEyXkFqcGdeQXVyMjQ3MjU3NTU@._V1_.jpg","C:\\Users\\asus\\AppData\\Roaming\\Trak\\data\\Show-Ahsoka\\assets\\MV5BZGRiYjMwNDQtNDMyOS00NDhkLTg1N2YtMWQwZDc2MzY5M2RiXkEyXkFqcGdeQXVyMjQ3MjU3NTU@._V1_.jpg","C:\\Users\\asus\\AppData\\Roaming\\Trak\\data\\Show-Ahsoka\\assets\\MV5BYmE3NzgxZGUtNTkwYi00NWMxLTg0NDctMmNhN2IxOGM1ZGVjXkEyXkFqcGdeQXVyMjQ3MjU3NTU@._V1_.jpg","C:\\Users\\asus\\AppData\\Roaming\\Trak\\data\\Show-Ahsoka\\assets\\MV5BZGRmYzU4YTQtYjc0NS00ZDA5LTllOWEtM2M2YmE2ZGY1OGQxXkEyXkFqcGdeQXVyMjQ3MjU3NTU@._V1_.jpg","C:\\Users\\asus\\AppData\\Roaming\\Trak\\data\\Show-Ahsoka\\assets\\MV5BYTBlMDc0NjEtYzMyNy00MzhiLTkzYzUtZmJhMGVkNTBjYjQ1XkEyXkFqcGdeQXVyMjQ3MjU3NTU@._V1_.jpg","C:\\Users\\asus\\AppData\\Roaming\\Trak\\data\\Show-Ahsoka\\assets\\MV5BNDUwZTQ1NjctNTY2YS00MWMyLWJhY2EtMzgxMGExODU5ZDVhXkEyXkFqcGdeQXVyMjQ3MjU3NTU@._V1_.jpg","C:\\Users\\asus\\AppData\\Roaming\\Trak\\data\\Show-Ahsoka\\assets\\MV5BODkyM2NhYjEtMWYxMy00Mjc2LThiODctNjFhMTcyNjcxNmY1XkEyXkFqcGdeQXVyMjQ3MjU3NTU@._V1_.jpg","C:\\Users\\asus\\AppData\\Roaming\\Trak\\data\\Show-Ahsoka\\assets\\MV5BOWY5MTVkN2MtODNmZS00ZmNiLWJlZGYtNzM5Y2MyYzE2MmVkXkEyXkFqcGdeQXVyMjQ3MjU3NTU@._V1_.jpg","C:\\Users\\asus\\AppData\\Roaming\\Trak\\data\\Show-Ahsoka\\assets\\MV5BYzVhMjc2ZGItMTY1My00MjNiLWI2ZjAtZTliNmNhZDEyZGJkXkEyXkFqcGdeQXVyMjQ3MjU3NTU@._V1_.jpg","C:\\Users\\asus\\AppData\\Roaming\\Trak\\data\\Show-Ahsoka\\assets\\MV5BZDRhZjNlOWEtNjk5Ny00ZmZmLTlmN2UtNTUxOTU0MTFkNmViXkEyXkFqcGdeQXVyMjQ3MjU3NTU@._V1_.jpg","C:\\Users\\asus\\AppData\\Roaming\\Trak\\data\\Show-Ahsoka\\assets\\MV5BMzg1MzJiZTctODc2Zi00ODRlLThiNWYtMzY0NDRiNDg5MTI3XkEyXkFqcGdeQXVyMjQ3MjU3NTU@._V1_.jpg","C:\\Users\\asus\\AppData\\Roaming\\Trak\\data\\Show-Ahsoka\\assets\\MV5BNjljM2M0MTMtMjY2Mi00ZDhiLWE3YTMtMjJkYzhhOTY5MDliXkEyXkFqcGdeQXVyMjQ3MjU3NTU@._V1_.jpg","C:\\Users\\asus\\AppData\\Roaming\\Trak\\data\\Show-Ahsoka\\assets\\MV5BY2M5NTAyODctMjljOS00ZGY2LThkZTUtYmZiODkyMTNmODY5XkEyXkFqcGdeQXVyMjQ3MjU3NTU@._V1_.jpg","C:\\Users\\asus\\AppData\\Roaming\\Trak\\data\\Show-Ahsoka\\assets\\MV5BYzE4YzY2MTEtNzUxMy00MzgyLWJiMTQtY2ZlNDIyNGY3NmNiXkEyXkFqcGdeQXVyMjQ3MjU3NTU@._V1_.jpg","C:\\Users\\asus\\AppData\\Roaming\\Trak\\data\\Show-Ahsoka\\assets\\MV5BMDgzM2I0MjItNmU3MC00ZDk3LTgyMTktN2NhYTk1NzUxZmVjXkEyXkFqcGdeQXVyMjQ3MjU3NTU@._V1_.jpg","C:\\Users\\asus\\AppData\\Roaming\\Trak\\data\\Show-Ahsoka\\assets\\MV5BMDg1NWU2NmQtZGQ3OC00ZDQwLTgyY2EtMDY5NWQ0ZDU5ZTIwXkEyXkFqcGdeQXVyMjQ3MjU3NTU@._V1_.jpg","C:\\Users\\asus\\AppData\\Roaming\\Trak\\data\\Show-Ahsoka\\assets\\MV5BNmFiYTQ2ZmQtZDNmMC00ZmJlLWJhZTctMTM3ZjVjZTUxZmUwXkEyXkFqcGdeQXVyMjQ3MjU3NTU@._V1_.jpg","C:\\Users\\asus\\AppData\\Roaming\\Trak\\data\\Show-Ahsoka\\assets\\MV5BZTMwZGMyMDktOTI0ZC00OTNmLTkwN2QtMmY2M2U2MWIxZjY3XkEyXkFqcGdeQXVyMjQ3MjU3NTU@._V1_.jpg","C:\\Users\\asus\\AppData\\Roaming\\Trak\\data\\Show-Ahsoka\\assets\\MV5BNGI0MTYxMWUtNGZmYS00ZjJiLWExYmMtM2RiMDRmMDQ0OGNlXkEyXkFqcGdeQXVyMjQ3MjU3NTU@._V1_.jpg","C:\\Users\\asus\\AppData\\Roaming\\Trak\\data\\Show-Ahsoka\\assets\\MV5BZGQxMmUwMTEtN2U0Ni00OWFhLWJjMTQtMDk0ODdlMjA5OWIxXkEyXkFqcGdeQXVyMjQ3MjU3NTU@._V1_.jpg","C:\\Users\\asus\\AppData\\Roaming\\Trak\\data\\Show-Ahsoka\\assets\\MV5BMjlmMGFkOWQtZGZkYi00NTMwLTlhNzgtZGFlMzhhMmQ1MzkxXkEyXkFqcGdeQXVyMjQ3MjU3NTU@._V1_.jpg","C:\\Users\\asus\\AppData\\Roaming\\Trak\\data\\Show-Ahsoka\\assets\\MV5BZTY5NWJjZDMtMzM1MC00MjUwLTgxNTAtNmVkM2EzZDA2MWU1XkEyXkFqcGdeQXVyMjQ3MjU3NTU@._V1_.jpg","C:\\Users\\asus\\AppData\\Roaming\\Trak\\data\\Show-Ahsoka\\assets\\MV5BYjNiZDJjNDctZDhkZi00ODFiLWFhMDMtYjY3ZWE0YjBkM2FlXkEyXkFqcGdeQXVyMjQ3MjU3NTU@._V1_.jpg","C:\\Users\\asus\\AppData\\Roaming\\Trak\\data\\Show-Ahsoka\\assets\\MV5BZDJiMTBjY2YtNjBhYy00ODJmLThkZWQtMjI5ZWJmODM5ZmZkXkEyXkFqcGdeQXVyMjQ3MjU3NTU@._V1_.jpg","C:\\Users\\asus\\AppData\\Roaming\\Trak\\data\\Show-Ahsoka\\assets\\MV5BMDkwYjFmZGUtNDY1My00NTY4LWExOTYtYWFlZDViNjhmZGJiXkEyXkFqcGdeQXVyMjQ3MjU3NTU@._V1_.jpg","C:\\Users\\asus\\AppData\\Roaming\\Trak\\data\\Show-Ahsoka\\assets\\MV5BMDVhZjFkYzEtODYyOS00ZDc1LWFjMDktYjk1NGQ1YzFhMjEzXkEyXkFqcGdeQXVyMjQ3MjU3NTU@._V1_.jpg","C:\\Users\\asus\\AppData\\Roaming\\Trak\\data\\Show-Ahsoka\\assets\\MV5BNzdmYmViZjItMTE5Yi00YjcyLTgxNDMtNTM4MjhkOTkxMWE1XkEyXkFqcGdeQXVyMjQ3MjU3NTU@._V1_.jpg","C:\\Users\\asus\\AppData\\Roaming\\Trak\\data\\Show-Ahsoka\\assets\\MV5BZTJiYWZjODEtMDM4MS00ZTdlLWFjZDYtMmVkZmVhMjJmMjAyXkEyXkFqcGdeQXVyMjQ3MjU3NTU@._V1_.jpg","C:\\Users\\asus\\AppData\\Roaming\\Trak\\data\\Show-Ahsoka\\assets\\MV5BMzk0NzRlNWQtMjFjMi00N2Y4LWJkOWQtZDFkM2E3N2U3ZDE5XkEyXkFqcGdeQXVyMjQ3MjU3NTU@._V1_.jpg","C:\\Users\\asus\\AppData\\Roaming\\Trak\\data\\Show-Ahsoka\\assets\\MV5BMDQ3MzI3YmUtYWFjYS00Yzc5LWI2ODAtMzEwYzgzOGQ2ZDZjXkEyXkFqcGdeQXVyMjQ3MjU3NTU@._V1_.jpg","C:\\Users\\asus\\AppData\\Roaming\\Trak\\data\\Show-Ahsoka\\assets\\MV5BODQ3MGJhZDctZmZhZS00NDc5LWExYjgtMmUxNWNmOWI3OTQyXkEyXkFqcGdeQXVyMjQ3MjU3NTU@._V1_.jpg","C:\\Users\\asus\\AppData\\Roaming\\Trak\\data\\Show-Ahsoka\\assets\\MV5BZDUyYzI1MDgtYTNjNS00ZTM1LWI3YWQtMzI4M2RlZWViZmMyXkEyXkFqcGdeQXVyMjQ3MjU3NTU@._V1_.jpg","C:\\Users\\asus\\AppData\\Roaming\\Trak\\data\\Show-Ahsoka\\assets\\MV5BMmM0YjMyYWItZTAxOS00NGRkLWI2NDEtZGFjNDA5NWFmNDA4XkEyXkFqcGdeQXVyMjQ3MjU3NTU@._V1_.jpg","C:\\Users\\asus\\AppData\\Roaming\\Trak\\data\\Show-Ahsoka\\assets\\MV5BMDhmMGM3M2YtZjI3NS00YmI1LWFmZjctY2UwYmY0NjI4Mjk4XkEyXkFqcGdeQXVyMjQ3MjU3NTU@._V1_.jpg","C:\\Users\\asus\\AppData\\Roaming\\Trak\\data\\Show-Ahsoka\\assets\\MV5BODE4NTIzM2MtYjk4NC00OWY1LWJmNTQtNTUzOTM5NmFiMTdkXkEyXkFqcGdeQXVyMjQ3MjU3NTU@._V1_.jpg","C:\\Users\\asus\\AppData\\Roaming\\Trak\\data\\Show-Ahsoka\\assets\\MV5BYzczNGE2MmYtOWI0My00MWIyLTg0MTAtNzY4YWQ4NTMzYzYzXkEyXkFqcGdeQXVyMjQ3MjU3NTU@._V1_.jpg","C:\\Users\\asus\\AppData\\Roaming\\Trak\\data\\Show-Ahsoka\\assets\\MV5BOTdkNzZjMzMtMjQwZi00ZmVlLTg0YWMtMjlkOWNmM2JhZDg0XkEyXkFqcGdeQXVyMjQ3MjU3NTU@._V1_.jpg","C:\\Users\\asus\\AppData\\Roaming\\Trak\\data\\Show-Ahsoka\\assets\\MV5BYTdiNjc3MDItYzY4OS00MDgxLTg1YTgtMGFlYzc3N2Y2NTAyXkEyXkFqcGdeQXVyMjQ3MjU3NTU@._V1_.jpg","C:\\Users\\asus\\AppData\\Roaming\\Trak\\data\\Show-Ahsoka\\assets\\MV5BMTVhMjIwNDAtMDRlMi00M2RhLWFiNzUtZTg3YTc1YzBkZjMxXkEyXkFqcGdeQXVyMjQ3MjU3NTU@._V1_.jpg","C:\\Users\\asus\\AppData\\Roaming\\Trak\\data\\Show-Ahsoka\\assets\\MV5BNDQ1ZmZlODAtOGViOC00MWJlLWEwMWQtM2E4MTAyM2M5YTJlXkEyXkFqcGdeQXVyMjQ3MjU3NTU@._V1_.jpg","C:\\Users\\asus\\AppData\\Roaming\\Trak\\data\\Show-Ahsoka\\assets\\MV5BNmI1NmU3YjgtNzg2ZS00NDA4LWJkYWMtYWVlYjVmNTIxODgwXkEyXkFqcGdeQXVyNDQ0MTYzMDA@._V1_.jpg","C:\\Users\\asus\\AppData\\Roaming\\Trak\\data\\Show-Ahsoka\\assets\\MV5BYWEyYzgxNzItYzZhMy00YjViLTgzMDUtMWY3ODU2OTQ4MjE4XkEyXkFqcGdeQXVyNDQ0MTYzMDA@._V1_.jpg","C:\\Users\\asus\\AppData\\Roaming\\Trak\\data\\Show-Ahsoka\\assets\\MV5BOGQxMzk0MTYtMzIyOS00YTUxLWI5NTMtNjZhY2U1MDExZTYxXkEyXkFqcGdeQXVyNDQ0MTYzMDA@._V1_.jpg","C:\\Users\\asus\\AppData\\Roaming\\Trak\\data\\Show-Ahsoka\\assets\\MV5BZDJiYzRiZWMtODNlZi00OWM1LWI5OWItNGQyMGMyNTY1MTA4XkEyXkFqcGdeQXVyNjcwMzExMzU@._V1_.jpg","C:\\Users\\asus\\AppData\\Roaming\\Trak\\data\\Show-Ahsoka\\assets\\MV5BMjVhMzY1ZjItMjU0ZC00YTFkLTk1MzUtN2NhODYwOGVkOGI0XkEyXkFqcGdeQXVyMTM2MjMwNDM4._V1_.jpg","C:\\Users\\asus\\AppData\\Roaming\\Trak\\data\\Show-Ahsoka\\assets\\MV5BMmI4MWMwMTctOTZlZS00NzI3LTg4NmMtMTI0NTAxNTZhNWU3XkEyXkFqcGdeQXVyMTM2MjMwNDM4._V1_.jpg","C:\\Users\\asus\\AppData\\Roaming\\Trak\\data\\Show-Ahsoka\\assets\\MV5BZDVhZWJlNTMtYTA0Ni00ZTM5LThkYTMtZDUzNmI2YjY3MGFmXkEyXkFqcGdeQXVyMTM2MjMwNDM4._V1_.jpg","C:\\Users\\asus\\AppData\\Roaming\\Trak\\data\\Show-Ahsoka\\assets\\MV5BZWViNTViMDQtMmM2MC00OWU1LTg1NjEtODFkM2RkYWJhODQ4XkEyXkFqcGdeQXVyMTM2MjMwNDM4._V1_.jpg","C:\\Users\\asus\\AppData\\Roaming\\Trak\\data\\Show-Ahsoka\\assets\\MV5BNTlhOTUwZjEtYmYwNC00NzRiLWJlMzEtNzU2NDhjNTIwNWVjXkEyXkFqcGdeQXVyNjcwMzExMzU@._V1_.jpg","C:\\Users\\asus\\AppData\\Roaming\\Trak\\data\\Show-Ahsoka\\assets\\MV5BMTU0YzhmOGMtOWRiYi00NmI0LWI3ZjQtZWZmMjk3YTU2MTc4XkEyXkFqcGdeQXVyMTM2MjMwNDM4._V1_.jpg","C:\\Users\\asus\\AppData\\Roaming\\Trak\\data\\Show-Ahsoka\\assets\\MV5BMGNiMTM3ZTItZmM0OC00ZDg2LWFhZDYtNTkwNTMzZjllZDM3XkEyXkFqcGdeQXVyMTM2MjMwNDM4._V1_.jpg","C:\\Users\\asus\\AppData\\Roaming\\Trak\\data\\Show-Ahsoka\\assets\\MV5BNzNmZWZmNWMtZmU2My00NjdiLWE5ZjItMjE2OTEwM2M0MmI2XkEyXkFqcGdeQXVyMTM2MjMwNDM4._V1_.jpg","C:\\Users\\asus\\AppData\\Roaming\\Trak\\data\\Show-Ahsoka\\assets\\MV5BMzA2Y2Y4NWQtMWUyMi00NDVhLWE1MzEtZGM3ZTFjYTRhMjAzXkEyXkFqcGdeQXVyMTM2MjMwNDM4._V1_.jpg","C:\\Users\\asus\\AppData\\Roaming\\Trak\\data\\Show-Ahsoka\\assets\\MV5BMDUyYTdmMGYtZWU5Ny00NzIyLWI0ZWItZjg5MTM0ZTEzYjg2XkEyXkFqcGdeQXVyMTM2MjMwNDM4._V1_.jpg","C:\\Users\\asus\\AppData\\Roaming\\Trak\\data\\Show-Ahsoka\\assets\\MV5BZjY1MTVjMWUtY2ExMC00NTQ0LWJiZTgtODdlNmEzYmYzOWRkXkEyXkFqcGdeQXVyMTM2MjMwNDM4._V1_.jpg","C:\\Users\\asus\\AppData\\Roaming\\Trak\\data\\Show-Ahsoka\\assets\\MV5BNWMzM2UxOTgtOWFiOS00OWUzLThhMjUtZGRmNDk2NGEwNzBjXkEyXkFqcGdeQXVyNjcwMzExMzU@._V1_.jpg","C:\\Users\\asus\\AppData\\Roaming\\Trak\\data\\Show-Ahsoka\\assets\\MV5BMWEwNDVlOTAtZWFjNi00OWFjLThkNDQtZDUwNzUwOTkyODUwXkEyXkFqcGdeQXVyNjcwMzExMzU@._V1_.jpg","C:\\Users\\asus\\AppData\\Roaming\\Trak\\data\\Show-Ahsoka\\assets\\MV5BZjEwMDVhNTQtZDA1Yi00YmJmLWE1ZjktZGFkYmQ3MWQwODg3XkEyXkFqcGdeQXVyNTA4NzExMDg@._V1_.jpg","C:\\Users\\asus\\AppData\\Roaming\\Trak\\data\\Show-Ahsoka\\assets\\MV5BZTY3ODExYjQtOGJhMC00NGYwLWI1ZmUtZmY5OWRkNGJlYzg3XkEyXkFqcGdeQXVyNTA4NzExMDg@._V1_.jpg","C:\\Users\\asus\\AppData\\Roaming\\Trak\\data\\Show-Ahsoka\\assets\\MV5BZjEyZTg3ZmMtNGFiZS00NWZjLWJlOGMtZWRmMDAwYTBlZWMzXkEyXkFqcGdeQXVyNTA4NzExMDg@._V1_.jpg","C:\\Users\\asus\\AppData\\Roaming\\Trak\\data\\Show-Ahsoka\\assets\\MV5BZmY1Yzk1ZWUtYmI2MS00ZGVhLWE1ZjItYzU2NmUxZTJjM2YzXkEyXkFqcGdeQXVyNDQxNjk1MjY@._V1_.jpg","C:\\Users\\asus\\AppData\\Roaming\\Trak\\data\\Show-Ahsoka\\assets\\MV5BM2NiMzQwNTAtZDBjNy00MDVlLWE2MWItNDNlYTllNmYzNzRlXkEyXkFqcGdeQXVyNDQxNjk1MjY@._V1_.jpg","C:\\Users\\asus\\AppData\\Roaming\\Trak\\data\\Show-Ahsoka\\assets\\MV5BOTZhMjU4OTktMTI1My00NWJkLWI0YTItNjI5NWRhYjcyMzM2XkEyXkFqcGdeQXVyNDQxNjk1MjY@._V1_.jpg","C:\\Users\\asus\\AppData\\Roaming\\Trak\\data\\Show-Ahsoka\\assets\\MV5BYWFiMGY5MmEtMzM4YS00OTUyLThhOGQtMGE3NDEwZjhjY2RmXkEyXkFqcGdeQXVyNDQxNjk1MjY@._V1_.jpg","C:\\Users\\asus\\AppData\\Roaming\\Trak\\data\\Show-Ahsoka\\assets\\MV5BZTU3NjYzNDEtNmMzMi00NDUzLWEwNmQtM2QyNjcwMTgxNWQ3XkEyXkFqcGdeQXVyNjcwMzExMzU@._V1_.jpg","C:\\Users\\asus\\AppData\\Roaming\\Trak\\data\\Show-Ahsoka\\assets\\MV5BNTIyOWE2OTItMmRmNi00MTAzLWJmMjYtYmI0ZDIwZjczODNiXkEyXkFqcGdeQXVyNjcwMzExMzU@._V1_.jpg","C:\\Users\\asus\\AppData\\Roaming\\Trak\\data\\Show-Ahsoka\\assets\\MV5BOGNjNGZmNTYtYTU5OS00OWNiLThmNmMtZDhkNjNhZTFkZWIxXkEyXkFqcGdeQXVyODUwOTE1NTI@._V1_.jpg","C:\\Users\\asus\\AppData\\Roaming\\Trak\\data\\Show-Ahsoka\\assets\\MV5BMjcyYzg4NjQtZmQ4OC00MDY5LTgzYzYtNDExODRhNjg5YzViXkEyXkFqcGdeQXVyODUwOTE1NTI@._V1_.jpg","C:\\Users\\asus\\AppData\\Roaming\\Trak\\data\\Show-Ahsoka\\assets\\MV5BNTU5NTkxOTktZTNlOS00Njk1LTk3MzktN2RhNWVlOWMzOTg2XkEyXkFqcGdeQXVyODUwOTE1NTI@._V1_.jpg","C:\\Users\\asus\\AppData\\Roaming\\Trak\\data\\Show-Ahsoka\\assets\\MV5BNzFhYWRkNWYtOTQwYy00MGEzLTkzNmYtMjY1NmY5MzAxMTcwXkEyXkFqcGdeQXVyODUwOTE1NTI@._V1_.jpg","C:\\Users\\asus\\AppData\\Roaming\\Trak\\data\\Show-Ahsoka\\assets\\MV5BMTYxY2RiOTctYTc4Ni00YzgwLTk3MjUtNWRmNGQ1YTA2MDQwXkEyXkFqcGdeQXVyODUwOTE1NTI@._V1_.jpg","C:\\Users\\asus\\AppData\\Roaming\\Trak\\data\\Show-Ahsoka\\assets\\MV5BMmJlYjE3NjQtNDYzNi00Yjg5LTk2MWMtOWE3MjdiYWNjNzIyXkEyXkFqcGdeQXVyODUwOTE1NTI@._V1_.jpg","C:\\Users\\asus\\AppData\\Roaming\\Trak\\data\\Show-Ahsoka\\assets\\MV5BYjlhMzcxMGUtYmExZC00ZDQxLWI3ZGEtMWViYTU0NTA4MGYwXkEyXkFqcGdeQXVyODUwOTE1NTI@._V1_.jpg","C:\\Users\\asus\\AppData\\Roaming\\Trak\\data\\Show-Ahsoka\\assets\\MV5BZTkyYTMxMTQtNWY5NC00MTQ3LWI4MDEtMzViY2E2MDhlNGM2XkEyXkFqcGdeQXVyODUwOTE1NTI@._V1_.jpg","C:\\Users\\asus\\AppData\\Roaming\\Trak\\data\\Show-Ahsoka\\assets\\MV5BMGNjYTAzMjItY2ZmZi00NjFjLThiZDYtZTFiMDE4ZmU3ZTY4XkEyXkFqcGdeQXVyODUwOTE1NTI@._V1_.jpg","C:\\Users\\asus\\AppData\\Roaming\\Trak\\data\\Show-Ahsoka\\assets\\MV5BMmIwZmIxNzAtNTI4Ni00MzNlLWJkYmQtOTM2NmNlMGM5MjJkXkEyXkFqcGdeQXVyODUwOTE1NTI@._V1_.jpg","C:\\Users\\asus\\AppData\\Roaming\\Trak\\data\\Show-Ahsoka\\assets\\MV5BNGM4ZWNkMWQtMjU4OC00MDA1LTgxMGItZTgxNTRkNWY3ZjFlXkEyXkFqcGdeQXVyODUwOTE1NTI@._V1_.jpg","C:\\Users\\asus\\AppData\\Roaming\\Trak\\data\\Show-Ahsoka\\assets\\MV5BYWNjN2M5ZjItOGUyYy00NjJlLTk3OGYtMDEwMTdhN2UxODQyXkEyXkFqcGdeQXVyODUwOTE1NTI@._V1_.jpg","C:\\Users\\asus\\AppData\\Roaming\\Trak\\data\\Show-Ahsoka\\assets\\MV5BMWNkNzIyMjMtOTgzMi00ODNmLTkxMDYtMmE5ZmI3MGMwOGIzXkEyXkFqcGdeQXVyODUwOTE1NTI@._V1_.jpg","C:\\Users\\asus\\AppData\\Roaming\\Trak\\data\\Show-Ahsoka\\assets\\MV5BYjdmZTg5OTMtNGVhMS00NWEwLWE0MDEtODA5NGExZjZlODUyXkEyXkFqcGdeQXVyODUwOTE1NTI@._V1_.jpg","C:\\Users\\asus\\AppData\\Roaming\\Trak\\data\\Show-Ahsoka\\assets\\MV5BMDcwYmIxNmItMWU5YS00MWJjLTlhM2ItNDgyYzVmMDMzNWMwXkEyXkFqcGdeQXVyODUwOTE1NTI@._V1_.jpg","C:\\Users\\asus\\AppData\\Roaming\\Trak\\data\\Show-Ahsoka\\assets\\MV5BMzQyN2E0ZmYtYjAwMS00M2RmLWI1YzUtNTY2ZGIyZDVmNWE1XkEyXkFqcGdeQXVyNjcwMzExMzU@._V1_.jpg","C:\\Users\\asus\\AppData\\Roaming\\Trak\\data\\Show-Ahsoka\\assets\\MV5BZGZhYjRmNGItMjFkMS00MzA0LWIyZjktYjQ1YmRkNjc4YmJiXkEyXkFqcGdeQXVyNjcwMzExMzU@._V1_.jpg","C:\\Users\\asus\\AppData\\Roaming\\Trak\\data\\Show-Ahsoka\\assets\\MV5BM2YyZTlmNmMtZWUxNS00ZjYyLWExZTMtNjZkYWFjNThlOTc3XkEyXkFqcGdeQXVyNjUwNzk3NDc@._V1_.jpg","C:\\Users\\asus\\AppData\\Roaming\\Trak\\data\\Show-Ahsoka\\assets\\MV5BMTI0OTA5NTgtNjYxMy00ZjdjLWI3OWMtNmI0OGM0YWZhMjIxXkEyXkFqcGdeQXVyMTEwMDAzNjc2._V1_.jpg","C:\\Users\\asus\\AppData\\Roaming\\Trak\\data\\Show-Ahsoka\\assets\\MV5BN2VjNWJiNjMtNDZiNC00OTJiLThiZTQtODQ3YjAyYzAwMDYwXkEyXkFqcGdeQXVyMTEwMDAzNjc2._V1_.jpg","C:\\Users\\asus\\AppData\\Roaming\\Trak\\data\\Show-Ahsoka\\assets\\MV5BMzJkNTQxYjctMjQzNy00ODY1LTg0OTQtZGUwYmI5Njg3NzE0XkEyXkFqcGdeQXVyMTEwMDAzNjc2._V1_.jpg","C:\\Users\\asus\\AppData\\Roaming\\Trak\\data\\Show-Ahsoka\\assets\\MV5BYjM5ZGE3MTUtMGVhNS00YWZhLWEyMDAtZDY0OTQwOTU0MTdkXkEyXkFqcGdeQXVyMTEwMDAzNjc2._V1_.jpg","C:\\Users\\asus\\AppData\\Roaming\\Trak\\data\\Show-Ahsoka\\assets\\MV5BMWRkNzBkN2EtYzdhZi00NTI3LWI1MmQtNDI0YTM0NDM5NjBmXkEyXkFqcGdeQXVyMTEwMDAzNjc2._V1_.jpg","C:\\Users\\asus\\AppData\\Roaming\\Trak\\data\\Show-Ahsoka\\assets\\MV5BMGQ2YjRkOTYtNTU0Yi00OTQyLWFhOTgtZGZlZTExYjFmZDQ1XkEyXkFqcGdeQXVyNDQ0MTYzMDA@._V1_.jpg","C:\\Users\\asus\\AppData\\Roaming\\Trak\\data\\Show-Ahsoka\\assets\\MV5BMTEzMzg2ZDgtNjE1Yy00YjZlLWFhMDMtMmRjMmMyOTA2N2Y4XkEyXkFqcGdeQXVyNDQ0MTYzMDA@._V1_.jpg","C:\\Users\\asus\\AppData\\Roaming\\Trak\\data\\Show-Ahsoka\\assets\\MV5BYjdmNmNlYzEtNmNmZC00YzBmLTg1ZmUtN2Q0NDdkZmJhZTM0XkEyXkFqcGdeQXVyNDQ0MTYzMDA@._V1_.jpg","C:\\Users\\asus\\AppData\\Roaming\\Trak\\data\\Show-Ahsoka\\assets\\MV5BZjVhMGExY2UtZjNmZC00ZWJiLWEwZTMtM2FmNjk2MzUyNmVlXkEyXkFqcGdeQXVyMTcwMzE3MzQ0._V1_.jpg","C:\\Users\\asus\\AppData\\Roaming\\Trak\\data\\Show-Ahsoka\\assets\\MV5BZDhkZWIxMmQtOWYxMS00MzVhLTgzM2MtNTFmNDA2ZGViMjU3XkEyXkFqcGdeQXVyNzE5ODA0MDE@._V1_.jpg","C:\\Users\\asus\\AppData\\Roaming\\Trak\\data\\Show-Ahsoka\\assets\\MV5BNWNmYzNhMDYtNjQ1Yi00YTFjLTgzOWUtZGUzODJjMjIzM2E3XkEyXkFqcGdeQXVyMTEwMDAzNjc2._V1_.jpg","C:\\Users\\asus\\AppData\\Roaming\\Trak\\data\\Show-Ahsoka\\assets\\MV5BOGExN2EyYjAtYTc4YS00ODJhLTliMDctMzc2ODhjMDU3ZDc5XkEyXkFqcGdeQXVyMTA4OTg1Mzc1._V1_.jpg","C:\\Users\\asus\\AppData\\Roaming\\Trak\\data\\Show-Ahsoka\\assets\\MV5BYzUxOGQwNWEtOWIyYS00ZGFmLTgzYzgtODJkNzNkNTFiNzQ2XkEyXkFqcGdeQXVyMTA4OTg1Mzc1._V1_.jpg","C:\\Users\\asus\\AppData\\Roaming\\Trak\\data\\Show-Ahsoka\\assets\\MV5BZmQ0NWM1OWUtODBkZi00YzAyLWEzMWEtYzcyM2VlYmFhNjJmXkEyXkFqcGdeQXVyMTA4OTg1Mzc1._V1_.jpg","C:\\Users\\asus\\AppData\\Roaming\\Trak\\data\\Show-Ahsoka\\assets\\MV5BNzYwNWRlM2ItNjk1Yy00ZTk0LTg4NzItZTIwNGFkYjVjY2RmXkEyXkFqcGdeQXVyMTA4OTg1Mzc1._V1_.jpg","C:\\Users\\asus\\AppData\\Roaming\\Trak\\data\\Show-Ahsoka\\assets\\MV5BMDYyMWEzNjAtOTlkYy00M2E3LWFjNWMtOWQ4Yzc3MmE4YzU4XkEyXkFqcGdeQXVyMTA4OTg1Mzc1._V1_.jpg","C:\\Users\\asus\\AppData\\Roaming\\Trak\\data\\Show-Ahsoka\\assets\\MV5BZTQyZDFhNDEtYjhmNy00NmQyLTkzNTAtNWU4YjJlZDRhMzYyXkEyXkFqcGdeQXVyMTA4OTg1Mzc1._V1_.jpg","C:\\Users\\asus\\AppData\\Roaming\\Trak\\data\\Show-Ahsoka\\assets\\MV5BZjJiYmE3OWUtMWI3NC00ZmJjLWE3MTktNGQ4MzQ2YzQ3MzhlXkEyXkFqcGdeQXVyMTA4OTg1Mzc1._V1_.jpg","C:\\Users\\asus\\AppData\\Roaming\\Trak\\data\\Show-Ahsoka\\assets\\MV5BZjQ3ZTliZTMtOTIwNC00ZTFhLTgxZjctNDVhZDBjMjQ1ZTVlXkEyXkFqcGdeQXVyMTA4OTg1Mzc1._V1_.jpg","C:\\Users\\asus\\AppData\\Roaming\\Trak\\data\\Show-Ahsoka\\assets\\MV5BMjAzZmU2MTYtZjcwOS00NTkwLTgyNTgtY2NmZDQzNDNkMzk3XkEyXkFqcGdeQXVyMTA4OTg1Mzc1._V1_.jpg","C:\\Users\\asus\\AppData\\Roaming\\Trak\\data\\Show-Ahsoka\\assets\\MV5BZjFhZWVmZjUtYTZkNy00NWYyLTgyMDEtNTQwN2MzNTFhMDUzXkEyXkFqcGdeQXVyMTA4OTg1Mzc1._V1_.jpg","C:\\Users\\asus\\AppData\\Roaming\\Trak\\data\\Show-Ahsoka\\assets\\MV5BOWQ0ZTAzMmQtM2NkNC00MmNlLTg5ODItNThiYTQ4YzcwYThhXkEyXkFqcGdeQXVyMTA4OTg1Mzc1._V1_.jpg","C:\\Users\\asus\\AppData\\Roaming\\Trak\\data\\Show-Ahsoka\\assets\\MV5BNjQxNjdkYWMtOTc1Ni00NTRmLWI4NTUtZTBhYWRhNWNkMzYwXkEyXkFqcGdeQXVyMTA4OTg1Mzc1._V1_.jpg","C:\\Users\\asus\\AppData\\Roaming\\Trak\\data\\Show-Ahsoka\\assets\\MV5BN2VhZTlhN2YtZGFkNC00ZmFhLWI2MTUtMTNjM2M0NWU2MTZhXkEyXkFqcGdeQXVyMTA4OTg1Mzc1._V1_.jpg","C:\\Users\\asus\\AppData\\Roaming\\Trak\\data\\Show-Ahsoka\\assets\\MV5BYTYyZjQyZDEtODlhMC00N2RjLWE3MmUtNjIzYzA0YzMwMjYxXkEyXkFqcGdeQXVyMTA4OTg1Mzc1._V1_.jpg","C:\\Users\\asus\\AppData\\Roaming\\Trak\\data\\Show-Ahsoka\\assets\\MV5BZDg3NzgwN2EtNTY2YS00OTc3LTk4YjEtOGI1N2JmZTc3OTkwXkEyXkFqcGdeQXVyMTA4OTg1Mzc1._V1_.jpg","C:\\Users\\asus\\AppData\\Roaming\\Trak\\data\\Show-Ahsoka\\assets\\MV5BY2QzNWQ5Y2UtN2VmZS00NGVjLTkwMjktNWVkZDU0NmI4NjZkXkEyXkFqcGdeQXVyMTA4OTg1Mzc1._V1_.jpg","C:\\Users\\asus\\AppData\\Roaming\\Trak\\data\\Show-Ahsoka\\assets\\MV5BOTcwZTZhMWUtZmIzNC00YzdhLWI5M2EtNmU3MTk1NjBlNDliXkEyXkFqcGdeQXVyNDQxNjk1MjY@._V1_.jpg","C:\\Users\\asus\\AppData\\Roaming\\Trak\\data\\Show-Ahsoka\\assets\\MV5BNDQ2MTE5YWItNjAxNS00ZjA2LTllZGEtMGEwNzRiY2FjNjI1XkEyXkFqcGdeQXVyNDQxNjk1MjY@._V1_.jpg","C:\\Users\\asus\\AppData\\Roaming\\Trak\\data\\Show-Ahsoka\\assets\\MV5BODA5ZTNhMzAtMThmZS00ODA0LTkzZmEtNDkwODk2MzAxOWNjXkEyXkFqcGdeQXVyNDQxNjk1MjY@._V1_.jpg","C:\\Users\\asus\\AppData\\Roaming\\Trak\\data\\Show-Ahsoka\\assets\\MV5BNGE3ZDNkZWEtODUwNC00MGVhLWE2MDQtOTRjZTAwZDM1YWZlXkEyXkFqcGdeQXVyODQ2OTQ3NjE@._V1_.jpg","C:\\Users\\asus\\AppData\\Roaming\\Trak\\data\\Show-Ahsoka\\assets\\MV5BZmVhMWNiODYtMzFmZi00NTQ3LThjZDUtNjQ5YmMyMDI5ZDIzXkEyXkFqcGdeQXVyODQ2OTQ3NjE@._V1_.jpg","C:\\Users\\asus\\AppData\\Roaming\\Trak\\data\\Show-Ahsoka\\assets\\MV5BZjFhNjNjYmEtYWI1Ny00N2VkLTk1ZTctMDg2NmQ0ZjhlM2Q3XkEyXkFqcGdeQXVyNDQxNjk1MjY@._V1_.jpg","C:\\Users\\asus\\AppData\\Roaming\\Trak\\data\\Show-Ahsoka\\assets\\MV5BNjg5NzlmODktYWNmMi00M2EzLWE4MDQtNDczMjU0ODM2YzI1XkEyXkFqcGdeQXVyNDQxNjk1MjY@._V1_.jpg","C:\\Users\\asus\\AppData\\Roaming\\Trak\\data\\Show-Ahsoka\\assets\\MV5BNTc1ZGUwYTktNDZiNy00NTRlLThkMTItZGFmNTg0M2VjZjg2XkEyXkFqcGdeQXVyNDQxNjk1MjY@._V1_.jpg","C:\\Users\\asus\\AppData\\Roaming\\Trak\\data\\Show-Ahsoka\\assets\\MV5BYWU0NTAxZGQtNWY5YS00ZWM1LTkzMGItMDM1YThlMzFjOGQxXkEyXkFqcGdeQXVyMTEwMDAzNjc2._V1_.jpg","C:\\Users\\asus\\AppData\\Roaming\\Trak\\data\\Show-Ahsoka\\assets\\MV5BNDMzNDFiNWEtZDlhNy00NWRlLThiYzAtNDAxN2VlZTM0NDVlXkEyXkFqcGdeQXVyMTEwMDAzNjc2._V1_.jpg","C:\\Users\\asus\\AppData\\Roaming\\Trak\\data\\Show-Ahsoka\\assets\\MV5BN2E2ODAyYjAtNjE0ZC00MTA4LTgwNDEtMTMzOTc0MTRhNWVmXkEyXkFqcGdeQXVyMTEwMDAzNjc2._V1_.jpg","C:\\Users\\asus\\AppData\\Roaming\\Trak\\data\\Show-Ahsoka\\assets\\MV5BNGI2NWUzMzEtNTc0ZS00YWI2LWJlYmEtMDU3NjRhMzc2ODlkXkEyXkFqcGdeQXVyMTEwMDAzNjc2._V1_.jpg","C:\\Users\\asus\\AppData\\Roaming\\Trak\\data\\Show-Ahsoka\\assets\\MV5BMDk2YjljYTMtMjUwNy00NTU4LWEyNTQtYmVjMWY1NjBmOTYwXkEyXkFqcGdeQXVyMTEwMDAzNjc2._V1_.jpg","C:\\Users\\asus\\AppData\\Roaming\\Trak\\data\\Show-Ahsoka\\assets\\MV5BMWE0MDc2MDMtOWM3Yy00NzViLWI3ZTItNmI3YWFkZmYwNWVmXkEyXkFqcGdeQXVyMTEwMDAzNjc2._V1_.jpg","C:\\Users\\asus\\AppData\\Roaming\\Trak\\data\\Show-Ahsoka\\assets\\MV5BNzM0NjBmOWYtNDdiZS00MzE1LWEyMWQtMjkwNjdjZThhYjdhXkEyXkFqcGdeQXVyMTEwMDAzNjc2._V1_.jpg","C:\\Users\\asus\\AppData\\Roaming\\Trak\\data\\Show-Ahsoka\\assets\\MV5BNmNjMmJmOTUtNWU5Mi00ODE3LWE5ZjEtNmQ4YmIzYWNlZDZhXkEyXkFqcGdeQXVyMTEwMDAzNjc2._V1_.jpg","C:\\Users\\asus\\AppData\\Roaming\\Trak\\data\\Show-Ahsoka\\assets\\MV5BZGU5YTA4YjktMzhmYS00ZWE1LWE3YzQtYzk1YmVlMDJkOWI2XkEyXkFqcGdeQXVyMTEwMDAzNjc2._V1_.jpg","C:\\Users\\asus\\AppData\\Roaming\\Trak\\data\\Show-Ahsoka\\assets\\MV5BNzQxYjcyNzQtMWI2NS00OWM5LWFmNmUtZTQyNjU0OGJiMTFlXkEyXkFqcGdeQXVyMTEwMDAzNjc2._V1_.jpg","C:\\Users\\asus\\AppData\\Roaming\\Trak\\data\\Show-Ahsoka\\assets\\MV5BZTYxNmI0MWYtNDA3OC00MzVlLTkyNWItNDhlMDA4OTJmYzYwXkEyXkFqcGdeQXVyMTEwMDAzNjc2._V1_.jpg","C:\\Users\\asus\\AppData\\Roaming\\Trak\\data\\Show-Ahsoka\\assets\\MV5BNzVmZTM5YjEtYzM0NS00YTYyLWE1NGEtOGIxNWIwYzQyNGI5XkEyXkFqcGdeQXVyMTEwMDAzNjc2._V1_.jpg","C:\\Users\\asus\\AppData\\Roaming\\Trak\\data\\Show-Ahsoka\\assets\\MV5BYTlkMDM4MzAtZGNmZC00YjkyLTgxNjUtN2RjMTg0NTU0ZWE1XkEyXkFqcGdeQXVyMTEwMDAzNjc2._V1_.jpg","C:\\Users\\asus\\AppData\\Roaming\\Trak\\data\\Show-Ahsoka\\assets\\MV5BNjU3YWM1NjktZGZkYy00Yjc5LWI0YmEtNzhkYjNjNDgxZDQyXkEyXkFqcGdeQXVyMTEwMDAzNjc2._V1_.jpg","C:\\Users\\asus\\AppData\\Roaming\\Trak\\data\\Show-Ahsoka\\assets\\MV5BNDVjOWNmNWQtMTRhYS00YTcxLWI0NmUtMWVlYjdhYzAxYWZmXkEyXkFqcGdeQXVyMTEwMDAzNjc2._V1_.jpg","C:\\Users\\asus\\AppData\\Roaming\\Trak\\data\\Show-Ahsoka\\assets\\MV5BYTBiOTg4ZjEtZGM4Yy00MDZjLWEwMzUtNmNlNDIzMDgwZDY3XkEyXkFqcGdeQXVyMTEwMDAzNjc2._V1_.jpg","C:\\Users\\asus\\AppData\\Roaming\\Trak\\data\\Show-Ahsoka\\assets\\MV5BYWY5NDM1ZGQtOGQ1Ny00YzFlLThlYzEtNGY4MmVhNThjZDYwXkEyXkFqcGdeQXVyMTEwMDAzNjc2._V1_.jpg","C:\\Users\\asus\\AppData\\Roaming\\Trak\\data\\Show-Ahsoka\\assets\\MV5BZTc5NmFiNjEtYzhjMS00MWQ4LWJlYjQtYTJmNzlkYWIxZTMxXkEyXkFqcGdeQXVyMTEwMDAzNjc2._V1_.jpg","C:\\Users\\asus\\AppData\\Roaming\\Trak\\data\\Show-Ahsoka\\assets\\MV5BOTllNDE5OTItNTExMS00MTVmLTg1ZmUtZmJlY2JjMDM5YWMxXkEyXkFqcGdeQXVyMTEwMDAzNjc2._V1_.jpg","C:\\Users\\asus\\AppData\\Roaming\\Trak\\data\\Show-Ahsoka\\assets\\MV5BMTBmZmU2MjEtZWJmNC00MTI1LTliMjAtMDI0ZTEyMDJhNmI5XkEyXkFqcGdeQXVyMTEwMDAzNjc2._V1_.jpg","C:\\Users\\asus\\AppData\\Roaming\\Trak\\data\\Show-Ahsoka\\assets\\MV5BYjQ0N2Q5ODMtMjNkMy00MjIyLWJiMWItMjc5MjVlM2JmMWViXkEyXkFqcGdeQXVyMTEwMDAzNjc2._V1_.jpg","C:\\Users\\asus\\AppData\\Roaming\\Trak\\data\\Show-Ahsoka\\assets\\MV5BMjMyYTM1NzctNTc2NC00NTE4LTlmNjktNjBkMWNiMDFmMjY0XkEyXkFqcGdeQXVyMTEwMDAzNjc2._V1_.jpg","C:\\Users\\asus\\AppData\\Roaming\\Trak\\data\\Show-Ahsoka\\assets\\MV5BMDNkNWExYjgtYzkxZC00Mzk2LWIwNzktZGI1NDVkOWU5NWU0XkEyXkFqcGdeQXVyMTEwMDAzNjc2._V1_.jpg","C:\\Users\\asus\\AppData\\Roaming\\Trak\\data\\Show-Ahsoka\\assets\\MV5BNWMwY2U0ZjAtYTk5Ni00ZjYxLWE5YzQtMjI4MGQ3ZWQyMTNjXkEyXkFqcGdeQXVyMTEwMDAzNjc2._V1_.jpg","C:\\Users\\asus\\AppData\\Roaming\\Trak\\data\\Show-Ahsoka\\assets\\MV5BNjBjMTc4MTctYjEyMC00YTJhLWE2MTktOTA3MzQyMzgyOWE0XkEyXkFqcGdeQXVyMTEwMDAzNjc2._V1_.jpg"],"content":[{"scenario":"Season","name":"Season 1","start":"","end":"","status":"","episodes":[{"name":"Episode 1","watched":"","rating":"","review":""},{"name":"Episode 2","watched":"","rating":"","review":""},{"name":"Episode 3","watched":"","rating":"","review":""},{"name":"Episode 4","watched":"","rating":"","review":""},{"name":"Episode 5","watched":"","rating":"","review":""},{"name":"Episode 6","watched":"","rating":"","review":""},{"name":"Episode 7","watched":"","rating":"","review":""},{"name":"Episode 8","watched":"","rating":"","review":""}]}]}