{"category":"Show","name":"Andor","alternateName":"Andor, Андор, Star Wars: Andor, Gwiezdne wojny: Andor, Зоряні війни: Андор, एनडोर, 안도르, キャシアン・アンドー, 星際大戰：安道爾","review":"","directors":"Toby Haynes, Ariel Kleiman, Alonso Ruizpalacios, Benjamin Caron, Susanna White, Janus Metz","producers":"John Gilroy, David Meanti, Tony Gilroy, John Hampian, Kate Hazell, Kathleen Kennedy, Stephen Schiff, Sanne Wohlenberg, Toby Haynes, Michael A. Garcia, Diego Luna, Ally O'Leary, Michelle Rejwan","writers":"Tony Gilroy, George Lucas, Dan Gilroy, Beau Willimon, Tom Bissell, Stephen Schiff","musicians":"","editors":"","cinematographers":"","distributors":"Disney Media Distribution (DMD), Disney+, Disney+, Walt Disney Television","productionCompanies":"Lucasfilm","stars":"Diego Luna, Kyle Soller, Stellan Skarsgård, Genevieve O'Reilly, Denise Gough, Adria Arjona, Jacob James Beswick, Varada Sethu, Faye Marsay, Anton Lesser, Michael Jenn, Robert Emms, Dave Chapman, Elizabeth Dulau, Joplin Sibtain, Alastair Mackenzie, Bronte Carmichael, Noof Ousellam, Kathryn Hunter, Ben Bailey Smith, Lee Ross, Alex Ferns, Muhannad Bhaier, Wilf Scolding, Abhin Galeya, Fiona Shaw, Victor Perez, Alex Lawther, Duncan Pow, Lucy Russell, Zubin Varla, Nicholas Moss, Raymond Anum, Ben Miles, Aidan Cook, Antonio Viña, Ebon Moss-Bachrach, Gershwyn Eustache Jnr, Christopher Fairbank, Hubert Hanowicz, Sule Rimi, Kingsley Amadi, Anton Valensi, Andy Serkis, Brian Bovell, James McArdle, Martin Ware, Clemens Schick, Neil Bell, Rasaq Kukoyi, Ben Fox, Gary Beadle, Andy Gathergood, Josef Davies, Tom Reed, Fode Simbo, Samson Cox-Vinell, Kieran O'Brien, Pamela Nomvete, Steve Morphew, Christopher York, Jack Donoghue, Mensah Bediako, Romario Simpson, Salman Akhtar, Jonathan Gunning, Malini Raman-Middleton, Malcolm Sinclair, Luiza Mesquita Maia, Cavin Cornwall, Alex Blake, Imogen Ross, Kamila Abdulhamidova, Rupert Vansittart, Oliver Bodur, Margaret Clunie, Kimi Scholz, Dan Li, Nick Blood, Jordan Long, Ron Cook, Jake Lampert, Ronak Patani, Abraham Popoola, Lucas Bond, Fraser Ayres, Dawn Sievewright, Richard Henderson, Adrian Rawlins, Alex Austin, Josh Herdman, Elliot Greene, Joel Tony-Buengo, Kenny Fullwood, Paul McEwan, Matt Dunkley, Joshua James, Richard Dillane, Leonardo Taiwo, Forest Whitaker, Jimmy Walker, Tim Faraday, Caroline Green, Anna Ruben, Lee Boardman, Richard Lister, Stanley Townsend, Stephen Wight, David Hayman, Asheq Akhtar, Latesha Wilson, Richard Katz, Belle Swarc, Matthew Lyons, Liam Cook, Harry Anton, Michelle Duncan, Luke Nunn, Alfie Todd, Joel Morris, Luke Baker, Chris Ryman, Ragevan Vasan, Luke MacGregor, Apple Brook, Billy Dunmore, Elliot Baxter, Michael James, Rob Compton, Teresa Gotto, Daniel Adeosun, Conor Deane, Michael Akinsulire, Peter Bankolé, Ian Whyte, Kiran Shah, Roger Barclay, Gethin Alderman, Andrew Greaves, Harry McEntire, Jolyon Coy, Katrina Nare, Victor Alli, Liam West, Hebe Beardsall, Nick Preston, Beatie Edney, Brandon Bassir, Alice Haig, Mike Quinn, Glyn Pritchard, Gavin Spokes, Damian Farrell, Joseph Arkley, Hugh Sachs, Finley Glasgow, Rosalind Halstead, Chike Chan, James Cooney, Anil Goutam, Alice Orr-Ewing, Chelsea Edge, Patrice Naiambana, Alexander Bowman, Andrew Greaves, Andy M Milligan, Luiza Vallente, Nassie Barro, Nick Owenford, Sam Shoubber, Christopher Presswell, Richard Price, Matthew Dale, Billy Mansell, Marian Lorencik, Alan D West, Steve Brunton, Clément Osty, Max E McCabe, Tony McCarthy, David Cheung, Kishore Bhatt, Jonathan Cheetham, Kenny-Lee Mbanefo, Christian Di Sciullo, Darren Sinden, Neil Alexander Smith, Jessica Wai Sum Tong, Lex Lamprey, Carlos Damasceno, Daniel Rosenberg, Anastasia Zabarchuk, Jonathan Cass, Peter Watson, Rod Glenn, Paul O'Kelly, Tyrone Love, Trevor Watts, Marc Hockley, Zoe Newton-Kisly","genres":[["Action","Adventure","AlternateHistory","Amateur","Animation","Anthology","Art","Biopic","Comedy","CookingShow","Crime","Cyberpunk","Detective","Docudrama","Documentary","Drama","Dystopian","Fantasy","GameShow","Gangster","Ghost","Gore","Gothic","Heist","Historical","Holiday","Horror","Instructional","Military","Monster","Musical","Mystery","Nature","Paranormal","Parody","Political","PostApocalyptic","Psychological","Reality","Religious","Revisionist","Romance","Satire","SciFi","Space","SpaceOpera","Sports","Spy","StopMotion","Superhero","TalkShow","Thriller","Utopian","Vampire","Vigilante","Western","Zombie"],[true,true,false,false,false,false,false,false,false,false,false,false,false,false,false,true,false,true,false,false,false,false,false,false,false,false,false,false,false,false,false,false,false,false,false,false,false,false,false,false,false,false,false,true,false,false,false,false,false,false,false,true,false,false,false,false,false],[""]],"synopsis":"Prequel series to Star Wars' 'Rogue One'. In an era filled with danger, deception and intrigue, Cassian will embark on the path that is destined to turn him into a Rebel hero.","rating":"N/A","release":"2022-09-21","runTime":"40 m","img":["C:\\Users\\asus\\AppData\\Roaming\\Trak\\data\\Show-Andor\\assets\\MV5BNWI2YWQzMjMtMjJhYS00ZGJmLTlkODctMjg5MjYzYzUwMTgyXkEyXkFqcGdeQXVyMDM2NDM2MQ@@._V1_.jpg","C:\\Users\\asus\\AppData\\Roaming\\Trak\\data\\Show-Andor\\assets\\MV5BYzVlZDRmMjEtNDIwMy00MjRmLWJhZjktOGYxYTNjODI0MTk2XkEyXkFqcGdeQXVyMDM2NDM2MQ@@._V1_.jpg","C:\\Users\\asus\\AppData\\Roaming\\Trak\\data\\Show-Andor\\assets\\MV5BMTBmOGI0NjktOThiOC00OGMzLTgzMGYtODI5MDY3MDcyZjFmXkEyXkFqcGdeQXVyMTUzMTg2ODkz._V1_.jpg","C:\\Users\\asus\\AppData\\Roaming\\Trak\\data\\Show-Andor\\assets\\MV5BODYyOGY3ZjItNDU2OS00NTlmLThhOTgtZGY4M2YyYTk3NzBjXkEyXkFqcGdeQXVyMTUzMTg2ODkz._V1_.jpg","C:\\Users\\asus\\AppData\\Roaming\\Trak\\data\\Show-Andor\\assets\\MV5BMWYyYWNlZjYtMjk4Ny00YjRkLWE3NWItZmZkMDQ2NzI0ZTA5XkEyXkFqcGdeQXVyMTUzMTg2ODkz._V1_.jpg","C:\\Users\\asus\\AppData\\Roaming\\Trak\\data\\Show-Andor\\assets\\MV5BODcwNTAxNWMtYTMzMC00OGE0LTk3YjAtNTc3ZjIyNmJkYTQ0XkEyXkFqcGdeQXVyMTUzMTg2ODkz._V1_.jpg","C:\\Users\\asus\\AppData\\Roaming\\Trak\\data\\Show-Andor\\assets\\MV5BMjA2ZGVkZDYtOTMxNC00NmUwLWJjNTctYWJkMzljYjFjNzlmXkEyXkFqcGdeQXVyMTUzMTg2ODkz._V1_.jpg","C:\\Users\\asus\\AppData\\Roaming\\Trak\\data\\Show-Andor\\assets\\MV5BZjU5YTZiNjgtMTBhNC00NzVmLTkxYWMtNTczMzlkZjE2NjA4XkEyXkFqcGdeQXVyMTUzMTg2ODkz._V1_.jpg","C:\\Users\\asus\\AppData\\Roaming\\Trak\\data\\Show-Andor\\assets\\MV5BODZhYWU1NTYtN2FkYy00NmM2LThhZjUtY2Y0N2NiMDBiZDE5XkEyXkFqcGdeQXVyMTUzMTg2ODkz._V1_.jpg","C:\\Users\\asus\\AppData\\Roaming\\Trak\\data\\Show-Andor\\assets\\MV5BZWU4YjIwYTctNzI0Yy00OTZkLWFlNjYtZWIwMWU2ZTc3ZGU5XkEyXkFqcGdeQXVyMTUzMTg2ODkz._V1_.jpg","C:\\Users\\asus\\AppData\\Roaming\\Trak\\data\\Show-Andor\\assets\\MV5BM2NkNDlkMGEtZTgxNS00NDA5LWFlYjgtMDU2M2YxZDUzZGYxXkEyXkFqcGdeQXVyMTUzMTg2ODkz._V1_.jpg","C:\\Users\\asus\\AppData\\Roaming\\Trak\\data\\Show-Andor\\assets\\MV5BZjk4NWE2ZmItMjYyNC00NjIxLTk0MWItZGNjNzI1YTNhNjE3XkEyXkFqcGdeQXVyMTUzMTg2ODkz._V1_.jpg","C:\\Users\\asus\\AppData\\Roaming\\Trak\\data\\Show-Andor\\assets\\MV5BMmRiZGExOTQtMTEwOC00MGI3LTg1YTktNjU4Y2UxOTBlZTRhXkEyXkFqcGdeQXVyMTUzOTczNzYx._V1_.jpg","C:\\Users\\asus\\AppData\\Roaming\\Trak\\data\\Show-Andor\\assets\\MV5BMGFmYzI3NjktMWJmYS00NmZkLWI4ZDktMTgyZDI4M2E1ZmIzXkEyXkFqcGdeQXVyMTUzMTc0MTI3._V1_.jpg","C:\\Users\\asus\\AppData\\Roaming\\Trak\\data\\Show-Andor\\assets\\MV5BNDgxNTIyZTMtMzYxNi00NmRjLWFiMTEtM2U4MTFmODkzNzM1XkEyXkFqcGdeQXVyMTM1MTE1NDMx._V1_.jpg","C:\\Users\\asus\\AppData\\Roaming\\Trak\\data\\Show-Andor\\assets\\MV5BYzFjN2JlMWMtMmU0ZC00ZjQ3LWJlZmYtMDg3YWFkN2MxYWZkXkEyXkFqcGdeQXVyODk4OTc3MTY@._V1_.jpg","C:\\Users\\asus\\AppData\\Roaming\\Trak\\data\\Show-Andor\\assets\\MV5BM2NjZTY5MTctZDI1Yi00NzI3LWFjZDktNzRhM2VlZGRjMmQ1XkEyXkFqcGdeQXVyMTI5Njg5OTQz._V1_.jpg","C:\\Users\\asus\\AppData\\Roaming\\Trak\\data\\Show-Andor\\assets\\MV5BY2EzMmZkOTEtMGQ5OC00ZTI2LTgxYjktYzRlOTM3N2ExMjk2XkEyXkFqcGdeQXVyMTU0ODM0OTQx._V1_.jpg","C:\\Users\\asus\\AppData\\Roaming\\Trak\\data\\Show-Andor\\assets\\MV5BNDk2OTc2NzYtNDE2NC00YmUzLWExNDYtZmIyYTdkZTYxNTA1XkEyXkFqcGdeQXVyMzUwNDIxMjQ@._V1_.jpg","C:\\Users\\asus\\AppData\\Roaming\\Trak\\data\\Show-Andor\\assets\\MV5BZjdkYzIyZGItNzU2Ni00NTgzLWE1OTQtNWQwNWM0NTQ0MjExXkEyXkFqcGdeQXVyMjQ3MjU3NTU@._V1_.jpg","C:\\Users\\asus\\AppData\\Roaming\\Trak\\data\\Show-Andor\\assets\\MV5BNmJmYjA2MTgtZTZjYi00MzBiLTlkZWQtZGI0YThlMDNiZWJkXkEyXkFqcGdeQXVyMjQ3MjU3NTU@._V1_.jpg","C:\\Users\\asus\\AppData\\Roaming\\Trak\\data\\Show-Andor\\assets\\MV5BMmZiYzExOTItOTQ5MS00YjZiLTk2YjUtM2ZhMWY5OWRlOTBjXkEyXkFqcGdeQXVyMTU2MzcxNDc4._V1_.jpg","C:\\Users\\asus\\AppData\\Roaming\\Trak\\data\\Show-Andor\\assets\\MV5BNDhlYmE2YWEtNzk3ZC00ZDllLWJmMzQtYzYwOWM4ODU3YTZlXkEyXkFqcGdeQXVyMjQ3MjU3NTU@._V1_.jpg","C:\\Users\\asus\\AppData\\Roaming\\Trak\\data\\Show-Andor\\assets\\MV5BZWJjOTA4MTYtZGEwNy00NDQ1LWJlZjgtM2U5YWQzZDQxZGJhXkEyXkFqcGdeQXVyMjQ3MjU3NTU@._V1_.jpg","C:\\Users\\asus\\AppData\\Roaming\\Trak\\data\\Show-Andor\\assets\\MV5BMDYzOGJjNWEtMjFiNC00NjIxLTk0ZGMtYWMwMGE5NjVlZjUwXkEyXkFqcGdeQXVyMjQ3MjU3NTU@._V1_.jpg","C:\\Users\\asus\\AppData\\Roaming\\Trak\\data\\Show-Andor\\assets\\MV5BM2ExMzgwYWUtMTBlYS00OTY4LTk0MWQtYWUwOTc3N2JkY2FiXkEyXkFqcGdeQXVyNDM1ODc2NzE@._V1_.jpg","C:\\Users\\asus\\AppData\\Roaming\\Trak\\data\\Show-Andor\\assets\\MV5BZjhkYmM4ZjYtMWNmMC00NGEzLWI0NzQtODM1MGZkYWM1MDY4XkEyXkFqcGdeQXVyMTE5NDQ1MzQ3._V1_.jpg","C:\\Users\\asus\\AppData\\Roaming\\Trak\\data\\Show-Andor\\assets\\MV5BZDA0MDIzODMtNzMwNS00YzliLWFmYjAtZGU3YzBiZWQ0ZjI0XkEyXkFqcGdeQXVyMTE5NDQ1MzQ3._V1_.jpg","C:\\Users\\asus\\AppData\\Roaming\\Trak\\data\\Show-Andor\\assets\\MV5BYWJjZmQwNzktY2NiOS00NWM5LTkzNzktNWE4MDgwMTcwZDI2XkEyXkFqcGdeQXVyNTc4MjczMTM@._V1_.jpg","C:\\Users\\asus\\AppData\\Roaming\\Trak\\data\\Show-Andor\\assets\\MV5BYWQzY2IxNDgtMGJjMi00ZDYxLThlNTktYzU4Y2IwZTZjNjczXkEyXkFqcGdeQXVyMTE5NDQ1MzQ3._V1_.jpg","C:\\Users\\asus\\AppData\\Roaming\\Trak\\data\\Show-Andor\\assets\\MV5BOGY0YWJjY2EtMGJmYy00YjA1LThmOTAtMTM2Yjk0YjQzMmJiXkEyXkFqcGdeQXVyNjk3NDczNTM@._V1_.jpg","C:\\Users\\asus\\AppData\\Roaming\\Trak\\data\\Show-Andor\\assets\\MV5BNGZhOTExNTktN2Y5ZC00NWE3LWFiM2QtZWRjMjZmZTdkNThjXkEyXkFqcGdeQXVyNDQxOTAyNA@@._V1_.jpg","C:\\Users\\asus\\AppData\\Roaming\\Trak\\data\\Show-Andor\\assets\\MV5BY2VjN2E0OTktYjUyMC00YThjLTg4NjYtY2VlMjAwYmE5YmY0XkEyXkFqcGdeQXVyNTE1NjY5Mg@@._V1_.jpg","C:\\Users\\asus\\AppData\\Roaming\\Trak\\data\\Show-Andor\\assets\\MV5BYTQxNWExMjEtZDUwNS00ZWVhLWIwYjUtZjIzYzE4MjZjNjNkXkEyXkFqcGdeQXVyNjQzNDI3NzY@._V1_.jpg","C:\\Users\\asus\\AppData\\Roaming\\Trak\\data\\Show-Andor\\assets\\MV5BY2EyZjI4MWUtZjc0NS00ZGZhLWE0MzItYmFmYmNkMjdjMGIxXkEyXkFqcGdeQXVyMDM2NDM2MQ@@._V1_.jpg","C:\\Users\\asus\\AppData\\Roaming\\Trak\\data\\Show-Andor\\assets\\MV5BM2NhNTY5MzktNTc1Ny00ZmEwLWI0N2MtYjg2NzY0ZDZlMGMwXkEyXkFqcGdeQXVyMDM2NDM2MQ@@._V1_.jpg","C:\\Users\\asus\\AppData\\Roaming\\Trak\\data\\Show-Andor\\assets\\MV5BYjk1YTczZjktNzBhOS00NDZkLTk1ZTctYzIwOTI4OWY5YzljXkEyXkFqcGdeQXVyMTUzMTg2ODkz._V1_.jpg","C:\\Users\\asus\\AppData\\Roaming\\Trak\\data\\Show-Andor\\assets\\MV5BYzQ4MjFlZDktZDg0Yy00ZDk4LWFiMzYtNjhiMGY4ZGMyOWMzXkEyXkFqcGdeQXVyMTUzMTg2ODkz._V1_.jpg","C:\\Users\\asus\\AppData\\Roaming\\Trak\\data\\Show-Andor\\assets\\MV5BYmY2NTMwMzctNmU3Ny00NTAyLWI3ZDYtNTQxOTUzMjVkNDc4XkEyXkFqcGdeQXVyMTUzMTg2ODkz._V1_.jpg","C:\\Users\\asus\\AppData\\Roaming\\Trak\\data\\Show-Andor\\assets\\MV5BZThlZDM2OGItNDQ4ZS00ZjgxLWFmMjMtNTI2NjIwOWU2MzU1XkEyXkFqcGdeQXVyMTUzMTg2ODkz._V1_.jpg","C:\\Users\\asus\\AppData\\Roaming\\Trak\\data\\Show-Andor\\assets\\MV5BMTRkNWU5NWQtNWQwMi00MTZiLWFmM2ItOWIwNTM2NjhmMjMxXkEyXkFqcGdeQXVyMTUzMTg2ODkz._V1_.jpg","C:\\Users\\asus\\AppData\\Roaming\\Trak\\data\\Show-Andor\\assets\\MV5BOGVjM2MyZGEtYjFhMi00MDUxLWI1YzgtYTg3YjNjYWI2NzI1XkEyXkFqcGdeQXVyMTUzMTg2ODkz._V1_.jpg","C:\\Users\\asus\\AppData\\Roaming\\Trak\\data\\Show-Andor\\assets\\MV5BYTkwZWQ4MTUtZGM3My00NjYwLWE3MGYtNzU5ODBlMmY5ZWNiXkEyXkFqcGdeQXVyMTUzMTg2ODkz._V1_.jpg","C:\\Users\\asus\\AppData\\Roaming\\Trak\\data\\Show-Andor\\assets\\MV5BYTIwMWI2OWQtMDUxMC00YmNiLTk2MWEtYjk5ZjMxMzEyYjY0XkEyXkFqcGdeQXVyMTUzMTg2ODkz._V1_.jpg","C:\\Users\\asus\\AppData\\Roaming\\Trak\\data\\Show-Andor\\assets\\MV5BOTBhMmU0NGQtZmE4MS00M2M0LTkyOTgtZTAxYWJlMzAyYzNhXkEyXkFqcGdeQXVyMTUzMTg2ODkz._V1_.jpg","C:\\Users\\asus\\AppData\\Roaming\\Trak\\data\\Show-Andor\\assets\\MV5BMzgxZGNhYjQtMWI0Mi00NGE1LWFjYTMtYWEwNDA2MDA5NDRiXkEyXkFqcGdeQXVyMTUzMTg2ODkz._V1_.jpg","C:\\Users\\asus\\AppData\\Roaming\\Trak\\data\\Show-Andor\\assets\\MV5BMWVhNTIwODUtZTBlOS00M2Y2LTgwYzQtZmI5NzZjZjlhNWE3XkEyXkFqcGdeQXVyMTUzMTg2ODkz._V1_.jpg","C:\\Users\\asus\\AppData\\Roaming\\Trak\\data\\Show-Andor\\assets\\MV5BZDg1MWFkNTQtZGYxNS00ZjhkLTg0NGUtMmMzZTgzZGVmYjZkXkEyXkFqcGdeQXVyMTUzMTg2ODkz._V1_.jpg","C:\\Users\\asus\\AppData\\Roaming\\Trak\\data\\Show-Andor\\assets\\MV5BZDYwMjQ1YjUtNTc1NC00ODA4LTgzODQtNmFlYmYzOWFhZGM5XkEyXkFqcGdeQXVyMTUzMTg2ODkz._V1_.jpg","C:\\Users\\asus\\AppData\\Roaming\\Trak\\data\\Show-Andor\\assets\\MV5BMmZiODJiZWMtZjMxZC00MzUwLTg3Y2MtY2JmOGNiZWNjNGE5XkEyXkFqcGdeQXVyMTUzMTg2ODkz._V1_.jpg","C:\\Users\\asus\\AppData\\Roaming\\Trak\\data\\Show-Andor\\assets\\MV5BZDRkZWFhMGQtOWEwMC00OGY2LTgxMjItOTcxNGQ4ZTUzZjhjXkEyXkFqcGdeQXVyMTUzMTg2ODkz._V1_.jpg","C:\\Users\\asus\\AppData\\Roaming\\Trak\\data\\Show-Andor\\assets\\MV5BMDRjYTI2MTctZmM3My00YjI0LWFhYTEtZGI0ZDliZTJmNTA1XkEyXkFqcGdeQXVyMTUzMTg2ODkz._V1_.jpg","C:\\Users\\asus\\AppData\\Roaming\\Trak\\data\\Show-Andor\\assets\\MV5BNTYxZmZiYTQtMDZlZi00MTNhLWIzYTUtMDFiYjVjYzNjNzE2XkEyXkFqcGdeQXVyMTUzMTg2ODkz._V1_.jpg","C:\\Users\\asus\\AppData\\Roaming\\Trak\\data\\Show-Andor\\assets\\MV5BZjY0ODZjZmEtYWU5NC00ZTJlLWE1YWQtNTlhNmIxYTBkMDJiXkEyXkFqcGdeQXVyMTUzMTg2ODkz._V1_.jpg","C:\\Users\\asus\\AppData\\Roaming\\Trak\\data\\Show-Andor\\assets\\MV5BMjk5MGIxOGItOWEyZC00MzE1LTkzMzEtMTE5YTY2NjQ5YTIxXkEyXkFqcGdeQXVyMTUzMTg2ODkz._V1_.jpg","C:\\Users\\asus\\AppData\\Roaming\\Trak\\data\\Show-Andor\\assets\\MV5BYTNiZjRiNzEtNzBhZi00OTY1LTgxODEtOWMzNTkwMDU1OTBmXkEyXkFqcGdeQXVyMTUzMTg2ODkz._V1_.jpg","C:\\Users\\asus\\AppData\\Roaming\\Trak\\data\\Show-Andor\\assets\\MV5BYTZiMzRkNGYtMWJlNi00YzI4LWI1NGYtZjViYmMzZjFmMjEzXkEyXkFqcGdeQXVyMTUzMTg2ODkz._V1_.jpg","C:\\Users\\asus\\AppData\\Roaming\\Trak\\data\\Show-Andor\\assets\\MV5BZDAyOGY1YjAtY2UyMS00MTMyLWFhZWYtNWZlNDlhZWE1MDExXkEyXkFqcGdeQXVyMTUzMTg2ODkz._V1_.jpg","C:\\Users\\asus\\AppData\\Roaming\\Trak\\data\\Show-Andor\\assets\\MV5BYThlMDk1ZDItNzk0MC00ZmJlLTkzOGUtMDA5ZTRjNzYyYzY5XkEyXkFqcGdeQXVyMTUzMTg2ODkz._V1_.jpg","C:\\Users\\asus\\AppData\\Roaming\\Trak\\data\\Show-Andor\\assets\\MV5BODVmMGIxMTgtNjQwYy00OGNjLTk4ZDQtMjc4ZjI5NDg1M2YzXkEyXkFqcGdeQXVyMTUzMTg2ODkz._V1_.jpg","C:\\Users\\asus\\AppData\\Roaming\\Trak\\data\\Show-Andor\\assets\\MV5BN2E1ZTllNGMtYjFlZS00MmJjLWFkNmYtYTA3ZDQyYTlmOWM2XkEyXkFqcGdeQXVyMTUzMTg2ODkz._V1_.jpg","C:\\Users\\asus\\AppData\\Roaming\\Trak\\data\\Show-Andor\\assets\\MV5BN2YwZGVkN2UtNTViMi00YWIzLWE2YTgtYjk4NzhlMzZjMDc2XkEyXkFqcGdeQXVyMTUzMTg2ODkz._V1_.jpg","C:\\Users\\asus\\AppData\\Roaming\\Trak\\data\\Show-Andor\\assets\\MV5BOTJhNjA4MzktMjQxNC00MTAwLWIyZDQtYjcwMGNlMTRhYmRhXkEyXkFqcGdeQXVyMTUzMTg2ODkz._V1_.jpg","C:\\Users\\asus\\AppData\\Roaming\\Trak\\data\\Show-Andor\\assets\\MV5BNDczZDJjNzAtNmY1MC00YTQxLTllMjEtYzYzNmJjODYzMjFmXkEyXkFqcGdeQXVyMTUzMTg2ODkz._V1_.jpg","C:\\Users\\asus\\AppData\\Roaming\\Trak\\data\\Show-Andor\\assets\\MV5BZDAyZGQ5OTktZTczYy00MzU5LTkzNDQtODZhMGI4OTM0Njc3XkEyXkFqcGdeQXVyMTUzMTg2ODkz._V1_.jpg","C:\\Users\\asus\\AppData\\Roaming\\Trak\\data\\Show-Andor\\assets\\MV5BZWFkNjhmYzItNGRhMS00NDE2LTkxNGEtYzAzMDI2MzBkY2I5XkEyXkFqcGdeQXVyMTUzMTg2ODkz._V1_.jpg","C:\\Users\\asus\\AppData\\Roaming\\Trak\\data\\Show-Andor\\assets\\MV5BMjdjYjFlZmEtOTc1MC00YTg0LWE4ZTAtMTI2YmI4MDQ5OTFhXkEyXkFqcGdeQXVyMTUzMTg2ODkz._V1_.jpg","C:\\Users\\asus\\AppData\\Roaming\\Trak\\data\\Show-Andor\\assets\\MV5BZDVmNmFkODgtM2FjZi00ZmU0LTgyZjctNDk1ZWQ0ZWU5ZDE5XkEyXkFqcGdeQXVyMTUzMTg2ODkz._V1_.jpg","C:\\Users\\asus\\AppData\\Roaming\\Trak\\data\\Show-Andor\\assets\\MV5BZjlmMDQ4NzctMzkxZS00ODViLTgyODQtYmE4YTY5ZjZlZDZhXkEyXkFqcGdeQXVyMTUzMTg2ODkz._V1_.jpg","C:\\Users\\asus\\AppData\\Roaming\\Trak\\data\\Show-Andor\\assets\\MV5BZmMzMzlmNTAtZDMyYS00M2JhLTlkYzItY2YyMzI5M2Q4ZmJiXkEyXkFqcGdeQXVyMTUzMTg2ODkz._V1_.jpg","C:\\Users\\asus\\AppData\\Roaming\\Trak\\data\\Show-Andor\\assets\\MV5BMzYwMjY1NzUtMzdmMi00ZjM3LWFhZDgtZjdkNWQ4ZTdjMTQzXkEyXkFqcGdeQXVyMTUzMTg2ODkz._V1_.jpg","C:\\Users\\asus\\AppData\\Roaming\\Trak\\data\\Show-Andor\\assets\\MV5BZTgzM2Q3ODAtNjA0Ni00NGExLTliN2EtZjkwYzNiMTRkODc3XkEyXkFqcGdeQXVyMTUzMTg2ODkz._V1_.jpg","C:\\Users\\asus\\AppData\\Roaming\\Trak\\data\\Show-Andor\\assets\\MV5BMzhmN2QwMjMtMGRkYy00ZmZmLThkNmYtYTViYzQwYTNkOTMwXkEyXkFqcGdeQXVyMTUzMTg2ODkz._V1_.jpg","C:\\Users\\asus\\AppData\\Roaming\\Trak\\data\\Show-Andor\\assets\\MV5BNmM1ZGU1ZDEtNzA4Yi00ZTQ3LWFhY2UtMWQ0Zjk1NTViMzkyXkEyXkFqcGdeQXVyMTUzMTg2ODkz._V1_.jpg","C:\\Users\\asus\\AppData\\Roaming\\Trak\\data\\Show-Andor\\assets\\MV5BNTY4ZWY4NzgtZjY3Mi00NTVjLWE2YjctNWFjZDE5NDhmNTZkXkEyXkFqcGdeQXVyMTUzMTg2ODkz._V1_.jpg","C:\\Users\\asus\\AppData\\Roaming\\Trak\\data\\Show-Andor\\assets\\MV5BYWQzZTJkOTAtMGJlYS00YTc3LTlhNjctYjBlYTIxNDdhNmZlXkEyXkFqcGdeQXVyMTUzMTg2ODkz._V1_.jpg","C:\\Users\\asus\\AppData\\Roaming\\Trak\\data\\Show-Andor\\assets\\MV5BODlmNmJiNGQtNTZiZS00ZjRhLWFiNGYtNTEzODVkMWQ2OTE1XkEyXkFqcGdeQXVyMTUzMTg2ODkz._V1_.jpg","C:\\Users\\asus\\AppData\\Roaming\\Trak\\data\\Show-Andor\\assets\\MV5BNTVjZTA0OGYtNWE1NC00YTg5LWI5OTgtZTgyOTMzYTk1Yjg5XkEyXkFqcGdeQXVyMTUzMTg2ODkz._V1_.jpg","C:\\Users\\asus\\AppData\\Roaming\\Trak\\data\\Show-Andor\\assets\\MV5BMjQyYjM4YWUtOGU0MS00NzczLThiMDUtY2I3NTAxYjBhYTM1XkEyXkFqcGdeQXVyMTUzMTg2ODkz._V1_.jpg","C:\\Users\\asus\\AppData\\Roaming\\Trak\\data\\Show-Andor\\assets\\MV5BZTY4OTVlMTItZWVlNC00ZDNkLWExYTItYTBkYzhhZjMzNjkzXkEyXkFqcGdeQXVyMTUzMTg2ODkz._V1_.jpg","C:\\Users\\asus\\AppData\\Roaming\\Trak\\data\\Show-Andor\\assets\\MV5BZDUxODIyZTgtYTIzZS00MWY5LTljZGQtYjYyMGQxMmJmMzVmXkEyXkFqcGdeQXVyMTUzMTg2ODkz._V1_.jpg","C:\\Users\\asus\\AppData\\Roaming\\Trak\\data\\Show-Andor\\assets\\MV5BYjkwYjg4NGYtMTA3NC00MTc3LTk5MzEtY2VhZjM1MzgwNjI4XkEyXkFqcGdeQXVyMTUzMTg2ODkz._V1_.jpg","C:\\Users\\asus\\AppData\\Roaming\\Trak\\data\\Show-Andor\\assets\\MV5BNjc0OGYxMWQtN2ZmYy00NTNjLWEyNjQtYTAxNDExMDU3OGQyXkEyXkFqcGdeQXVyMTUzMTg2ODkz._V1_.jpg","C:\\Users\\asus\\AppData\\Roaming\\Trak\\data\\Show-Andor\\assets\\MV5BMGZjN2IwY2MtNTM3Ni00YjI4LWIxNDMtYjU4Zjc0OTIzMmE3XkEyXkFqcGdeQXVyMTUzMTg2ODkz._V1_.jpg","C:\\Users\\asus\\AppData\\Roaming\\Trak\\data\\Show-Andor\\assets\\MV5BNWE2OGVlODItMmE5Yi00ODJjLWEzYmQtODI1NWY2MGJmYmZjXkEyXkFqcGdeQXVyMTUzMTg2ODkz._V1_.jpg","C:\\Users\\asus\\AppData\\Roaming\\Trak\\data\\Show-Andor\\assets\\MV5BYjUyZGQ2ZjMtNjYxOS00MTc2LTllYmQtMTI2MDUwZmI2NmViXkEyXkFqcGdeQXVyMTUzMTg2ODkz._V1_.jpg","C:\\Users\\asus\\AppData\\Roaming\\Trak\\data\\Show-Andor\\assets\\MV5BNzYwNzg3YzMtYzFkZC00YzVmLTk4M2ItZjY3YjIzNTkwY2NlXkEyXkFqcGdeQXVyMTUzMTg2ODkz._V1_.jpg","C:\\Users\\asus\\AppData\\Roaming\\Trak\\data\\Show-Andor\\assets\\MV5BNmU0NmVkMWItOGEyOC00OWEwLTk2NWQtZjg0NTIwMjEzMTY5XkEyXkFqcGdeQXVyMTUzMTg2ODkz._V1_.jpg","C:\\Users\\asus\\AppData\\Roaming\\Trak\\data\\Show-Andor\\assets\\MV5BODFlNjI2ZDQtODRjYi00MmM0LWJlYjEtMjY2ZTNmNTg3YmFjXkEyXkFqcGdeQXVyMTUzMTg2ODkz._V1_.jpg","C:\\Users\\asus\\AppData\\Roaming\\Trak\\data\\Show-Andor\\assets\\MV5BODE1YmU5M2ItMmM4Zi00YmUxLThjZDItNGMzOWU1NDVhOWU2XkEyXkFqcGdeQXVyMTUzMTg2ODkz._V1_.jpg","C:\\Users\\asus\\AppData\\Roaming\\Trak\\data\\Show-Andor\\assets\\MV5BODZmYTk2ODgtZWYyNi00NDcwLTlhZWUtM2IzYTA4OTNlMGI2XkEyXkFqcGdeQXVyMTUzMTg2ODkz._V1_.jpg","C:\\Users\\asus\\AppData\\Roaming\\Trak\\data\\Show-Andor\\assets\\MV5BOWE2YTQwMTktMWRmOS00NWYwLTg3MjQtNzY3Yjg1ODA5N2U3XkEyXkFqcGdeQXVyMTUzMTg2ODkz._V1_.jpg","C:\\Users\\asus\\AppData\\Roaming\\Trak\\data\\Show-Andor\\assets\\MV5BNTYwOTIzMGEtYTk2ZS00YTJiLWJkMjMtNzE2NmNhMDkyYmFlXkEyXkFqcGdeQXVyMTUzMTg2ODkz._V1_.jpg","C:\\Users\\asus\\AppData\\Roaming\\Trak\\data\\Show-Andor\\assets\\MV5BZDU1MTgyZTAtOGJlOC00ZjlkLThlN2YtMGNiODQ5NzkyZWI2XkEyXkFqcGdeQXVyODk4OTc3MTY@._V1_.jpg","C:\\Users\\asus\\AppData\\Roaming\\Trak\\data\\Show-Andor\\assets\\MV5BNWJlNjE5MzgtMGUwOS00ODFhLTlhYWUtYzhhNDAzN2MyMGQxXkEyXkFqcGdeQXVyODk4OTc3MTY@._V1_.jpg","C:\\Users\\asus\\AppData\\Roaming\\Trak\\data\\Show-Andor\\assets\\MV5BZGZkNzczYWYtOWVlMS00ZGNiLWIwMzEtOTU0OWVjNGUzZjU5XkEyXkFqcGdeQXVyODk4OTc3MTY@._V1_.jpg","C:\\Users\\asus\\AppData\\Roaming\\Trak\\data\\Show-Andor\\assets\\MV5BZTZiMzQ4OWYtMzZlOC00MWJiLTg1YjYtMGUyYzhlN2U5OTQ4XkEyXkFqcGdeQXVyMTkxNjUyNQ@@._V1_.jpg","C:\\Users\\asus\\AppData\\Roaming\\Trak\\data\\Show-Andor\\assets\\MV5BYWY0NWY2M2QtNmRmZi00NzQ0LTgwNWYtMTE5ZDNjMWVmZjkzXkEyXkFqcGdeQXVyMTkxNjUyNQ@@._V1_.jpg","C:\\Users\\asus\\AppData\\Roaming\\Trak\\data\\Show-Andor\\assets\\MV5BODJhNWYxNTMtMThiOC00MGUxLWEwNjgtMjJiNGIyYjQ3OTNjXkEyXkFqcGdeQXVyMTkxNjUyNQ@@._V1_.jpg","C:\\Users\\asus\\AppData\\Roaming\\Trak\\data\\Show-Andor\\assets\\MV5BYTk4MTViMzUtZWI5Ni00MTFjLWExNmQtYzQxNjAxYzAzODgwXkEyXkFqcGdeQXVyMTkxNjUyNQ@@._V1_.jpg","C:\\Users\\asus\\AppData\\Roaming\\Trak\\data\\Show-Andor\\assets\\MV5BNTY3YjgwYTEtNjFhZi00MjI5LThmMzEtMTEyNGMzYTY4ZWQ2XkEyXkFqcGdeQXVyMTkxNjUyNQ@@._V1_.jpg","C:\\Users\\asus\\AppData\\Roaming\\Trak\\data\\Show-Andor\\assets\\MV5BYTgzZjNhNjAtNzAyNi00YWI2LTg5YTctY2E5MmUwN2FjYjc0XkEyXkFqcGdeQXVyMTkxNjUyNQ@@._V1_.jpg","C:\\Users\\asus\\AppData\\Roaming\\Trak\\data\\Show-Andor\\assets\\MV5BNmMwZTVkZDItNzQ2My00ZWIzLThlM2YtZDdiNDhjZTdjM2ZlXkEyXkFqcGdeQXVyMTkxNjUyNQ@@._V1_.jpg","C:\\Users\\asus\\AppData\\Roaming\\Trak\\data\\Show-Andor\\assets\\MV5BMjkwOTIxNDktNGQ4Mi00N2EyLWFhNGQtYzI5MDhiYmY0YWQyXkEyXkFqcGdeQXVyMTkxNjUyNQ@@._V1_.jpg","C:\\Users\\asus\\AppData\\Roaming\\Trak\\data\\Show-Andor\\assets\\MV5BMzgwNjY2ZjEtY2ZhNi00MmY2LTgyYWUtZjE1MDhjNDk5OTYwXkEyXkFqcGdeQXVyMTkxNjUyNQ@@._V1_.jpg","C:\\Users\\asus\\AppData\\Roaming\\Trak\\data\\Show-Andor\\assets\\MV5BOWRiZmQzN2MtYjFhYy00ZDdlLWJhMmMtYzY0YWE5M2Y3Mzc5XkEyXkFqcGdeQXVyODk4OTc3MTY@._V1_.jpg","C:\\Users\\asus\\AppData\\Roaming\\Trak\\data\\Show-Andor\\assets\\MV5BMzZjYmFmOTYtYzY5NC00ZDY4LTlmNGMtOWFiNjViNDExYWE5XkEyXkFqcGdeQXVyODk4OTc3MTY@._V1_.jpg","C:\\Users\\asus\\AppData\\Roaming\\Trak\\data\\Show-Andor\\assets\\MV5BOWFhMzY3YmEtYmNjOS00NjgzLWExYjktMTE3MDMxY2FiYjZkXkEyXkFqcGdeQXVyMTY3MDE5MDY1._V1_.jpg","C:\\Users\\asus\\AppData\\Roaming\\Trak\\data\\Show-Andor\\assets\\MV5BM2Y5YWI5NDQtMTQ0ZC00OWY4LWIzZjgtOGQ3YWNiMzY5MDk2XkEyXkFqcGdeQXVyNjUwNjUzMTk@._V1_.jpg","C:\\Users\\asus\\AppData\\Roaming\\Trak\\data\\Show-Andor\\assets\\MV5BODA3NTFkNWYtZWZiNC00Mjk3LTgwY2YtNGZlZWY3ZDg1MTI1XkEyXkFqcGdeQXVyNTQ0NjQzNTE@._V1_.jpg","C:\\Users\\asus\\AppData\\Roaming\\Trak\\data\\Show-Andor\\assets\\MV5BMDAxMmQ2ZDMtMTFjMS00YTc2LTgwMzQtZDI2YjY0ZjNkYTljXkEyXkFqcGdeQXVyMjQ3MjU3NTU@._V1_.jpg","C:\\Users\\asus\\AppData\\Roaming\\Trak\\data\\Show-Andor\\assets\\MV5BNjU5Y2U4ZGUtZDcyNC00YzIwLWEyZjgtNjgwMTUzZWZkZGE0XkEyXkFqcGdeQXVyMjQ3MjU3NTU@._V1_.jpg","C:\\Users\\asus\\AppData\\Roaming\\Trak\\data\\Show-Andor\\assets\\MV5BZTViOGViNGEtZGM1ZS00ZjEwLTg3NTYtZGVhY2VmZWRlM2EzXkEyXkFqcGdeQXVyMjQ3MjU3NTU@._V1_.jpg","C:\\Users\\asus\\AppData\\Roaming\\Trak\\data\\Show-Andor\\assets\\MV5BMjRlOTUyOGEtMDBmYS00ZWFiLWI3Y2YtZjRkYjNhNTBmMGE1XkEyXkFqcGdeQXVyMjQ3MjU3NTU@._V1_.jpg","C:\\Users\\asus\\AppData\\Roaming\\Trak\\data\\Show-Andor\\assets\\MV5BZmY1NTdiNjktNzgxYy00Y2Q1LWI1ZWMtMmJiYjEzNWRiY2Q1XkEyXkFqcGdeQXVyMjQ3MjU3NTU@._V1_.jpg","C:\\Users\\asus\\AppData\\Roaming\\Trak\\data\\Show-Andor\\assets\\MV5BYjQ1MTVhOGUtYzE4NC00MzU0LWFkMjItYWIzMWYyOWE2YTBlXkEyXkFqcGdeQXVyMjQ3MjU3NTU@._V1_.jpg","C:\\Users\\asus\\AppData\\Roaming\\Trak\\data\\Show-Andor\\assets\\MV5BMDgwMTY3M2UtOGQ4ZC00Yzc1LThhNzktNzIxZGFhZjYwNDI0XkEyXkFqcGdeQXVyMjQ3MjU3NTU@._V1_.jpg","C:\\Users\\asus\\AppData\\Roaming\\Trak\\data\\Show-Andor\\assets\\MV5BNzU0YjBjZTQtYTU4Mi00MjgxLTgxNDMtMzExNzVjOWM3ZGZhXkEyXkFqcGdeQXVyMjQ3MjU3NTU@._V1_.jpg","C:\\Users\\asus\\AppData\\Roaming\\Trak\\data\\Show-Andor\\assets\\MV5BZGE5OGM0NDYtZTM0YS00YjVmLWFkZDYtNDcyNTY5ZDE4YjY2XkEyXkFqcGdeQXVyMjQ3MjU3NTU@._V1_.jpg","C:\\Users\\asus\\AppData\\Roaming\\Trak\\data\\Show-Andor\\assets\\MV5BMjJiMTQzMDQtNTZjMS00MzNkLWIwZjctNDgwZWY1YTg5MzRlXkEyXkFqcGdeQXVyMjQ3MjU3NTU@._V1_.jpg","C:\\Users\\asus\\AppData\\Roaming\\Trak\\data\\Show-Andor\\assets\\MV5BZjZmZWZiM2EtYTVmMi00OTU3LTg4MzAtYzZhYmYzOWE3ZDg5XkEyXkFqcGdeQXVyMTU2MzcxNDc4._V1_.jpg","C:\\Users\\asus\\AppData\\Roaming\\Trak\\data\\Show-Andor\\assets\\MV5BM2E0YTkyMmQtODRiZi00MmRmLTg5NmQtYmVhZGZlYjUyYmZiXkEyXkFqcGdeQXVyMTU2MzcxNDc4._V1_.jpg","C:\\Users\\asus\\AppData\\Roaming\\Trak\\data\\Show-Andor\\assets\\MV5BMTg3MjU2NGEtMjQ5NC00YWY0LTkxOWUtMWIxYzllYmEzYmFkXkEyXkFqcGdeQXVyMTU2MzcxNDc4._V1_.jpg","C:\\Users\\asus\\AppData\\Roaming\\Trak\\data\\Show-Andor\\assets\\MV5BYTVhZWRhMjYtYjg3NC00NmJmLTk0MmYtMjAwNTRlNjUzNjAxXkEyXkFqcGdeQXVyNDQxNjk1MjY@._V1_.jpg","C:\\Users\\asus\\AppData\\Roaming\\Trak\\data\\Show-Andor\\assets\\MV5BNTgxOWJjYmQtNzJjZi00ZTQ4LTgxZGQtZjVkYzI2ODdmZmJiXkEyXkFqcGdeQXVyNDQxNjk1MjY@._V1_.jpg","C:\\Users\\asus\\AppData\\Roaming\\Trak\\data\\Show-Andor\\assets\\MV5BNTlmNTJjODQtMDc3ZS00OWMwLWIzYWMtNmQ3NThhYjUzMTJmXkEyXkFqcGdeQXVyMTU2MzcxNDc4._V1_.jpg","C:\\Users\\asus\\AppData\\Roaming\\Trak\\data\\Show-Andor\\assets\\MV5BZmIyOWRhYTYtNTA1YS00MjNiLWIyN2UtZDVmMGQ1ODc2MGFlXkEyXkFqcGdeQXVyMTU2MzcxNDc4._V1_.jpg","C:\\Users\\asus\\AppData\\Roaming\\Trak\\data\\Show-Andor\\assets\\MV5BNjc5YTJiOWEtMTEwZi00ODhiLTgzYjYtY2Y4NGFkNzBkMWVmXkEyXkFqcGdeQXVyOTM0MzQzNjE@._V1_.jpg","C:\\Users\\asus\\AppData\\Roaming\\Trak\\data\\Show-Andor\\assets\\MV5BNmI1MmY0ZDEtNTkxNi00Mjk4LWI1NTItY2UzZmM2NTg4YTYwXkEyXkFqcGdeQXVyOTM0MzQzNjE@._V1_.jpg","C:\\Users\\asus\\AppData\\Roaming\\Trak\\data\\Show-Andor\\assets\\MV5BMDI3MjM3MGMtZWRjMS00ZTBmLWFjOTgtZWM2MjQ2MjRhZGY0XkEyXkFqcGdeQXVyOTM0MzQzNjE@._V1_.jpg","C:\\Users\\asus\\AppData\\Roaming\\Trak\\data\\Show-Andor\\assets\\MV5BMDg1Nzk4MGMtZGEwNC00OWEwLThmMWEtZjc5OWUxNjJjZmE5XkEyXkFqcGdeQXVyOTM0MzQzNjE@._V1_.jpg","C:\\Users\\asus\\AppData\\Roaming\\Trak\\data\\Show-Andor\\assets\\MV5BNTg3ZTJiMjAtMDQxNi00NDliLWE2NTItMDFjYTc4NWZhMmUzXkEyXkFqcGdeQXVyOTM0MzQzNjE@._V1_.jpg","C:\\Users\\asus\\AppData\\Roaming\\Trak\\data\\Show-Andor\\assets\\MV5BYTViYmYxMDktNGNjZS00YzIxLTkzZWEtMTcyODdkYzZjMjliXkEyXkFqcGdeQXVyOTM0MzQzNjE@._V1_.jpg","C:\\Users\\asus\\AppData\\Roaming\\Trak\\data\\Show-Andor\\assets\\MV5BZDI4OGE5ZmYtODM5Yy00M2I4LTlmOGItOGUxNGNhMWYxMTc0XkEyXkFqcGdeQXVyOTM0MzQzNjE@._V1_.jpg","C:\\Users\\asus\\AppData\\Roaming\\Trak\\data\\Show-Andor\\assets\\MV5BYjhkMTgxZmYtNWNhMy00NWFlLWIxNTgtOTdjODYzNzcyZGQzXkEyXkFqcGdeQXVyOTM0MzQzNjE@._V1_.jpg","C:\\Users\\asus\\AppData\\Roaming\\Trak\\data\\Show-Andor\\assets\\MV5BNDU4ZDAyYmYtNjMwNy00NTExLThjYjktMGJiODJhZWUwMzY2XkEyXkFqcGdeQXVyOTM0MzQzNjE@._V1_.jpg","C:\\Users\\asus\\AppData\\Roaming\\Trak\\data\\Show-Andor\\assets\\MV5BOWM4Y2E3YzUtMmYyOC00MjRmLWI5M2ItMzgzZTVhYjQ3YWM0XkEyXkFqcGdeQXVyOTM0MzQzNjE@._V1_.jpg","C:\\Users\\asus\\AppData\\Roaming\\Trak\\data\\Show-Andor\\assets\\MV5BZjQ3YzhhYjAtYTBkZS00ZGVjLWEzMWYtZjA5MmI1N2U0ZTdhXkEyXkFqcGdeQXVyOTM0MzQzNjE@._V1_.jpg","C:\\Users\\asus\\AppData\\Roaming\\Trak\\data\\Show-Andor\\assets\\MV5BNGMxZDVhMzItYzhmZi00MmUxLTkwZWItMGQ2MmJkZmRjNjc4XkEyXkFqcGdeQXVyNTA4NzExMDg@._V1_.jpg","C:\\Users\\asus\\AppData\\Roaming\\Trak\\data\\Show-Andor\\assets\\MV5BYTZiNGMxMWYtYmJiYi00MDEzLWFkZjItYTJhODY0Y2MzNmFhXkEyXkFqcGdeQXVyNTA4NzExMDg@._V1_.jpg","C:\\Users\\asus\\AppData\\Roaming\\Trak\\data\\Show-Andor\\assets\\MV5BYzNjOTBkYTMtOWY2NS00ZGI0LWJiMTgtMWZkNGFiZjg5NmIxXkEyXkFqcGdeQXVyNTA4NzExMDg@._V1_.jpg","C:\\Users\\asus\\AppData\\Roaming\\Trak\\data\\Show-Andor\\assets\\MV5BMjAyZGZmZTEtZTg4MC00NmNlLWIyMGQtNGMyMWIwMmUzMjdjXkEyXkFqcGdeQXVyNTA4NzExMDg@._V1_.jpg","C:\\Users\\asus\\AppData\\Roaming\\Trak\\data\\Show-Andor\\assets\\MV5BYjc0MWUwZjEtYTlmNy00ZWMzLWIwOTEtNGQ2MWUyYWNlZjJhXkEyXkFqcGdeQXVyMTU2MzcxNDc4._V1_.jpg","C:\\Users\\asus\\AppData\\Roaming\\Trak\\data\\Show-Andor\\assets\\MV5BNDJhYjIyNGItNzM0OC00NTdlLTg1YmMtZjMyNmIwODczMGNiXkEyXkFqcGdeQXVyMTU2MzcxNDc4._V1_.jpg","C:\\Users\\asus\\AppData\\Roaming\\Trak\\data\\Show-Andor\\assets\\MV5BNmNkYmU2NmEtYjJmNS00YjBiLWJmOWYtMTFhYTZjZTlmNjU4XkEyXkFqcGdeQXVyMTU2MzcxNDc4._V1_.jpg","C:\\Users\\asus\\AppData\\Roaming\\Trak\\data\\Show-Andor\\assets\\MV5BNGI4ZWQ0Y2YtMWZhZS00NGU0LTg0ODYtYTc2Nzk5NjRmNzUzXkEyXkFqcGdeQXVyMTU2MzcxNDc4._V1_.jpg","C:\\Users\\asus\\AppData\\Roaming\\Trak\\data\\Show-Andor\\assets\\MV5BMTI2ZDM5MjItNjRiOC00MzdkLWIxZGItZWVmZTNhYjVkMTQ1XkEyXkFqcGdeQXVyOTM0MzQzNjE@._V1_.jpg","C:\\Users\\asus\\AppData\\Roaming\\Trak\\data\\Show-Andor\\assets\\MV5BY2IwOTVjZmItZDI0Ny00NGZjLTkxMjQtZjljMmQ4ZjYxZWQ1XkEyXkFqcGdeQXVyMTU2MzcxNDc4._V1_.jpg","C:\\Users\\asus\\AppData\\Roaming\\Trak\\data\\Show-Andor\\assets\\MV5BNmFlNjViOWMtYmVlNy00NzY2LThhZGMtNDJlMmIxNDJhMjE2XkEyXkFqcGdeQXVyMjQ3MjU3NTU@._V1_.jpg","C:\\Users\\asus\\AppData\\Roaming\\Trak\\data\\Show-Andor\\assets\\MV5BOWRhODk1M2UtZGY5Ni00YjZjLWE2YTEtYjcwZWFjNWZjYmRkXkEyXkFqcGdeQXVyMjQ3MjU3NTU@._V1_.jpg","C:\\Users\\asus\\AppData\\Roaming\\Trak\\data\\Show-Andor\\assets\\MV5BMWY0NTUxNzQtNDc1ZC00MzYyLThiMGItOWIzNTQ4MWVmMzEyXkEyXkFqcGdeQXVyMjQ3MjU3NTU@._V1_.jpg","C:\\Users\\asus\\AppData\\Roaming\\Trak\\data\\Show-Andor\\assets\\MV5BZThjYzNiNGYtZTRjYi00YWJhLWJkY2QtMmI0ODgwZjBiZDQxXkEyXkFqcGdeQXVyMjQ3MjU3NTU@._V1_.jpg","C:\\Users\\asus\\AppData\\Roaming\\Trak\\data\\Show-Andor\\assets\\MV5BZjRhMzc3MDYtYWZkMC00YzFiLTkzYzItNDU0MzA3ZDVmZWE4XkEyXkFqcGdeQXVyMjQ3MjU3NTU@._V1_.jpg","C:\\Users\\asus\\AppData\\Roaming\\Trak\\data\\Show-Andor\\assets\\MV5BNjk1YjVmMDQtMWEyNC00MzkwLWFkY2MtYmI1YzM4MTdmZTQwXkEyXkFqcGdeQXVyMjQ3MjU3NTU@._V1_.jpg","C:\\Users\\asus\\AppData\\Roaming\\Trak\\data\\Show-Andor\\assets\\MV5BOTJlNmVkNzMtZDdiNi00MzdjLThkMmQtYWYzYTRhNTQ0NGUxXkEyXkFqcGdeQXVyMjQ3MjU3NTU@._V1_.jpg","C:\\Users\\asus\\AppData\\Roaming\\Trak\\data\\Show-Andor\\assets\\MV5BNGQ0MDk3ODAtODFhMS00OWQ4LTkwMDQtZDk5MmE4MTc4MTFmXkEyXkFqcGdeQXVyMjQ3MjU3NTU@._V1_.jpg","C:\\Users\\asus\\AppData\\Roaming\\Trak\\data\\Show-Andor\\assets\\MV5BMTdmYTg5NDEtNzJkOS00MjAyLThiNjctNDRhOTNjNDNjNDJhXkEyXkFqcGdeQXVyMjQ3MjU3NTU@._V1_.jpg","C:\\Users\\asus\\AppData\\Roaming\\Trak\\data\\Show-Andor\\assets\\MV5BNGRjZDc3MjgtNTQ0MS00MGYyLWIzYjctYzFiYTdlZDY2N2Q1XkEyXkFqcGdeQXVyMjQ3MjU3NTU@._V1_.jpg","C:\\Users\\asus\\AppData\\Roaming\\Trak\\data\\Show-Andor\\assets\\MV5BMDdmNWFjNWItNjY5MC00MDhmLWFiYjktNDUzOThiNDdmMzY3XkEyXkFqcGdeQXVyMjQ3MjU3NTU@._V1_.jpg","C:\\Users\\asus\\AppData\\Roaming\\Trak\\data\\Show-Andor\\assets\\MV5BZWQ2NjA4ZGItMWUzZi00OWViLWI0OGItZjc1NjVhMDkzZWIzXkEyXkFqcGdeQXVyMjQ3MjU3NTU@._V1_.jpg","C:\\Users\\asus\\AppData\\Roaming\\Trak\\data\\Show-Andor\\assets\\MV5BNDg0OTAyNzQtYTExMS00OTljLWI4ODMtNDUwZDhmYWRkODc5XkEyXkFqcGdeQXVyNDQxNjk1MjY@._V1_.jpg","C:\\Users\\asus\\AppData\\Roaming\\Trak\\data\\Show-Andor\\assets\\MV5BYzM3YTFkZTctYTY1OS00ZmYyLThkY2ItMmQxN2E4YTY0NWM3XkEyXkFqcGdeQXVyMTU2MzcxNDc4._V1_.jpg","C:\\Users\\asus\\AppData\\Roaming\\Trak\\data\\Show-Andor\\assets\\MV5BYTljMjI0NzQtYzhlNS00NzkxLThmOTgtZDVhNjIwYWFjYzZlXkEyXkFqcGdeQXVyMTU0MzM3Nzc0._V1_.jpg","C:\\Users\\asus\\AppData\\Roaming\\Trak\\data\\Show-Andor\\assets\\MV5BMGIwN2I0YTEtMGU5MC00MzgyLTkyZmUtMTQyNWE5ZTQ0ZjNhXkEyXkFqcGdeQXVyNDQxNjk1MjY@._V1_.jpg","C:\\Users\\asus\\AppData\\Roaming\\Trak\\data\\Show-Andor\\assets\\MV5BZDkwNDk0NjMtMWU1YS00ZTJjLWE5OTMtYjZhY2QxZjEwODZmXkEyXkFqcGdeQXVyNDQxNjk1MjY@._V1_.jpg","C:\\Users\\asus\\AppData\\Roaming\\Trak\\data\\Show-Andor\\assets\\MV5BZDA3YjZiNjktMWI3Mi00ZDQ3LTk0M2UtODdlN2IxNjE2MTIwXkEyXkFqcGdeQXVyNDQxNjk1MjY@._V1_.jpg","C:\\Users\\asus\\AppData\\Roaming\\Trak\\data\\Show-Andor\\assets\\MV5BMDJmMzU4MTctMDIxNi00NDhiLTk3NTEtZjNjNWYxNTc4YWE2XkEyXkFqcGdeQXVyNDQxNjk1MjY@._V1_.jpg","C:\\Users\\asus\\AppData\\Roaming\\Trak\\data\\Show-Andor\\assets\\MV5BODlkODNjYWUtZDcyMS00NTA0LTk1YmUtZTMzY2QzOWY3ZmQ2XkEyXkFqcGdeQXVyNDQxNjk1MjY@._V1_.jpg","C:\\Users\\asus\\AppData\\Roaming\\Trak\\data\\Show-Andor\\assets\\MV5BOTFkM2MyNTgtNzMyYy00MDc4LThlMzctZTM2ZjFjMTY0ZGRmXkEyXkFqcGdeQXVyNDQxNjk1MjY@._V1_.jpg","C:\\Users\\asus\\AppData\\Roaming\\Trak\\data\\Show-Andor\\assets\\MV5BZjI3YTA0ZTAtYzJhZi00M2Y1LTliMDUtNmVjMWE5MzliNTc2XkEyXkFqcGdeQXVyNDQxNjk1MjY@._V1_.jpg","C:\\Users\\asus\\AppData\\Roaming\\Trak\\data\\Show-Andor\\assets\\MV5BNjk3OWQwZWUtN2VmMi00NjFhLTg1ODktZjEyNWVjYWVlYzdkXkEyXkFqcGdeQXVyNDQxNjk1MjY@._V1_.jpg","C:\\Users\\asus\\AppData\\Roaming\\Trak\\data\\Show-Andor\\assets\\MV5BZWZiMzI1MTQtMjE4ZC00NDhmLWFhMDktYjlhYmEwZDE0NWYyXkEyXkFqcGdeQXVyNDQxNjk1MjY@._V1_.jpg","C:\\Users\\asus\\AppData\\Roaming\\Trak\\data\\Show-Andor\\assets\\MV5BN2ExNTljNWMtNjBmMy00NjU5LWJiMDEtMzQzYmYzZmJjNmEwXkEyXkFqcGdeQXVyMTU2MzcxNDc4._V1_.jpg","C:\\Users\\asus\\AppData\\Roaming\\Trak\\data\\Show-Andor\\assets\\MV5BYTA2YjlhNjktNmM3Mi00ZmQ5LTkyOWQtZWNhY2ZhNjFmNjI1XkEyXkFqcGdeQXVyNTI3MjA2Nzc@._V1_.jpg","C:\\Users\\asus\\AppData\\Roaming\\Trak\\data\\Show-Andor\\assets\\MV5BMDQ3OTRiZWMtNTNlNy00MjVlLTgxODMtMmIwOWM4YzYzODBlXkEyXkFqcGdeQXVyNjUxMjc1OTM@._V1_.jpg","C:\\Users\\asus\\AppData\\Roaming\\Trak\\data\\Show-Andor\\assets\\MV5BNTcwMWUwMzUtMmYxZi00M2M4LWEyZTctZWNhYzhhMDMxZDYyXkEyXkFqcGdeQXVyNjUxMjc1OTM@._V1_.jpg","C:\\Users\\asus\\AppData\\Roaming\\Trak\\data\\Show-Andor\\assets\\MV5BNzVkZTQwM2ItNTdhYi00OTU3LTkyODEtM2ZhMzk1YjAzYjc2XkEyXkFqcGdeQXVyNjUxMjc1OTM@._V1_.jpg","C:\\Users\\asus\\AppData\\Roaming\\Trak\\data\\Show-Andor\\assets\\MV5BZWVjNDZkNTAtZGQxYS00OTEzLWE4YzUtZGVlNWI0NmZlZmVjXkEyXkFqcGdeQXVyNjUxMjc1OTM@._V1_.jpg","C:\\Users\\asus\\AppData\\Roaming\\Trak\\data\\Show-Andor\\assets\\MV5BMGE3ZGM1YjktMTc4MS00NmI2LWFlM2QtYWJhMjlhYzE4MjQzXkEyXkFqcGdeQXVyNjUxMjc1OTM@._V1_.jpg","C:\\Users\\asus\\AppData\\Roaming\\Trak\\data\\Show-Andor\\assets\\MV5BZmM1ODcwYTQtNWY1ZS00MWU2LTkwOTUtYzJhNjFhMTBkNDc1XkEyXkFqcGdeQXVyNjUxMjc1OTM@._V1_.jpg","C:\\Users\\asus\\AppData\\Roaming\\Trak\\data\\Show-Andor\\assets\\MV5BZjk1NThiMmMtZDFiMy00NjIyLThmYzctYzVhZDUwNzZhNDMyXkEyXkFqcGdeQXVyNjUxMjc1OTM@._V1_.jpg","C:\\Users\\asus\\AppData\\Roaming\\Trak\\data\\Show-Andor\\assets\\MV5BNjA5Y2E4NWItODRmOC00MGQ2LWJmZmYtMDcxMmIwN2VkMjE5XkEyXkFqcGdeQXVyNjUxMjc1OTM@._V1_.jpg","C:\\Users\\asus\\AppData\\Roaming\\Trak\\data\\Show-Andor\\assets\\MV5BYzZhYjY0YzItMTM4Yi00NTBiLTkyNjEtYzkwMWI4YjBhNGMwXkEyXkFqcGdeQXVyNjUxMjc1OTM@._V1_.jpg","C:\\Users\\asus\\AppData\\Roaming\\Trak\\data\\Show-Andor\\assets\\MV5BMWIxOGQ3NzgtNjgwZi00OWQ0LTk3ZDgtMDdmNmQzNmU5MDk4XkEyXkFqcGdeQXVyNjUxMjc1OTM@._V1_.jpg","C:\\Users\\asus\\AppData\\Roaming\\Trak\\data\\Show-Andor\\assets\\MV5BMzM0OTcxNmItNWVmNS00ZWJmLWJmMTUtZDkwZDU0Mjc2MTdlXkEyXkFqcGdeQXVyNjUxMjc1OTM@._V1_.jpg","C:\\Users\\asus\\AppData\\Roaming\\Trak\\data\\Show-Andor\\assets\\MV5BNGFiZWRlNjMtNWQxNS00MGU1LTg5ZDUtYzdkY2UxMjU3NWNhXkEyXkFqcGdeQXVyNTA4NzExMDg@._V1_.jpg","C:\\Users\\asus\\AppData\\Roaming\\Trak\\data\\Show-Andor\\assets\\MV5BNDU2MjY0YmItYTUyMy00NWRlLWJkZjMtZGU5YWJiMDk0M2I5XkEyXkFqcGdeQXVyMTU2MzcxNDc4._V1_.jpg","C:\\Users\\asus\\AppData\\Roaming\\Trak\\data\\Show-Andor\\assets\\MV5BMDZjMmU1YjItNTAyMC00MzMzLWE2NjYtYzU4MDc0YzViYTNiXkEyXkFqcGdeQXVyNjUxMjc1OTM@._V1_.jpg","C:\\Users\\asus\\AppData\\Roaming\\Trak\\data\\Show-Andor\\assets\\MV5BNjZhMDI4ZjgtYWJhYy00MDQ1LTg4MjEtYmFiZDE1M2YxNDk1XkEyXkFqcGdeQXVyNjUxMjc1OTM@._V1_.jpg","C:\\Users\\asus\\AppData\\Roaming\\Trak\\data\\Show-Andor\\assets\\MV5BMDc0NjIyYjEtZmRiZC00MTU2LWI1MmItNTQ4ZjQxNzU5MmE1XkEyXkFqcGdeQXVyNDQ0MTYzMDA@._V1_.jpg","C:\\Users\\asus\\AppData\\Roaming\\Trak\\data\\Show-Andor\\assets\\MV5BMzkxMjNmMzUtM2Q1Ni00ZDZmLTllMWEtNDMxNGE1ZjE0ZDUwXkEyXkFqcGdeQXVyNDQ0MTYzMDA@._V1_.jpg","C:\\Users\\asus\\AppData\\Roaming\\Trak\\data\\Show-Andor\\assets\\MV5BZTE2ZmUyMmEtMTZmMi00ZDU3LWFjZDQtZGJmYjQ4YTc4ZTMyXkEyXkFqcGdeQXVyNjUxMjc1OTM@._V1_.jpg","C:\\Users\\asus\\AppData\\Roaming\\Trak\\data\\Show-Andor\\assets\\MV5BOWFjYTk5MjYtN2E5Ni00ZWIyLTkyZTQtZmMwMjE1ZTk5NzQyXkEyXkFqcGdeQXVyMTU2MzcxNDc4._V1_.jpg","C:\\Users\\asus\\AppData\\Roaming\\Trak\\data\\Show-Andor\\assets\\MV5BNGIzNGM5MTEtMmUxNi00ZTdjLTk2YTItY2Y4NTc0YmU5NWRiXkEyXkFqcGdeQXVyMTU2MzcxNDc4._V1_.jpg","C:\\Users\\asus\\AppData\\Roaming\\Trak\\data\\Show-Andor\\assets\\MV5BYjM4Y2U3YzgtZTRjZi00Zjc5LWEzMjctNDNlZThmNGU2MmY4XkEyXkFqcGdeQXVyNjUxMjc1OTM@._V1_.jpg","C:\\Users\\asus\\AppData\\Roaming\\Trak\\data\\Show-Andor\\assets\\MV5BOGVlMWExOGQtNWU0Mi00YzE1LWI1YmEtOGU4ZTZkN2NhNTdjXkEyXkFqcGdeQXVyNjUxMjc1OTM@._V1_.jpg","C:\\Users\\asus\\AppData\\Roaming\\Trak\\data\\Show-Andor\\assets\\MV5BOWRiN2JhNGEtZTBmZC00ZTgxLWFhMjEtMjhjN2JmMjgwZjZkXkEyXkFqcGdeQXVyNDQ0MTYzMDA@._V1_.jpg","C:\\Users\\asus\\AppData\\Roaming\\Trak\\data\\Show-Andor\\assets\\MV5BNTNhZmZlMjItZjkxMC00ZjA2LThlZjMtZGE1YzllZmE5MDZmXkEyXkFqcGdeQXVyMzQxMDU2NzI@._V1_.jpg","C:\\Users\\asus\\AppData\\Roaming\\Trak\\data\\Show-Andor\\assets\\MV5BMjM2YWZiNDAtYzI0Zi00OTJhLWFmZDItY2FkNTU0NjI4MWEzXkEyXkFqcGdeQXVyMzQxMDU2NzI@._V1_.jpg","C:\\Users\\asus\\AppData\\Roaming\\Trak\\data\\Show-Andor\\assets\\MV5BYmZkNTAwOTEtMjAxYy00ZjcxLTk0NzctOWJlNGZiYTQ3MTZkXkEyXkFqcGdeQXVyMzQxMDU2NzI@._V1_.jpg","C:\\Users\\asus\\AppData\\Roaming\\Trak\\data\\Show-Andor\\assets\\MV5BNGU3NDk2NTItNTM3OC00ODA2LWJiNjMtZDk2NDRiZWE2NDRmXkEyXkFqcGdeQXVyMzQxMDU2NzI@._V1_.jpg","C:\\Users\\asus\\AppData\\Roaming\\Trak\\data\\Show-Andor\\assets\\MV5BNDE5YzMyNzQtZWU5My00ZWI0LWJjMGUtMGJiZWVlYzg1MGE1XkEyXkFqcGdeQXVyMzQxMDU2NzI@._V1_.jpg","C:\\Users\\asus\\AppData\\Roaming\\Trak\\data\\Show-Andor\\assets\\MV5BNDJmNzZkOTQtZWIwMC00ODY3LWI2MDQtMzQ5MTczYmYyNjBkXkEyXkFqcGdeQXVyMzQxMDU2NzI@._V1_.jpg","C:\\Users\\asus\\AppData\\Roaming\\Trak\\data\\Show-Andor\\assets\\MV5BMWY4ZDJmZDUtOGU1NC00NTg4LWIyODMtNTNlN2M4ZmNlNjM4XkEyXkFqcGdeQXVyMzQxMDU2NzI@._V1_.jpg","C:\\Users\\asus\\AppData\\Roaming\\Trak\\data\\Show-Andor\\assets\\MV5BNzEzOTE5MzgtZDk4OS00NmM2LThhYjctNWUyM2UwODg2Nzk2XkEyXkFqcGdeQXVyMzQxMDU2NzI@._V1_.jpg","C:\\Users\\asus\\AppData\\Roaming\\Trak\\data\\Show-Andor\\assets\\MV5BNWJjZDQ0Y2MtYzIxNC00ZWYwLTk5YmItNmY4NWQ4ZDY5MWIxXkEyXkFqcGdeQXVyMzQxMDU2NzI@._V1_.jpg","C:\\Users\\asus\\AppData\\Roaming\\Trak\\data\\Show-Andor\\assets\\MV5BODFjYWE3MjktYTRmZS00M2JkLThjZjgtYTliODFlMzcxMDMyXkEyXkFqcGdeQXVyMzQxMDU2NzI@._V1_.jpg","C:\\Users\\asus\\AppData\\Roaming\\Trak\\data\\Show-Andor\\assets\\MV5BMDJkMjRmMWUtYWQ3NS00ODQyLWE2MTItZTg5M2ZlZjAzZTViXkEyXkFqcGdeQXVyMzQxMDU2NzI@._V1_.jpg","C:\\Users\\asus\\AppData\\Roaming\\Trak\\data\\Show-Andor\\assets\\MV5BNzlmNGVhZjQtZTI0NC00YzkxLWEwMjgtNThmMWQ0ZjQ0ZjhjXkEyXkFqcGdeQXVyMzQxMDU2NzI@._V1_.jpg","C:\\Users\\asus\\AppData\\Roaming\\Trak\\data\\Show-Andor\\assets\\MV5BYjE2YzM3NjctNTJlZS00MjUzLTgwNzAtZmY5NWI4YzdkZTM2XkEyXkFqcGdeQXVyMzQxMDU2NzI@._V1_.jpg","C:\\Users\\asus\\AppData\\Roaming\\Trak\\data\\Show-Andor\\assets\\MV5BZDQ1MDNiMGItOWYyNC00ZThhLTlkYTAtYWUxMWI5MjU4ODg1XkEyXkFqcGdeQXVyMzQxMDU2NzI@._V1_.jpg","C:\\Users\\asus\\AppData\\Roaming\\Trak\\data\\Show-Andor\\assets\\MV5BOWMwYTg0OGMtNGM4YS00YzIzLWE2OGYtYzljYWEyYjVlOGEwXkEyXkFqcGdeQXVyMzQxMDU2NzI@._V1_.jpg","C:\\Users\\asus\\AppData\\Roaming\\Trak\\data\\Show-Andor\\assets\\MV5BNDgwOGQ0YzUtMTQ5OS00Y2Q3LWE4N2QtOTMwNzMzOGNlMTJkXkEyXkFqcGdeQXVyMzQxMDU2NzI@._V1_.jpg","C:\\Users\\asus\\AppData\\Roaming\\Trak\\data\\Show-Andor\\assets\\MV5BMzdlOTI1M2ItMDZmNi00ZTBkLTg0NWQtODJiM2E5MWVjODllXkEyXkFqcGdeQXVyMzQxMDU2NzI@._V1_.jpg","C:\\Users\\asus\\AppData\\Roaming\\Trak\\data\\Show-Andor\\assets\\MV5BOTk0MjViZDYtN2Y4Zi00NGQ5LWE3OTMtZTYyNjc3MWYwZGM2XkEyXkFqcGdeQXVyMzQxMDU2NzI@._V1_.jpg","C:\\Users\\asus\\AppData\\Roaming\\Trak\\data\\Show-Andor\\assets\\MV5BZjU0YzJmYjctZDg5OC00YTJmLWJhYjQtZjVmOTJkN2IyZWVlXkEyXkFqcGdeQXVyMzQxMDU2NzI@._V1_.jpg","C:\\Users\\asus\\AppData\\Roaming\\Trak\\data\\Show-Andor\\assets\\MV5BZTBjZTkyY2MtZjU0OC00ZmFlLTk3MmMtZjY4ZDM1OTNiOGRhXkEyXkFqcGdeQXVyMzQxMDU2NzI@._V1_.jpg","C:\\Users\\asus\\AppData\\Roaming\\Trak\\data\\Show-Andor\\assets\\MV5BOTM2OTI4YTQtZTg1OS00ODZlLWExMWQtYmY2ODk2OWFhZDUyXkEyXkFqcGdeQXVyMzQxMDU2NzI@._V1_.jpg","C:\\Users\\asus\\AppData\\Roaming\\Trak\\data\\Show-Andor\\assets\\MV5BZDhlNzgzMjMtZGJjNS00MTZjLTljYzgtN2FkYWZiNzVmMzgxXkEyXkFqcGdeQXVyMzQxMDU2NzI@._V1_.jpg","C:\\Users\\asus\\AppData\\Roaming\\Trak\\data\\Show-Andor\\assets\\MV5BN2EzY2I3ZDEtNTU0Yi00YjIxLTk0MzgtNDU4YTA0MjlkM2IzXkEyXkFqcGdeQXVyMzQxMDU2NzI@._V1_.jpg","C:\\Users\\asus\\AppData\\Roaming\\Trak\\data\\Show-Andor\\assets\\MV5BZTQ1MzYxNDgtZDM1Yy00YjRiLTgwYTItOGU4NjQ2OTU0MmZmXkEyXkFqcGdeQXVyMzQxMDU2NzI@._V1_.jpg","C:\\Users\\asus\\AppData\\Roaming\\Trak\\data\\Show-Andor\\assets\\MV5BMTJhMzhmZjItZWZlMC00ZDhkLWIzNzEtYWU0YTZlMWM1ODdhXkEyXkFqcGdeQXVyMzQxMDU2NzI@._V1_.jpg","C:\\Users\\asus\\AppData\\Roaming\\Trak\\data\\Show-Andor\\assets\\MV5BYzdlZGE2MmItYjlkYS00NTE3LWJlMGQtZTYwNzMyMzFmMDZkXkEyXkFqcGdeQXVyMzQxMDU2NzI@._V1_.jpg","C:\\Users\\asus\\AppData\\Roaming\\Trak\\data\\Show-Andor\\assets\\MV5BMzZkZWNjMjItOTc1OC00OGE0LThiYTgtODliMmViZTczYWJhXkEyXkFqcGdeQXVyMzQxMDU2NzI@._V1_.jpg","C:\\Users\\asus\\AppData\\Roaming\\Trak\\data\\Show-Andor\\assets\\MV5BNjRmMTUyMGYtZDUwNC00YmZlLWEzNWUtYWQzMDkxMjRhN2E4XkEyXkFqcGdeQXVyMzQxMDU2NzI@._V1_.jpg","C:\\Users\\asus\\AppData\\Roaming\\Trak\\data\\Show-Andor\\assets\\MV5BYWEzYjQ1YmUtMjA1Zi00Mzk2LWFjMWYtOTJkYzI2MDlkMDA5XkEyXkFqcGdeQXVyMzQxMDU2NzI@._V1_.jpg","C:\\Users\\asus\\AppData\\Roaming\\Trak\\data\\Show-Andor\\assets\\MV5BMzQ3ODIxYjUtY2RmMi00YjZiLWE0NDAtYjFmY2UzYWY1ZDNiXkEyXkFqcGdeQXVyMzQxMDU2NzI@._V1_.jpg","C:\\Users\\asus\\AppData\\Roaming\\Trak\\data\\Show-Andor\\assets\\MV5BYTRhYzg5ODQtODJlYS00MWQwLWE3ODMtMzVmMDVhNWQ3MzM0XkEyXkFqcGdeQXVyMzQxMDU2NzI@._V1_.jpg","C:\\Users\\asus\\AppData\\Roaming\\Trak\\data\\Show-Andor\\assets\\MV5BZGE5MzcwNWItZTZhNy00NWI2LTljNDctN2FiZmY2ZGE2YzEwXkEyXkFqcGdeQXVyMzQxMDU2NzI@._V1_.jpg","C:\\Users\\asus\\AppData\\Roaming\\Trak\\data\\Show-Andor\\assets\\MV5BZDM4ODRlM2UtNDU3ZC00NTQzLWE2MTYtMjAyZmRjZjQ1M2FkXkEyXkFqcGdeQXVyMzQxMDU2NzI@._V1_.jpg","C:\\Users\\asus\\AppData\\Roaming\\Trak\\data\\Show-Andor\\assets\\MV5BYjQ1OTU4ZDQtNGJhZS00MTIzLThlZjktODFiMTkyZmFlZjhkXkEyXkFqcGdeQXVyMzQxMDU2NzI@._V1_.jpg","C:\\Users\\asus\\AppData\\Roaming\\Trak\\data\\Show-Andor\\assets\\MV5BMDE5MGUyOTMtYzFkZS00MWI1LWFhNjQtZmMwOGE0NDU5NzNkXkEyXkFqcGdeQXVyMzQxMDU2NzI@._V1_.jpg","C:\\Users\\asus\\AppData\\Roaming\\Trak\\data\\Show-Andor\\assets\\MV5BZDczNTNhZmYtMmI0YS00YmNjLTgyZmEtNGUyMTRlNDVhYjU1XkEyXkFqcGdeQXVyMzQxMDU2NzI@._V1_.jpg","C:\\Users\\asus\\AppData\\Roaming\\Trak\\data\\Show-Andor\\assets\\MV5BMWFmZGNhM2ItZDliMi00NWUxLWFjNjMtNjNkNWQxMDk1NDY3XkEyXkFqcGdeQXVyMzQxMDU2NzI@._V1_.jpg"],"content":[{"scenario":"Season","name":"Season 1","start":"","end":"","status":"","episodes":[{"name":"Episode 01","watched":"","rating":"","review":""},{"name":"Episode 02","watched":"","rating":"","review":""},{"name":"Episode 03","watched":"","rating":"","review":""},{"name":"Episode 04","watched":"","rating":"","review":""},{"name":"Episode 05","watched":"","rating":"","review":""},{"name":"Episode 06","watched":"","rating":"","review":""},{"name":"Episode 07","watched":"","rating":"","review":""},{"name":"Episode 08","watched":"","rating":"","review":""},{"name":"Episode 09","watched":"","rating":"","review":""},{"name":"Episode 10","watched":"","rating":"","review":""},{"name":"Episode 11","watched":"","rating":"","review":""},{"name":"Episode 12","watched":"","rating":"","review":""}]}]}