{"category":"Film","name":"Avengers: Infinity War","alternateName":"Avengers: Infinity War, Мстители: Война бесконечности, Atriebēji: Bezgalības karš, Avengers 3: Infinity War, Avengers: Cuộc Chiến Vô Cực, Avengers: Infinity War - Part I, Avengers: la guerre de l'infini, Avengers: Nekonečná vojna, Avengers: Wojna bez granic, Bosszúállók: Végtelen háború, Ha'nokmim: Milkhemet ha'einsof, Keršytojai: Begalybės karas, Mary Lou, Maščevalci: Brezmejna vojna, Osvetnici: Rat beskonačnosti, Qasoskorlar: Abadiyat jangi, Qasoskorlar: Cheksizlik urushi, Răzbunătorii: Războiul infinitului, Tasujad: Igaviku sõda, The Avengers 3, Vengadores: Infinity War, Vengadores: La guerra del infinito - 1ª parte, Vingadores: Guerra do Infinito, Vingadores: Guerra Infinita, Yenilmezler: Sonsuzluk Savaşı, Εκδικητές: Ο πόλεμος της αιωνιότητας, Месники: Війна нескінченності, Осветници: Рат бескраја, Отмъстителите: Война без край, 어벤져스: 인피니티 워, アベンジャーズ　インフィニティ・ウォー, 复仇者联盟3：无限战争, 復仇者聯盟：無限之戰, 復仇者聯盟3：無限之戰","review":"","directors":"Anthony Russo, Joe Russo","producers":"Victoria Alonso, Mitchell Bell, Ari Costa, Louis D'Esposito, Jon Favreau, Kevin Feige, Michael Grillo, James Gunn, Stan Lee, JoAnn Perritano, Edu Sallouti, Nicholas Simon, Trinh Tran, Jen Underdahl","writers":"Christopher Markus, Stephen McFeely, Stan Lee, Jack Kirby, Joe Simon, Steve Englehart, Steve Gan, Bill Mantlo, Keith Giffen, Jim Starlin, Larry Lieber, Don Heck","musicians":"","editors":"","cinematographers":"","distributors":"Walt Disney Studios Motion Pictures, B&H Film Distribution, Buena Vista International, Cinecolor Films, Cineforum, Falcon, Feelgood Entertainment, Forum Film, Forum Hungary, NOS Audiovisuais, Press Play Pictures, Saturn Films, Ster-Kinekor Pictures, United International Pictures (UIP), Walt Disney Company, Walt Disney Studios Motion Pictures Argentina, Walt Disney Studios Motion Pictures, Walt Disney Studios Motion Pictures, Walt Disney Studios Motion Pictures, Walt Disney Studios Motion Pictures, Walt Disney Studios Motion Pictures, Walt Disney Studios Motion Pictures, Walt Disney Studios Motion Pictures, Walt Disney Studios Motion Pictures, Walt Disney Studios Motion Pictures, Walt Disney Studios Motion Pictures, Walt Disney Studios Motion Pictures, Walt Disney Studios Motion Pictures, Walt Disney Studios Motion Pictures, Walt Disney Studios Motion Pictures, Walt Disney Studios Motion Pictures, Walt Disney Studios Motion Pictures, Walt Disney Studios Motion Pictures, Walt Disney Studios Motion Pictures, Walt Disney Studios Motion Pictures, Walt Disney Studios Motion Pictures, Walt Disney Studios Motion Pictures, Walt Disney Studios Motion Pictures, Walt Disney Studios Motion Pictures, Walt Disney Studios Motion Pictures, Walt Disney Studios Motion Pictures, Walt Disney Studios Motion Pictures, Walt Disney Studios Motion Pictures, Walt Disney Studios Motion Pictures, Walt Disney Studios Motion Pictures, Walt Disney Studios Motion Pictures, Walt Disney Studios Motion Pictures, Walt Disney Studios Sony Pictures Releasing (WDSSPR), Warner Bros., Westec Media Limited, 7Mate, Disney+, Disney+, Hotstar, Walt Disney Studios Home Entertainment, Walt Disney Studios Home Entertainment, Walt Disney Studios Home Entertainment, Walt Disney Studios Home Entertainment","productionCompanies":"Marvel Studios, Jason Roberts Productions, South Pictures, Walt Disney Pictures","stars":"Robert Downey Jr., Chris Hemsworth, Mark Ruffalo, Chris Evans, Scarlett Johansson, Don Cheadle, Benedict Cumberbatch, Tom Holland, Chadwick Boseman, Zoe Saldana, Karen Gillan, Tom Hiddleston, Paul Bettany, Elizabeth Olsen, Anthony Mackie, Sebastian Stan, Idris Elba, Danai Gurira, Peter Dinklage, Benedict Wong, Pom Klementieff, Dave Bautista, Vin Diesel, Bradley Cooper, Gwyneth Paltrow, Benicio Del Toro, Josh Brolin, Chris Pratt, Sean Gunn, William Hurt, Letitia Wright, Terry Notary, Tom Vaughan-Lawlor, Carrie Coon, Michael James Shaw, Stan Lee, Winston Duke, Florence Kasumba, Kerry Condon, Monique Ganderton, Jacob Batalon, Tiffany Espensen, Isabella Amara, Ethan Dizon, Ariana Greenblatt, Ameenah Kaplan, Ross Marquand, Michael Anthony Rogers, Stephen McFeely, Aaron Lazar, Robert Pralgo, Olaniyan Thurmon, Blair Jasin, Matthew Zuk, Laura Miller, Marija Juliette Abney, Janeshia Adams-Ginyard, Gee Alexander, Branden Arnold, Kenneth Branagh, Sergio Briones, Lady Cardinal, Donny Carrington, Lucie Carroll, Jamel D. Chambers, Matthew Christensen, Tye Claybrook Jr., Keith Splinter Davis, Demetrilandell, Cory Dunson, Tony Dupar, Jazzy Ellis, David Dman Escobar, Steven Essani, Jacob Evans, Simeon Freeman, Dylan Gajai, Daniela Gaskie, Martavious Cerrone Gayles, John Gettier, Jomahl Gildersleve, Denisha Gillespie, Solomon Glave, Daniel Graham, Carlos Guity, Dawit Gulilat, Cecil M. Henry, Bobby Hoskins, Rabon Hutcherson, Samuel L. Jackson, Bobby James, Kirk A. Jenkins, Precious Jenkins, Floyd Anthony Johns Jr., Mallory Kidwell, Devin Koehler, Chase Ledgerwood, Elgin Lee, Jefferson Lewis, Marcus Lewis, Luke Maher, Joe Maitland, Tim McAdams, Andrew S. McMillan, Perla Middleton, Michael Pierino Miller, Frank David Monroe, Kevin Montgomery, Chris Moore, Jared Moser, Marie Mouroum, Jachin Myers, Femi Olagoke, Harrison Osterfield, Edward Parker, Gary Peebles, Nathaniel Perry, Khalil' La'Marr Pickett, Annie Pisapia, Taraja Ramsess, Antjuan Rhames, Ryan Robertson, Austin Rospert, Jeremy Sample, Brandon M. Shaw, Bruce Anthony Shepperson, James Siderits, Matthew Excel Simmons, Joseph Singletary, Dominique Elijah Smith, Cobie Smulders, Shawn South, James Sterling, Jénel Stevens, Granger Summerset II, Phedra Syndelle, Hamid-Reza Benjamin Thompson, Robert Tinsley, Laurel O Wagner, Tanya Wheelock, Zola Williams, Kevin D Wilson, Michael David Yuhl","genres":[["Action","Adventure","AlternateHistory","Amateur","Animation","Anthology","Art","Biopic","Comedy","Crime","Cyberpunk","Detective","Docudrama","Documentary","Drama","Dystopian","Fantasy","Gangster","Ghost","Gore","Gothic","Heist","Historical","Holiday","Horror","Instructional","Military","Monster","Musical","Mystery","Nature","Paranormal","Parody","Political","PostApocalyptic","Psychological","Reality","Religious","Revisionist","Romance","Satire","SciFi","Space","SpaceOpera","Sports","Spy","StopMotion","Superhero","Thriller","Utopian","Vampire","Vigilante","Western","Zombie"],[true,true,false,false,false,false,false,false,false,false,false,false,false,false,false,false,false,false,false,false,false,false,false,false,false,false,false,false,false,false,false,false,false,false,false,false,false,false,false,false,false,true,false,false,false,false,false,false,false,false,false,false,false,false],[""]],"synopsis":"The Avengers and their allies must be willing to sacrifice all in an attempt to defeat the powerful Thanos before his blitz of devastation and ruin puts an end to the universe.","rating":"","release":"2018-04-27","runTime":"122 m","watched":"","img":["C:\\Users\\asus\\AppData\\Roaming\\Trak\\data\\Film-Avengers_InfinityWar\\assets\\MV5BZjE4ODNkNWItYjZmYy00ODQ4LTgzMjEtODQ2ZTM1YTU0MjcwXkEyXkFqcGdeQXVyMTMzODk3NDU0._V1_.jpg","C:\\Users\\asus\\AppData\\Roaming\\Trak\\data\\Film-Avengers_InfinityWar\\assets\\MV5BYTg2YTMyMTQtOGQ3Ni00NDExLTgxYTctOTczYWQ0NDI2MDlmXkEyXkFqcGdeQXVyMTAyOTE2ODg0._V1_.jpg","C:\\Users\\asus\\AppData\\Roaming\\Trak\\data\\Film-Avengers_InfinityWar\\assets\\MV5BMGM5YTFlNmQtNDQzMC00MjdkLTliNTQtNWVkMjMyZWZjODllXkEyXkFqcGdeQXVyMTA4NjE0NjEy._V1_.jpg","C:\\Users\\asus\\AppData\\Roaming\\Trak\\data\\Film-Avengers_InfinityWar\\assets\\MV5BOTNjNDVlZjktOWIzYS00Nzg2LWE4OTgtYjc5MjEwMmQ2ZmY4XkEyXkFqcGdeQXVyMTAzMDM4MjM0._V1_.jpg","C:\\Users\\asus\\AppData\\Roaming\\Trak\\data\\Film-Avengers_InfinityWar\\assets\\MV5BNzU5NDE2NDItYmNmYS00Y2RjLTg5OWYtOGM1ZTRiZmY3Mzc4XkEyXkFqcGdeQXVyMTYzMDM0NTU@._V1_.jpg","C:\\Users\\asus\\AppData\\Roaming\\Trak\\data\\Film-Avengers_InfinityWar\\assets\\MV5BZWZkYTk4MzYtNjAzMS00MDdlLWFkYjAtYWU3Y2M1YmQzNTk2XkEyXkFqcGdeQXVyMTYzMDM0NTU@._V1_.jpg","C:\\Users\\asus\\AppData\\Roaming\\Trak\\data\\Film-Avengers_InfinityWar\\assets\\MV5BZjA0MmNjNjMtNTFkMC00YTRmLTlkNGEtMzQwYmNmNThjNDgxXkEyXkFqcGdeQXVyMTYzMDM0NTU@._V1_.jpg","C:\\Users\\asus\\AppData\\Roaming\\Trak\\data\\Film-Avengers_InfinityWar\\assets\\MV5BMTU1MTcxOTEwMV5BMl5BanBnXkFtZTgwNTE1OTQzNTM@._V1_.jpg","C:\\Users\\asus\\AppData\\Roaming\\Trak\\data\\Film-Avengers_InfinityWar\\assets\\MV5BMjIxMjY0OTI1OF5BMl5BanBnXkFtZTgwNjE1OTQzNTM@._V1_.jpg","C:\\Users\\asus\\AppData\\Roaming\\Trak\\data\\Film-Avengers_InfinityWar\\assets\\MV5BOTY2MjI4OTQyNl5BMl5BanBnXkFtZTgwODE1OTQzNTM@._V1_.jpg","C:\\Users\\asus\\AppData\\Roaming\\Trak\\data\\Film-Avengers_InfinityWar\\assets\\MV5BMTU4NTM4ODQ2MF5BMl5BanBnXkFtZTgwMDE1OTQzNTM@._V1_.jpg","C:\\Users\\asus\\AppData\\Roaming\\Trak\\data\\Film-Avengers_InfinityWar\\assets\\MV5BMjE0NzIxOTk5MV5BMl5BanBnXkFtZTgwMTE1OTQzNTM@._V1_.jpg","C:\\Users\\asus\\AppData\\Roaming\\Trak\\data\\Film-Avengers_InfinityWar\\assets\\MV5BMTU3NTU1MDAyOV5BMl5BanBnXkFtZTgwNTk5NzEyNTM@._V1_.jpg","C:\\Users\\asus\\AppData\\Roaming\\Trak\\data\\Film-Avengers_InfinityWar\\assets\\MV5BMTU3NzE5ODE3MF5BMl5BanBnXkFtZTgwNzk5NzEyNTM@._V1_.jpg","C:\\Users\\asus\\AppData\\Roaming\\Trak\\data\\Film-Avengers_InfinityWar\\assets\\MV5BMTc2NDU0OTcxNF5BMl5BanBnXkFtZTgwODk5NzEyNTM@._V1_.jpg","C:\\Users\\asus\\AppData\\Roaming\\Trak\\data\\Film-Avengers_InfinityWar\\assets\\MV5BMzIxNzI2Nzc1NV5BMl5BanBnXkFtZTgwODc5NzEyNTM@._V1_.jpg","C:\\Users\\asus\\AppData\\Roaming\\Trak\\data\\Film-Avengers_InfinityWar\\assets\\MV5BNzE2MDA4ODA4N15BMl5BanBnXkFtZTgwOTc5NzEyNTM@._V1_.jpg","C:\\Users\\asus\\AppData\\Roaming\\Trak\\data\\Film-Avengers_InfinityWar\\assets\\MV5BMjkyOTg1Mzg3OF5BMl5BanBnXkFtZTgwMDg5NzEyNTM@._V1_.jpg","C:\\Users\\asus\\AppData\\Roaming\\Trak\\data\\Film-Avengers_InfinityWar\\assets\\MV5BMTgxNDg3MDMyN15BMl5BanBnXkFtZTgwMTg5NzEyNTM@._V1_.jpg","C:\\Users\\asus\\AppData\\Roaming\\Trak\\data\\Film-Avengers_InfinityWar\\assets\\MV5BNjc4NzczMjA3N15BMl5BanBnXkFtZTgwMjg5NzEyNTM@._V1_.jpg","C:\\Users\\asus\\AppData\\Roaming\\Trak\\data\\Film-Avengers_InfinityWar\\assets\\MV5BMTU2NTI5NjIwNF5BMl5BanBnXkFtZTgwMzg5NzEyNTM@._V1_.jpg","C:\\Users\\asus\\AppData\\Roaming\\Trak\\data\\Film-Avengers_InfinityWar\\assets\\MV5BMjAyNjQwNjc4MV5BMl5BanBnXkFtZTgwNDg5NzEyNTM@._V1_.jpg","C:\\Users\\asus\\AppData\\Roaming\\Trak\\data\\Film-Avengers_InfinityWar\\assets\\MV5BMTc3NDExNTc5NF5BMl5BanBnXkFtZTgwNTg5NzEyNTM@._V1_.jpg","C:\\Users\\asus\\AppData\\Roaming\\Trak\\data\\Film-Avengers_InfinityWar\\assets\\MV5BNTExNjE3MDM2OV5BMl5BanBnXkFtZTgwNjg5NzEyNTM@._V1_.jpg","C:\\Users\\asus\\AppData\\Roaming\\Trak\\data\\Film-Avengers_InfinityWar\\assets\\MV5BMjExNTYyMjgxN15BMl5BanBnXkFtZTgwNzg5NzEyNTM@._V1_.jpg","C:\\Users\\asus\\AppData\\Roaming\\Trak\\data\\Film-Avengers_InfinityWar\\assets\\MV5BMjE0Njk1MzU2Ml5BMl5BanBnXkFtZTgwODg5NzEyNTM@._V1_.jpg","C:\\Users\\asus\\AppData\\Roaming\\Trak\\data\\Film-Avengers_InfinityWar\\assets\\MV5BNjIxMTAzNTI3MV5BMl5BanBnXkFtZTgwOTg5NzEyNTM@._V1_.jpg","C:\\Users\\asus\\AppData\\Roaming\\Trak\\data\\Film-Avengers_InfinityWar\\assets\\MV5BMTc1MjgxMjQ1M15BMl5BanBnXkFtZTgwMTk5NzEyNTM@._V1_.jpg","C:\\Users\\asus\\AppData\\Roaming\\Trak\\data\\Film-Avengers_InfinityWar\\assets\\MV5BNDQ5NzU0OTE0MV5BMl5BanBnXkFtZTgwMjk5NzEyNTM@._V1_.jpg","C:\\Users\\asus\\AppData\\Roaming\\Trak\\data\\Film-Avengers_InfinityWar\\assets\\MV5BMTg0NjI0MDY1NF5BMl5BanBnXkFtZTgwMzk5NzEyNTM@._V1_.jpg","C:\\Users\\asus\\AppData\\Roaming\\Trak\\data\\Film-Avengers_InfinityWar\\assets\\MV5BMTg0NzA3NzYzMF5BMl5BanBnXkFtZTgwNDk5NzEyNTM@._V1_.jpg","C:\\Users\\asus\\AppData\\Roaming\\Trak\\data\\Film-Avengers_InfinityWar\\assets\\MV5BODQ1ODQzMDI1NF5BMl5BanBnXkFtZTgwNTc5NzEyNTM@._V1_.jpg","C:\\Users\\asus\\AppData\\Roaming\\Trak\\data\\Film-Avengers_InfinityWar\\assets\\MV5BOTgyNTU3Njk3N15BMl5BanBnXkFtZTgwNjc5NzEyNTM@._V1_.jpg","C:\\Users\\asus\\AppData\\Roaming\\Trak\\data\\Film-Avengers_InfinityWar\\assets\\MV5BMTgyNDExMTIxNl5BMl5BanBnXkFtZTgwNzc5NzEyNTM@._V1_.jpg","C:\\Users\\asus\\AppData\\Roaming\\Trak\\data\\Film-Avengers_InfinityWar\\assets\\MV5BMjQ1MjY1Njk0Ml5BMl5BanBnXkFtZTgwMjkzMTQxNTM@._V1_.jpg","C:\\Users\\asus\\AppData\\Roaming\\Trak\\data\\Film-Avengers_InfinityWar\\assets\\MV5BMTY3NjQ4MDQ2NF5BMl5BanBnXkFtZTgwMzkzMTQxNTM@._V1_.jpg","C:\\Users\\asus\\AppData\\Roaming\\Trak\\data\\Film-Avengers_InfinityWar\\assets\\MV5BMzY1ODQ4ODU1MV5BMl5BanBnXkFtZTgwNDkzMTQxNTM@._V1_.jpg","C:\\Users\\asus\\AppData\\Roaming\\Trak\\data\\Film-Avengers_InfinityWar\\assets\\MV5BMTU3OTI2MDIwMV5BMl5BanBnXkFtZTgwNTkzMTQxNTM@._V1_.jpg","C:\\Users\\asus\\AppData\\Roaming\\Trak\\data\\Film-Avengers_InfinityWar\\assets\\MV5BNTMzMDI3MzM1MF5BMl5BanBnXkFtZTgwMTkzMTQxNTM@._V1_.jpg","C:\\Users\\asus\\AppData\\Roaming\\Trak\\data\\Film-Avengers_InfinityWar\\assets\\MV5BMjMxNjY2MDU1OV5BMl5BanBnXkFtZTgwNzY1MTUwNTM@._V1_.jpg","C:\\Users\\asus\\AppData\\Roaming\\Trak\\data\\Film-Avengers_InfinityWar\\assets\\MV5BMTc0MjA1OTMxOV5BMl5BanBnXkFtZTgwMzM1NDcyNDM@._V1_.jpg","C:\\Users\\asus\\AppData\\Roaming\\Trak\\data\\Film-Avengers_InfinityWar\\assets\\MV5BYWVmMWNhNjYtMzUzNC00NDA0LTg1NTgtMThjZGY3MDg0YWJhXkEyXkFqcGdeQXVyMzU4NTU1NzE@._V1_.jpg","C:\\Users\\asus\\AppData\\Roaming\\Trak\\data\\Film-Avengers_InfinityWar\\assets\\MV5BZjViMTlmYzMtY2NlMS00NGUwLWJkMTgtMGE5YTgxM2I2ZjYxXkEyXkFqcGdeQXVyNDM1ODc2NzE@._V1_.jpg","C:\\Users\\asus\\AppData\\Roaming\\Trak\\data\\Film-Avengers_InfinityWar\\assets\\MV5BZDg2NWFjMDQtOTI2Ni00NTY3LTkxYzQtYjRmZGMxZjg5YmRmXkEyXkFqcGdeQXVyNjAwNDUxODI@._V1_.jpg","C:\\Users\\asus\\AppData\\Roaming\\Trak\\data\\Film-Avengers_InfinityWar\\assets\\MV5BYThmYTQyMWMtMjJiNi00OTcyLTkzMmUtMTkzYTBiY2VlYjQyXkEyXkFqcGdeQXVyMTQ5NzQ0ODEx._V1_.jpg","C:\\Users\\asus\\AppData\\Roaming\\Trak\\data\\Film-Avengers_InfinityWar\\assets\\MV5BMDdlN2RlZjMtOGRiMy00ODg0LTlmYTctYWIwOTczNzRlMjcwXkEyXkFqcGdeQXVyMTA5OTc4NTkz._V1_.jpg","C:\\Users\\asus\\AppData\\Roaming\\Trak\\data\\Film-Avengers_InfinityWar\\assets\\MV5BODUyOTc2ODYtOTNhYy00ZjRmLTk3OTMtYzhjMmVjNmFjNzg0XkEyXkFqcGdeQXVyMjMyMzI4MzY@._V1_.jpg","C:\\Users\\asus\\AppData\\Roaming\\Trak\\data\\Film-Avengers_InfinityWar\\assets\\MV5BNWViZmQzYWMtNGU3Ny00MjhlLWIzYTYtYzEwNzBmMjBjOWZlXkEyXkFqcGdeQXVyOTgxMDMxNTc@._V1_.jpg","C:\\Users\\asus\\AppData\\Roaming\\Trak\\data\\Film-Avengers_InfinityWar\\assets\\MV5BN2M2ZDlkYTAtZTVhOS00MDM3LWFjZjYtM2MzNjE1MzczYjBjXkEyXkFqcGdeQXVyNjMxMTE2Mjg@._V1_.jpg","C:\\Users\\asus\\AppData\\Roaming\\Trak\\data\\Film-Avengers_InfinityWar\\assets\\MV5BZmIwZDY2OTEtZjI0MS00NzU2LWEyMGMtZGY5NzMyZmI5ZmE1XkEyXkFqcGdeQXVyNzU3Nzk4MDQ@._V1_.jpg","C:\\Users\\asus\\AppData\\Roaming\\Trak\\data\\Film-Avengers_InfinityWar\\assets\\MV5BMjc5Mjg2MTctZTBhNC00ZGU0LTk1ZDMtNmQzYjBkODNhMDVkXkEyXkFqcGdeQXVyNzU3Nzk4MDQ@._V1_.jpg","C:\\Users\\asus\\AppData\\Roaming\\Trak\\data\\Film-Avengers_InfinityWar\\assets\\MV5BZjM0ZDMyYTItYmRhNC00Njk1LWFlOWUtOWRkYjc5YTQzYTdjXkEyXkFqcGdeQXVyNzU3Nzk4MDQ@._V1_.jpg","C:\\Users\\asus\\AppData\\Roaming\\Trak\\data\\Film-Avengers_InfinityWar\\assets\\MV5BNzE1ZDI2MTItNzRjNy00ZTJkLWFlNDgtMzYzZTEyYTFhMWE3XkEyXkFqcGdeQXVyNzU3Nzk4MDQ@._V1_.jpg","C:\\Users\\asus\\AppData\\Roaming\\Trak\\data\\Film-Avengers_InfinityWar\\assets\\MV5BNDgxYzZlZTgtNjQyOC00YWZkLTgyMjEtNGI3MzFhZDMxYmUyXkEyXkFqcGdeQXVyNzU3Nzk4MDQ@._V1_.jpg","C:\\Users\\asus\\AppData\\Roaming\\Trak\\data\\Film-Avengers_InfinityWar\\assets\\MV5BNTYzZGE5YzktN2JlZi00NzE5LWEyMDctYWZmNmQxZTI5MTU3XkEyXkFqcGdeQXVyOTU1NjkyODE@._V1_.jpg","C:\\Users\\asus\\AppData\\Roaming\\Trak\\data\\Film-Avengers_InfinityWar\\assets\\MV5BZDZmZDEyZGMtYTY0Yy00Yjc2LWE5ZGQtODJhNGQ0NjM3ZDRlXkEyXkFqcGdeQXVyOTU1NjkyODE@._V1_.jpg","C:\\Users\\asus\\AppData\\Roaming\\Trak\\data\\Film-Avengers_InfinityWar\\assets\\MV5BMDg4MzM4NjktOTljMi00Yzg1LTk2ZDUtZjNiMDlkMTg3YmU0XkEyXkFqcGdeQXVyNzU3Nzk4MDQ@._V1_.jpg","C:\\Users\\asus\\AppData\\Roaming\\Trak\\data\\Film-Avengers_InfinityWar\\assets\\MV5BNzNjNjFlYjAtZGQzMy00MTViLTk0YjgtMDkzMGMyNmVjYjAxXkEyXkFqcGdeQXVyNzU3Nzk4MDQ@._V1_.jpg","C:\\Users\\asus\\AppData\\Roaming\\Trak\\data\\Film-Avengers_InfinityWar\\assets\\MV5BMDFjYTQwMmUtYWZmYi00ZjUyLWI3NjUtYWVhNTI3OWZkODVjXkEyXkFqcGdeQXVyNzU3Nzk4MDQ@._V1_.jpg","C:\\Users\\asus\\AppData\\Roaming\\Trak\\data\\Film-Avengers_InfinityWar\\assets\\MV5BMjhiMWE0MWEtMjAxMC00N2QxLThlZDktMDk1MzNjZDU1MDA2XkEyXkFqcGdeQXVyNzU3Nzk4MDQ@._V1_.jpg","C:\\Users\\asus\\AppData\\Roaming\\Trak\\data\\Film-Avengers_InfinityWar\\assets\\MV5BYjIxMTgyNmMtYTI5OC00YmFhLWIyODUtZmU5MWM3MTc3NmYwXkEyXkFqcGdeQXVyNzU3Nzk4MDQ@._V1_.jpg","C:\\Users\\asus\\AppData\\Roaming\\Trak\\data\\Film-Avengers_InfinityWar\\assets\\MV5BMjQ4NDRiNDItYjZiZi00MjJjLWJmZjItYmVkYjhhZmYyMmE0XkEyXkFqcGdeQXVyNzU3Nzk4MDQ@._V1_.jpg","C:\\Users\\asus\\AppData\\Roaming\\Trak\\data\\Film-Avengers_InfinityWar\\assets\\MV5BODliMWI4NjctYzI2OS00NDFiLTk5N2EtZjZlMDExZTExMWUyXkEyXkFqcGdeQXVyNzU3Nzk4MDQ@._V1_.jpg","C:\\Users\\asus\\AppData\\Roaming\\Trak\\data\\Film-Avengers_InfinityWar\\assets\\MV5BNjA1ZmUwYTUtZTg1Yi00YWVjLWJhYzEtODIyYmMxNmE3NzliXkEyXkFqcGdeQXVyMTgxOTIzNzk@._V1_.jpg","C:\\Users\\asus\\AppData\\Roaming\\Trak\\data\\Film-Avengers_InfinityWar\\assets\\MV5BZjkzYmUxMjItOWU3ZC00YTUzLWE4ODgtY2JiMGRlN2IwNTk0XkEyXkFqcGdeQXVyMTgxOTIzNzk@._V1_.jpg","C:\\Users\\asus\\AppData\\Roaming\\Trak\\data\\Film-Avengers_InfinityWar\\assets\\MV5BMTdlYTVlY2QtOTY0OC00NjdlLWIwMzktMGYwNjk2MmE5NzY5XkEyXkFqcGdeQXVyOTAzNDAxOTI@._V1_.jpg","C:\\Users\\asus\\AppData\\Roaming\\Trak\\data\\Film-Avengers_InfinityWar\\assets\\MV5BYjYwNzFkODgtNzg4YS00ODczLWJiMTEtZjFiYzcxMWFlMDJjXkEyXkFqcGdeQXVyNzEyNjUzOTI@._V1_.jpg","C:\\Users\\asus\\AppData\\Roaming\\Trak\\data\\Film-Avengers_InfinityWar\\assets\\MV5BM2QxNjg5NTYtZWMxMC00MDY1LWE5ZGMtMGI3ZTU1ZTQyNzQxXkEyXkFqcGdeQXVyNTY4NDc5MDE@._V1_.jpg","C:\\Users\\asus\\AppData\\Roaming\\Trak\\data\\Film-Avengers_InfinityWar\\assets\\MV5BY2JhZGZlNzItNTBiOC00YmVjLTg0MzEtOGU1ZDk2YmI2ODgwXkEyXkFqcGdeQXVyNDYzODU1ODM@._V1_.jpg","C:\\Users\\asus\\AppData\\Roaming\\Trak\\data\\Film-Avengers_InfinityWar\\assets\\MV5BYTNmNjkxZmYtMjJjYS00Yzk1LWFjMzctOWI3MDE0NDI5M2I3XkEyXkFqcGdeQXVyNTI2NDY2Nzc@._V1_.jpg","C:\\Users\\asus\\AppData\\Roaming\\Trak\\data\\Film-Avengers_InfinityWar\\assets\\MV5BMmQwYjM2MmQtN2EwNS00ZmZmLTk4NjktMzEwNGVlY2MzZjYxXkEyXkFqcGdeQXVyNjUwNzk3NDc@._V1_.jpg","C:\\Users\\asus\\AppData\\Roaming\\Trak\\data\\Film-Avengers_InfinityWar\\assets\\MV5BMmQ0M2NjMzMtMzFmMi00OTJmLTk4NWQtYmQ5NWVjYzVlMmExXkEyXkFqcGdeQXVyNjUwNzk3NDc@._V1_.jpg","C:\\Users\\asus\\AppData\\Roaming\\Trak\\data\\Film-Avengers_InfinityWar\\assets\\MV5BNjg2MjI2MjU4NV5BMl5BanBnXkFtZTgwMjgxMjQ0NjM@._V1_.jpg","C:\\Users\\asus\\AppData\\Roaming\\Trak\\data\\Film-Avengers_InfinityWar\\assets\\MV5BMjA0MTg0MjUwMF5BMl5BanBnXkFtZTgwMjc4MjkzNTM@._V1_.jpg","C:\\Users\\asus\\AppData\\Roaming\\Trak\\data\\Film-Avengers_InfinityWar\\assets\\MV5BNjI4NzM2MTM1M15BMl5BanBnXkFtZTgwMzc4MjkzNTM@._V1_.jpg","C:\\Users\\asus\\AppData\\Roaming\\Trak\\data\\Film-Avengers_InfinityWar\\assets\\MV5BMjQwNTgxMTEwNl5BMl5BanBnXkFtZTgwNDc4MjkzNTM@._V1_.jpg","C:\\Users\\asus\\AppData\\Roaming\\Trak\\data\\Film-Avengers_InfinityWar\\assets\\MV5BMTk0OTc5Njg5M15BMl5BanBnXkFtZTgwNTc4MjkzNTM@._V1_.jpg","C:\\Users\\asus\\AppData\\Roaming\\Trak\\data\\Film-Avengers_InfinityWar\\assets\\MV5BMjE5ODU5MzY5OV5BMl5BanBnXkFtZTgwNjc4MjkzNTM@._V1_.jpg","C:\\Users\\asus\\AppData\\Roaming\\Trak\\data\\Film-Avengers_InfinityWar\\assets\\MV5BMjM4NjE0MTYwM15BMl5BanBnXkFtZTgwNzc4MjkzNTM@._V1_.jpg","C:\\Users\\asus\\AppData\\Roaming\\Trak\\data\\Film-Avengers_InfinityWar\\assets\\MV5BMTU2NTM1MTY0OV5BMl5BanBnXkFtZTgwODc4MjkzNTM@._V1_.jpg","C:\\Users\\asus\\AppData\\Roaming\\Trak\\data\\Film-Avengers_InfinityWar\\assets\\MV5BMTg1MjMwNTQ3MF5BMl5BanBnXkFtZTgwMDg4MjkzNTM@._V1_.jpg","C:\\Users\\asus\\AppData\\Roaming\\Trak\\data\\Film-Avengers_InfinityWar\\assets\\MV5BOTg0ODU3ODY2NF5BMl5BanBnXkFtZTgwMTg4MjkzNTM@._V1_.jpg","C:\\Users\\asus\\AppData\\Roaming\\Trak\\data\\Film-Avengers_InfinityWar\\assets\\MV5BNzc1NTY4ODM1Nl5BMl5BanBnXkFtZTgwMjg4MjkzNTM@._V1_.jpg","C:\\Users\\asus\\AppData\\Roaming\\Trak\\data\\Film-Avengers_InfinityWar\\assets\\MV5BMjQ2NTQ3MDI3Nl5BMl5BanBnXkFtZTgwMzg4MjkzNTM@._V1_.jpg","C:\\Users\\asus\\AppData\\Roaming\\Trak\\data\\Film-Avengers_InfinityWar\\assets\\MV5BMjM0OTk4NjEwMV5BMl5BanBnXkFtZTgwNDg4MjkzNTM@._V1_.jpg","C:\\Users\\asus\\AppData\\Roaming\\Trak\\data\\Film-Avengers_InfinityWar\\assets\\MV5BMjI1MTg0NjExOV5BMl5BanBnXkFtZTgwNzU4MjkzNTM@._V1_.jpg","C:\\Users\\asus\\AppData\\Roaming\\Trak\\data\\Film-Avengers_InfinityWar\\assets\\MV5BMTcxNDg4NTIzOV5BMl5BanBnXkFtZTgwODU4MjkzNTM@._V1_.jpg","C:\\Users\\asus\\AppData\\Roaming\\Trak\\data\\Film-Avengers_InfinityWar\\assets\\MV5BMjA5OTY5NTE3Nl5BMl5BanBnXkFtZTgwOTU4MjkzNTM@._V1_.jpg","C:\\Users\\asus\\AppData\\Roaming\\Trak\\data\\Film-Avengers_InfinityWar\\assets\\MV5BMjI0NzA1ODE0OV5BMl5BanBnXkFtZTgwMDY4MjkzNTM@._V1_.jpg","C:\\Users\\asus\\AppData\\Roaming\\Trak\\data\\Film-Avengers_InfinityWar\\assets\\MV5BMjI2NzM2MjExNV5BMl5BanBnXkFtZTgwMTY4MjkzNTM@._V1_.jpg","C:\\Users\\asus\\AppData\\Roaming\\Trak\\data\\Film-Avengers_InfinityWar\\assets\\MV5BMzc5OTQyNzE1NV5BMl5BanBnXkFtZTgwMjY4MjkzNTM@._V1_.jpg","C:\\Users\\asus\\AppData\\Roaming\\Trak\\data\\Film-Avengers_InfinityWar\\assets\\MV5BMTc3Mjk2MjkzMl5BMl5BanBnXkFtZTgwMzY4MjkzNTM@._V1_.jpg","C:\\Users\\asus\\AppData\\Roaming\\Trak\\data\\Film-Avengers_InfinityWar\\assets\\MV5BMjEzNTQ5MTcwMV5BMl5BanBnXkFtZTgwNDY4MjkzNTM@._V1_.jpg","C:\\Users\\asus\\AppData\\Roaming\\Trak\\data\\Film-Avengers_InfinityWar\\assets\\MV5BMjAzNjY4NzE4N15BMl5BanBnXkFtZTgwNTY4MjkzNTM@._V1_.jpg","C:\\Users\\asus\\AppData\\Roaming\\Trak\\data\\Film-Avengers_InfinityWar\\assets\\MV5BMjQ5MjgwOTI1OF5BMl5BanBnXkFtZTgwNzY4MjkzNTM@._V1_.jpg","C:\\Users\\asus\\AppData\\Roaming\\Trak\\data\\Film-Avengers_InfinityWar\\assets\\MV5BMjA5Njg2NjcyOF5BMl5BanBnXkFtZTgwODY4MjkzNTM@._V1_.jpg","C:\\Users\\asus\\AppData\\Roaming\\Trak\\data\\Film-Avengers_InfinityWar\\assets\\MV5BNDE0ODg0MDg2OV5BMl5BanBnXkFtZTgwOTY4MjkzNTM@._V1_.jpg","C:\\Users\\asus\\AppData\\Roaming\\Trak\\data\\Film-Avengers_InfinityWar\\assets\\MV5BMTU0NTYyMjQxN15BMl5BanBnXkFtZTgwMDc4MjkzNTM@._V1_.jpg","C:\\Users\\asus\\AppData\\Roaming\\Trak\\data\\Film-Avengers_InfinityWar\\assets\\MV5BNzMxNzAzNjE2OF5BMl5BanBnXkFtZTgwNTU4MjkzNTM@._V1_.jpg","C:\\Users\\asus\\AppData\\Roaming\\Trak\\data\\Film-Avengers_InfinityWar\\assets\\MV5BMTU3MTU5MjMyNV5BMl5BanBnXkFtZTgwNjU4MjkzNTM@._V1_.jpg","C:\\Users\\asus\\AppData\\Roaming\\Trak\\data\\Film-Avengers_InfinityWar\\assets\\MV5BMjQ4OTA0Mjc0N15BMl5BanBnXkFtZTgwMDk2MTUwNTM@._V1_.jpg","C:\\Users\\asus\\AppData\\Roaming\\Trak\\data\\Film-Avengers_InfinityWar\\assets\\MV5BMzg0OTQ5NTM4OF5BMl5BanBnXkFtZTgwMTk2MTUwNTM@._V1_.jpg","C:\\Users\\asus\\AppData\\Roaming\\Trak\\data\\Film-Avengers_InfinityWar\\assets\\MV5BMTU3NDExMjQyNl5BMl5BanBnXkFtZTgwMjk2MTUwNTM@._V1_.jpg","C:\\Users\\asus\\AppData\\Roaming\\Trak\\data\\Film-Avengers_InfinityWar\\assets\\MV5BMTkzMTE1Mjk2Nl5BMl5BanBnXkFtZTgwMzk2MTUwNTM@._V1_.jpg","C:\\Users\\asus\\AppData\\Roaming\\Trak\\data\\Film-Avengers_InfinityWar\\assets\\MV5BMjMzMzIyMjcwM15BMl5BanBnXkFtZTgwNDk2MTUwNTM@._V1_.jpg","C:\\Users\\asus\\AppData\\Roaming\\Trak\\data\\Film-Avengers_InfinityWar\\assets\\MV5BMjQyNjgwMDUzNV5BMl5BanBnXkFtZTgwNTk2MTUwNTM@._V1_.jpg","C:\\Users\\asus\\AppData\\Roaming\\Trak\\data\\Film-Avengers_InfinityWar\\assets\\MV5BMjI3NDUyMzYwNF5BMl5BanBnXkFtZTgwNjk2MTUwNTM@._V1_.jpg","C:\\Users\\asus\\AppData\\Roaming\\Trak\\data\\Film-Avengers_InfinityWar\\assets\\MV5BMjE1NzQ2OTEwOV5BMl5BanBnXkFtZTgwNzk2MTUwNTM@._V1_.jpg","C:\\Users\\asus\\AppData\\Roaming\\Trak\\data\\Film-Avengers_InfinityWar\\assets\\MV5BMTUyMTU2NjUxM15BMl5BanBnXkFtZTgwOTg2MTUwNTM@._V1_.jpg","C:\\Users\\asus\\AppData\\Roaming\\Trak\\data\\Film-Avengers_InfinityWar\\assets\\MV5BMjM3NzM3OTc2OF5BMl5BanBnXkFtZTgwNjk2Njk5NDM@._V1_.jpg","C:\\Users\\asus\\AppData\\Roaming\\Trak\\data\\Film-Avengers_InfinityWar\\assets\\MV5BMjM1MzI4NDY4N15BMl5BanBnXkFtZTgwNzk2Njk5NDM@._V1_.jpg","C:\\Users\\asus\\AppData\\Roaming\\Trak\\data\\Film-Avengers_InfinityWar\\assets\\MV5BMjEzOTk0NTI1NV5BMl5BanBnXkFtZTgwODk2Njk5NDM@._V1_.jpg","C:\\Users\\asus\\AppData\\Roaming\\Trak\\data\\Film-Avengers_InfinityWar\\assets\\MV5BMTY2MjY0ODU1Nl5BMl5BanBnXkFtZTgwOTk2Njk5NDM@._V1_.jpg","C:\\Users\\asus\\AppData\\Roaming\\Trak\\data\\Film-Avengers_InfinityWar\\assets\\MV5BMTUyNjY3OTMxN15BMl5BanBnXkFtZTgwMDA3Njk5NDM@._V1_.jpg","C:\\Users\\asus\\AppData\\Roaming\\Trak\\data\\Film-Avengers_InfinityWar\\assets\\MV5BMjA2NTg4ODU2NF5BMl5BanBnXkFtZTgwMTA3Njk5NDM@._V1_.jpg","C:\\Users\\asus\\AppData\\Roaming\\Trak\\data\\Film-Avengers_InfinityWar\\assets\\MV5BNTQyODgzMDg4Ml5BMl5BanBnXkFtZTgwNzg2Njk5NDM@._V1_.jpg","C:\\Users\\asus\\AppData\\Roaming\\Trak\\data\\Film-Avengers_InfinityWar\\assets\\MV5BMTkyMjg5MDI2OV5BMl5BanBnXkFtZTgwODg2Njk5NDM@._V1_.jpg","C:\\Users\\asus\\AppData\\Roaming\\Trak\\data\\Film-Avengers_InfinityWar\\assets\\MV5BMjczODgxNTA1M15BMl5BanBnXkFtZTgwOTg2Njk5NDM@._V1_.jpg","C:\\Users\\asus\\AppData\\Roaming\\Trak\\data\\Film-Avengers_InfinityWar\\assets\\MV5BMjcxOTI1NDQ4M15BMl5BanBnXkFtZTgwMDk2Njk5NDM@._V1_.jpg","C:\\Users\\asus\\AppData\\Roaming\\Trak\\data\\Film-Avengers_InfinityWar\\assets\\MV5BMjI5ODQwMjg5N15BMl5BanBnXkFtZTgwMTk2Njk5NDM@._V1_.jpg","C:\\Users\\asus\\AppData\\Roaming\\Trak\\data\\Film-Avengers_InfinityWar\\assets\\MV5BMzAxNTY3ODg0NF5BMl5BanBnXkFtZTgwMjk2Njk5NDM@._V1_.jpg","C:\\Users\\asus\\AppData\\Roaming\\Trak\\data\\Film-Avengers_InfinityWar\\assets\\MV5BMjMxNjE4NTQwMV5BMl5BanBnXkFtZTgwMzk2Njk5NDM@._V1_.jpg","C:\\Users\\asus\\AppData\\Roaming\\Trak\\data\\Film-Avengers_InfinityWar\\assets\\MV5BNTIyOTQzMTA2NV5BMl5BanBnXkFtZTgwNDk2Njk5NDM@._V1_.jpg","C:\\Users\\asus\\AppData\\Roaming\\Trak\\data\\Film-Avengers_InfinityWar\\assets\\MV5BMTc3NjY5MzMzN15BMl5BanBnXkFtZTgwMTkwMDk1NDM@._V1_.jpg","C:\\Users\\asus\\AppData\\Roaming\\Trak\\data\\Film-Avengers_InfinityWar\\assets\\MV5BY2MwMGU0ODctMmFmNS00MjE4LTk2NmMtMDc1YmY4NWNhMWZiXkEyXkFqcGdeQXVyNzA4NTc5MjE@._V1_.jpg","C:\\Users\\asus\\AppData\\Roaming\\Trak\\data\\Film-Avengers_InfinityWar\\assets\\MV5BYjI5OGVkYjQtZTdmYS00MTM2LTlkOTctNDdlZmNjYzJlM2JjXkEyXkFqcGdeQXVyNzA4NTc5MjE@._V1_.jpg","C:\\Users\\asus\\AppData\\Roaming\\Trak\\data\\Film-Avengers_InfinityWar\\assets\\MV5BODhjNzZkNzQtMzRlNy00ZmZhLWFhYWYtMDQxNGRlMzA0NmVlXkEyXkFqcGdeQXVyMzQ3Nzk5MTU@._V1_.jpg","C:\\Users\\asus\\AppData\\Roaming\\Trak\\data\\Film-Avengers_InfinityWar\\assets\\MV5BNzg2YWNhYzMtZDM2NC00YjVhLWI3MjctMTY4NWMyY2Q3NzQxXkEyXkFqcGdeQXVyMTI2ODg1NjA5._V1_.jpg","C:\\Users\\asus\\AppData\\Roaming\\Trak\\data\\Film-Avengers_InfinityWar\\assets\\MV5BZWVjMWExYTAtZjkyZi00OTU2LWE4N2UtYTA4OWY3M2Q3YmRkXkEyXkFqcGdeQXVyMTI2ODg1NjA5._V1_.jpg","C:\\Users\\asus\\AppData\\Roaming\\Trak\\data\\Film-Avengers_InfinityWar\\assets\\MV5BYTE3MGMyZWYtNzUwNC00YmIzLWFmNzAtYzZjNDNjNzg2YTJkXkEyXkFqcGdeQXVyMTQzOTk3NTI0._V1_.jpg","C:\\Users\\asus\\AppData\\Roaming\\Trak\\data\\Film-Avengers_InfinityWar\\assets\\MV5BNmY3YjM3NWQtMDFiOS00MjUzLWIzODQtMjUyMjAxN2ZmMDVjXkEyXkFqcGdeQXVyMTQzOTk3NTI0._V1_.jpg","C:\\Users\\asus\\AppData\\Roaming\\Trak\\data\\Film-Avengers_InfinityWar\\assets\\MV5BY2Q2OTA2YzctZTc2NC00MzBlLTgzNzMtMTg1MzIyODIwMDFmXkEyXkFqcGdeQXVyMTQzOTk3NTI0._V1_.jpg","C:\\Users\\asus\\AppData\\Roaming\\Trak\\data\\Film-Avengers_InfinityWar\\assets\\MV5BMmY2ODcyNTItMzAzNy00NTU2LWFiN2MtNTA4YzdlNjA0YTQ1XkEyXkFqcGdeQXVyMTQzOTk3NTI0._V1_.jpg","C:\\Users\\asus\\AppData\\Roaming\\Trak\\data\\Film-Avengers_InfinityWar\\assets\\MV5BYWY5YmE3ZGEtNDc5YS00MjNkLTk3NzgtMWVjNzkwNDk3Y2E2XkEyXkFqcGdeQXVyMTQzOTk3NTI0._V1_.jpg","C:\\Users\\asus\\AppData\\Roaming\\Trak\\data\\Film-Avengers_InfinityWar\\assets\\MV5BOGVhMDUxZjItYjJhNi00OWZjLTgwYmEtMzczZTQyOGQ5NjU5XkEyXkFqcGdeQXVyMjk3NTUyOTc@._V1_.jpg","C:\\Users\\asus\\AppData\\Roaming\\Trak\\data\\Film-Avengers_InfinityWar\\assets\\MV5BMDM2NzVkMDUtNjE1Yi00MTBjLWIwZWUtY2U1ZWY2ZTdjZGE1XkEyXkFqcGdeQXVyMTExMTI5Mzc1._V1_.jpg","C:\\Users\\asus\\AppData\\Roaming\\Trak\\data\\Film-Avengers_InfinityWar\\assets\\MV5BYTU1ZmUwYmQtZmE1OS00NTE2LTg1OTAtZTcxOTE3MThjYTJiXkEyXkFqcGdeQXVyMTExMTI5Mzc1._V1_.jpg","C:\\Users\\asus\\AppData\\Roaming\\Trak\\data\\Film-Avengers_InfinityWar\\assets\\MV5BNzY3NDRiZjctZDAyYy00MjhkLTg4YmItNWRlOTkwZDJlM2M4XkEyXkFqcGdeQXVyNjczOTE0MzM@._V1_.jpg","C:\\Users\\asus\\AppData\\Roaming\\Trak\\data\\Film-Avengers_InfinityWar\\assets\\MV5BYTk4NGFmYzEtYTIxZS00NzlkLWE4MzUtNzU0MzNmYTUxOTg5XkEyXkFqcGdeQXVyMTExMTI5Mzc1._V1_.jpg","C:\\Users\\asus\\AppData\\Roaming\\Trak\\data\\Film-Avengers_InfinityWar\\assets\\MV5BYTk1YzMwMWYtOTNmYi00ZWNlLWFmZDAtOThhMmFjY2E3MWE4XkEyXkFqcGdeQXVyNjczOTE0MzM@._V1_.jpg","C:\\Users\\asus\\AppData\\Roaming\\Trak\\data\\Film-Avengers_InfinityWar\\assets\\MV5BYjRhNWRjZjQtOGE1My00ODE5LTgxNjctY2U5MmNlNzUxMzU5XkEyXkFqcGdeQXVyNjczOTE0MzM@._V1_.jpg","C:\\Users\\asus\\AppData\\Roaming\\Trak\\data\\Film-Avengers_InfinityWar\\assets\\MV5BOWI2MTQwNGEtNGJjZC00MWFmLWE2MWMtZDMyMTYwMjAwZTVjXkEyXkFqcGdeQXVyODEzMTY2NTU@._V1_.jpg","C:\\Users\\asus\\AppData\\Roaming\\Trak\\data\\Film-Avengers_InfinityWar\\assets\\MV5BN2E0Mzk2YWMtY2NmNC00NDFjLThkMjMtZWZmMGYxYjkxYTZlXkEyXkFqcGdeQXVyNzU3Nzk4MDQ@._V1_.jpg","C:\\Users\\asus\\AppData\\Roaming\\Trak\\data\\Film-Avengers_InfinityWar\\assets\\MV5BYzFjNTQzYWUtZjU0YS00N2E5LWE4MTYtOGFlZWI1NjIyMzFhXkEyXkFqcGdeQXVyNzU3Nzk4MDQ@._V1_.jpg","C:\\Users\\asus\\AppData\\Roaming\\Trak\\data\\Film-Avengers_InfinityWar\\assets\\MV5BZjA1ZjVlMzAtN2ViNy00ODY0LTg3N2QtYjc2Y2JlZGYyYWZkXkEyXkFqcGdeQXVyNzU3Nzk4MDQ@._V1_.jpg","C:\\Users\\asus\\AppData\\Roaming\\Trak\\data\\Film-Avengers_InfinityWar\\assets\\MV5BMTNkNmMxZDYtZGU3Zi00NmJhLThkNWQtNTU4YTEwNGYxMzM3XkEyXkFqcGdeQXVyNjczOTE0MzM@._V1_.jpg","C:\\Users\\asus\\AppData\\Roaming\\Trak\\data\\Film-Avengers_InfinityWar\\assets\\MV5BMjM0MDBmZGMtYTVjYy00OTQ0LWI3YzAtZmI5YmJiOWI5YmJiXkEyXkFqcGdeQXVyNzU3Nzk4MDQ@._V1_.jpg","C:\\Users\\asus\\AppData\\Roaming\\Trak\\data\\Film-Avengers_InfinityWar\\assets\\MV5BNTllMTExMTAtMjQ1Zi00NWQ3LTgyOWQtMzY0ODlkNGI3YWE4XkEyXkFqcGdeQXVyNzU3Nzk4MDQ@._V1_.jpg","C:\\Users\\asus\\AppData\\Roaming\\Trak\\data\\Film-Avengers_InfinityWar\\assets\\MV5BY2Q5YjExNGEtNjE1ZS00ODlhLWFjZjMtMjZlNTcwYmE3ODc1XkEyXkFqcGdeQXVyNjczOTE0MzM@._V1_.jpg","C:\\Users\\asus\\AppData\\Roaming\\Trak\\data\\Film-Avengers_InfinityWar\\assets\\MV5BODE5NzJhNTctZWYzMi00YmE5LWJlZmUtMDg0YTNhMjEwZTk2XkEyXkFqcGdeQXVyNjczOTE0MzM@._V1_.jpg","C:\\Users\\asus\\AppData\\Roaming\\Trak\\data\\Film-Avengers_InfinityWar\\assets\\MV5BYTdkOWNiYzEtNmE3Ny00MmVhLWIzNTctMmMzN2JhNWNmY2E1XkEyXkFqcGdeQXVyNjczOTE0MzM@._V1_.jpg","C:\\Users\\asus\\AppData\\Roaming\\Trak\\data\\Film-Avengers_InfinityWar\\assets\\MV5BYWUxZjRkYWYtOWNjZi00MjFlLWI2Y2UtMmMzN2JkZjAyZWM1XkEyXkFqcGdeQXVyNjczOTE0MzM@._V1_.jpg","C:\\Users\\asus\\AppData\\Roaming\\Trak\\data\\Film-Avengers_InfinityWar\\assets\\MV5BMjQ0MGVmZTctYTJmNC00ZTZjLWIyMzgtOTdkMjU3MzdhNzUwXkEyXkFqcGdeQXVyNjczOTE0MzM@._V1_.jpg","C:\\Users\\asus\\AppData\\Roaming\\Trak\\data\\Film-Avengers_InfinityWar\\assets\\MV5BNGEwODY4OWMtNDUwNS00NjEzLTg2YWQtZjg5MzZhNWQ5MDc4XkEyXkFqcGdeQXVyNjM5MDU4OTU@._V1_.jpg","C:\\Users\\asus\\AppData\\Roaming\\Trak\\data\\Film-Avengers_InfinityWar\\assets\\MV5BM2MzMWYyM2MtYzEyNS00NzM1LWFjYzAtZGQxOWRmOGRkOTM0XkEyXkFqcGdeQXVyNjM5MDU4OTU@._V1_.jpg","C:\\Users\\asus\\AppData\\Roaming\\Trak\\data\\Film-Avengers_InfinityWar\\assets\\MV5BMzAwMzIxMDctMDIzYi00ZDk3LTkyM2QtN2U4N2ZjMzMxZDZkXkEyXkFqcGdeQXVyNjM5MDU4OTU@._V1_.jpg","C:\\Users\\asus\\AppData\\Roaming\\Trak\\data\\Film-Avengers_InfinityWar\\assets\\MV5BN2Y0OTA3ZTgtMGViNS00MmUxLTkwZDktYjI1N2VjY2I0MGU5XkEyXkFqcGdeQXVyNjM5MDU4OTU@._V1_.jpg","C:\\Users\\asus\\AppData\\Roaming\\Trak\\data\\Film-Avengers_InfinityWar\\assets\\MV5BNDBjZmM0NWItYjY1OC00YWQ0LThmYmMtNDQyNWJkMjA0M2VlXkEyXkFqcGdeQXVyNjczOTE0MzM@._V1_.jpg","C:\\Users\\asus\\AppData\\Roaming\\Trak\\data\\Film-Avengers_InfinityWar\\assets\\MV5BYjc3YTRiMTYtZmI1MC00MTQ4LTgwMWMtNGZmMWU4NWNiMjU3XkEyXkFqcGdeQXVyNjczOTE0MzM@._V1_.jpg","C:\\Users\\asus\\AppData\\Roaming\\Trak\\data\\Film-Avengers_InfinityWar\\assets\\MV5BZDU2MGEyN2UtNTE2MS00ZDNiLWEyOGQtNmMxOGU3ZWJlMGE1XkEyXkFqcGdeQXVyNjczOTE0MzM@._V1_.jpg","C:\\Users\\asus\\AppData\\Roaming\\Trak\\data\\Film-Avengers_InfinityWar\\assets\\MV5BY2IwODY5YmEtYTUyMC00MTM1LWE2MDMtZWY5YTQxMTMxY2IwXkEyXkFqcGdeQXVyMTAzODM0OTk1._V1_.jpg","C:\\Users\\asus\\AppData\\Roaming\\Trak\\data\\Film-Avengers_InfinityWar\\assets\\MV5BNjk5MTJiZTctMTI5ZC00MmY1LTgxZDEtNzNjMGJmOGQzYmU0XkEyXkFqcGdeQXVyNjczOTE0MzM@._V1_.jpg","C:\\Users\\asus\\AppData\\Roaming\\Trak\\data\\Film-Avengers_InfinityWar\\assets\\MV5BYWFjOWU0MDMtYzU4OS00MWU5LTllNTAtZjhjY2VjOWI3Y2FiXkEyXkFqcGdeQXVyNjczOTE0MzM@._V1_.jpg","C:\\Users\\asus\\AppData\\Roaming\\Trak\\data\\Film-Avengers_InfinityWar\\assets\\MV5BNjNiYWI1MjktNTIzYS00NTc2LWE4ZTgtOTc5NDNhNzMxYzM5XkEyXkFqcGdeQXVyNjczOTE0MzM@._V1_.jpg","C:\\Users\\asus\\AppData\\Roaming\\Trak\\data\\Film-Avengers_InfinityWar\\assets\\MV5BYjYwOGY1MWEtMjc3YS00OTBjLTkwYzgtYTQwM2MwYzhhMTNhXkEyXkFqcGdeQXVyNTU3Njk4NTU@._V1_.jpg","C:\\Users\\asus\\AppData\\Roaming\\Trak\\data\\Film-Avengers_InfinityWar\\assets\\MV5BZDAxZTg5OGYtMzA4Zi00ZWVmLWI2ZmMtYTcxOGUxMTIwYjk4XkEyXkFqcGdeQXVyNTU3Njk4NTU@._V1_.jpg","C:\\Users\\asus\\AppData\\Roaming\\Trak\\data\\Film-Avengers_InfinityWar\\assets\\MV5BY2U2MDc4OTAtNDYzNS00NmE2LTg0Y2ItNDU3ZWU3MjI5OWEwXkEyXkFqcGdeQXVyNTU3Njk4NTU@._V1_.jpg","C:\\Users\\asus\\AppData\\Roaming\\Trak\\data\\Film-Avengers_InfinityWar\\assets\\MV5BZjkyNmQ3YTMtMzE3My00MjI2LWEzNjAtMDMwN2FjYWI1ZjY3XkEyXkFqcGdeQXVyNjczOTE0MzM@._V1_.jpg","C:\\Users\\asus\\AppData\\Roaming\\Trak\\data\\Film-Avengers_InfinityWar\\assets\\MV5BY2E4YWE0NDItOGQzMi00NWViLTg0YjAtZGI1N2FiYTE4MmJlXkEyXkFqcGdeQXVyNjczOTE0MzM@._V1_.jpg","C:\\Users\\asus\\AppData\\Roaming\\Trak\\data\\Film-Avengers_InfinityWar\\assets\\MV5BZDRlOTc0NzAtYTJhNi00YjNmLWI2NTEtYmMwNzMxMTY5Zjg3XkEyXkFqcGdeQXVyNjczOTE0MzM@._V1_.jpg","C:\\Users\\asus\\AppData\\Roaming\\Trak\\data\\Film-Avengers_InfinityWar\\assets\\MV5BN2NhOGY5NDUtZWFkMy00ZTUyLWEzZGItYWNlODI5ZGEyYzQzXkEyXkFqcGdeQXVyNjczOTE0MzM@._V1_.jpg","C:\\Users\\asus\\AppData\\Roaming\\Trak\\data\\Film-Avengers_InfinityWar\\assets\\MV5BYTQ2MTI3MzQtNDRmNy00M2U4LTk3OWQtZDJjYzBjZGNmMjc3XkEyXkFqcGdeQXVyNjczOTE0MzM@._V1_.jpg","C:\\Users\\asus\\AppData\\Roaming\\Trak\\data\\Film-Avengers_InfinityWar\\assets\\MV5BNWNhMjVhZDUtNjI1Ny00ZjhmLTlhMzAtMjE1ZjYxYTFjODg2XkEyXkFqcGdeQXVyNjczOTE0MzM@._V1_.jpg","C:\\Users\\asus\\AppData\\Roaming\\Trak\\data\\Film-Avengers_InfinityWar\\assets\\MV5BYjM5NmNhYTEtYmNiYy00Y2IyLWFiY2ItNTQ0ZWY0ZDRmODU1XkEyXkFqcGdeQXVyOTk0OTgzODU@._V1_.jpg","C:\\Users\\asus\\AppData\\Roaming\\Trak\\data\\Film-Avengers_InfinityWar\\assets\\MV5BMTE4NTcxNGQtYzI2MS00NjA5LTk5MGEtN2EzYjBhNGI3ZjMwXkEyXkFqcGdeQXVyNjczOTE0MzM@._V1_.jpg","C:\\Users\\asus\\AppData\\Roaming\\Trak\\data\\Film-Avengers_InfinityWar\\assets\\MV5BMmM3NGQzZGQtOTgyYi00OTU1LThhMGEtY2JkY2RkNjJjZWE3XkEyXkFqcGdeQXVyNjczOTE0MzM@._V1_.jpg","C:\\Users\\asus\\AppData\\Roaming\\Trak\\data\\Film-Avengers_InfinityWar\\assets\\MV5BMDAyNDg0YWMtMzQyMC00OWQ3LTllYWQtMDMxZGY5N2RkNGQ5XkEyXkFqcGdeQXVyNjczOTE0MzM@._V1_.jpg","C:\\Users\\asus\\AppData\\Roaming\\Trak\\data\\Film-Avengers_InfinityWar\\assets\\MV5BZDEzZDk1M2EtMjY3MC00MmMzLTgzMzQtZjM5OWU0Njk0ZGYxXkEyXkFqcGdeQXVyNjczOTE0MzM@._V1_.jpg","C:\\Users\\asus\\AppData\\Roaming\\Trak\\data\\Film-Avengers_InfinityWar\\assets\\MV5BZWUwZThkZjItMzllOC00MGUxLWFiZTgtNTU5M2YwZTEzZGNkXkEyXkFqcGdeQXVyNjI0OTQ4MjE@._V1_.jpg","C:\\Users\\asus\\AppData\\Roaming\\Trak\\data\\Film-Avengers_InfinityWar\\assets\\MV5BZWM3ZTI3ODctOTE0My00N2UzLWIxMjItZjAwYzgxODUyNGU4XkEyXkFqcGdeQXVyNjczOTE0MzM@._V1_.jpg","C:\\Users\\asus\\AppData\\Roaming\\Trak\\data\\Film-Avengers_InfinityWar\\assets\\MV5BNmRjMmQ2ZmMtMDRhYy00OWRmLWJiZjAtMTg2ZGEwMzdlNTAzXkEyXkFqcGdeQXVyNjczOTE0MzM@._V1_.jpg","C:\\Users\\asus\\AppData\\Roaming\\Trak\\data\\Film-Avengers_InfinityWar\\assets\\MV5BN2Q2MmFkNDQtOWRhZC00MDZiLTlhN2QtZDNlMWExZTUwMTFiXkEyXkFqcGdeQXVyNjczOTE0MzM@._V1_.jpg","C:\\Users\\asus\\AppData\\Roaming\\Trak\\data\\Film-Avengers_InfinityWar\\assets\\MV5BZmY1NGExZmItNDA0My00ZjFhLWI3N2EtZDM4ZDgxNjQwMTFmXkEyXkFqcGdeQXVyNjczOTE0MzM@._V1_.jpg","C:\\Users\\asus\\AppData\\Roaming\\Trak\\data\\Film-Avengers_InfinityWar\\assets\\MV5BM2Y0YzdlNzItMDJhZi00YTY3LWJjZmUtMDFlNTQ2ZTMxZGYzXkEyXkFqcGdeQXVyNjczOTE0MzM@._V1_.jpg","C:\\Users\\asus\\AppData\\Roaming\\Trak\\data\\Film-Avengers_InfinityWar\\assets\\MV5BYTFjMTEwZTAtNDQ0Ny00MjIwLWFiNzQtMzA0N2MzZWE1OWZmXkEyXkFqcGdeQXVyNjczOTE0MzM@._V1_.jpg","C:\\Users\\asus\\AppData\\Roaming\\Trak\\data\\Film-Avengers_InfinityWar\\assets\\MV5BNDhhMDViYjQtMTg5ZC00MjI3LThlZTgtYTgwNDVmNDk3YWVkXkEyXkFqcGdeQXVyNjczOTE0MzM@._V1_.jpg","C:\\Users\\asus\\AppData\\Roaming\\Trak\\data\\Film-Avengers_InfinityWar\\assets\\MV5BMGIzMDUwMDItOTJjYy00ZDYxLThjYzYtMjUzNGVlZjE2ZGJlXkEyXkFqcGdeQXVyNjczOTE0MzM@._V1_.jpg","C:\\Users\\asus\\AppData\\Roaming\\Trak\\data\\Film-Avengers_InfinityWar\\assets\\MV5BNWM5OGEyODktMWE3MS00NjMzLTg5ZjEtZjhkN2Y0MDk0Yjk4XkEyXkFqcGdeQXVyOTc0MTQ5NzA@._V1_.jpg","C:\\Users\\asus\\AppData\\Roaming\\Trak\\data\\Film-Avengers_InfinityWar\\assets\\MV5BODUxYjM2ZWEtNDkwMC00MDEwLWI4MGItMTY0MDI4YWU3NzFjXkEyXkFqcGdeQXVyOTc0MTQ5NzA@._V1_.jpg","C:\\Users\\asus\\AppData\\Roaming\\Trak\\data\\Film-Avengers_InfinityWar\\assets\\MV5BMTA5Yzk4OGEtZThjNi00NmYyLWI0ZTQtNDM5YTVjNmUzMzljXkEyXkFqcGdeQXVyOTYxNzc0NjU@._V1_.jpg","C:\\Users\\asus\\AppData\\Roaming\\Trak\\data\\Film-Avengers_InfinityWar\\assets\\MV5BZGJkMDBmYWQtMDc0Yi00OTM5LWFjZTItOWQ2YTA2NGQ3OWUxXkEyXkFqcGdeQXVyOTYxNzc0NjU@._V1_.jpg","C:\\Users\\asus\\AppData\\Roaming\\Trak\\data\\Film-Avengers_InfinityWar\\assets\\MV5BNGU1MTlmMDYtM2Q5NS00OWFjLWEwZDYtNmZmMGJhZWQ0YjFhXkEyXkFqcGdeQXVyNjI0OTQ4MjE@._V1_.jpg","C:\\Users\\asus\\AppData\\Roaming\\Trak\\data\\Film-Avengers_InfinityWar\\assets\\MV5BNDUxZTk1ZTMtZWRmNS00M2U3LTkzNDEtMmI0NDk2NTZmMDE5XkEyXkFqcGdeQXVyNDQxNjcxNQ@@._V1_.jpg","C:\\Users\\asus\\AppData\\Roaming\\Trak\\data\\Film-Avengers_InfinityWar\\assets\\MV5BZTNjZTAzNGYtZWRkYS00OTZmLWE3MmQtNzFhYmUyNTVhYzA5XkEyXkFqcGdeQXVyNDQxNjcxNQ@@._V1_.jpg","C:\\Users\\asus\\AppData\\Roaming\\Trak\\data\\Film-Avengers_InfinityWar\\assets\\MV5BMzI5ODZlMTEtNjU5NC00YjExLWFlZjktNmQxMjkyNWFlYmUyXkEyXkFqcGdeQXVyNjczOTE0MzM@._V1_.jpg","C:\\Users\\asus\\AppData\\Roaming\\Trak\\data\\Film-Avengers_InfinityWar\\assets\\MV5BZmFkMTM4ZjItM2VkOC00NzA1LWFmOWUtNjViZjA3NWFhMDFiXkEyXkFqcGdeQXVyNjczOTE0MzM@._V1_.jpg","C:\\Users\\asus\\AppData\\Roaming\\Trak\\data\\Film-Avengers_InfinityWar\\assets\\MV5BMGQ4NTZmMWItNjY2Yy00ZDM5LTkzOGEtOWU4ZTUxNDIzYjdlXkEyXkFqcGdeQXVyNjczOTE0MzM@._V1_.jpg","C:\\Users\\asus\\AppData\\Roaming\\Trak\\data\\Film-Avengers_InfinityWar\\assets\\MV5BYjYxMTFlZjQtZDQ0MC00YWUyLWJmOWEtMGZhN2JlOWY0NGRiXkEyXkFqcGdeQXVyNjczOTE0MzM@._V1_.jpg","C:\\Users\\asus\\AppData\\Roaming\\Trak\\data\\Film-Avengers_InfinityWar\\assets\\MV5BNTNkMWRhZTktMzVkMi00YWQxLWE4OTItNGY5MjM1MjVjMmE5XkEyXkFqcGdeQXVyNjczOTE0MzM@._V1_.jpg","C:\\Users\\asus\\AppData\\Roaming\\Trak\\data\\Film-Avengers_InfinityWar\\assets\\MV5BODI4OWZlYmUtZDk5Yy00OWNjLTk3MDItYWEzNDdhMjJiMGFjXkEyXkFqcGdeQXVyNDQxNjcxNQ@@._V1_.jpg","C:\\Users\\asus\\AppData\\Roaming\\Trak\\data\\Film-Avengers_InfinityWar\\assets\\MV5BYWU5YzVkNDMtN2U3YS00OTZmLTk1Y2EtYTRmMzZlZmI5ZjE2XkEyXkFqcGdeQXVyNzQzNDA2MzM@._V1_.jpg","C:\\Users\\asus\\AppData\\Roaming\\Trak\\data\\Film-Avengers_InfinityWar\\assets\\MV5BN2Y0OGIxZWItZmVhZi00N2ZmLThlZGMtODE3NDU5YTYyZjZhXkEyXkFqcGdeQXVyNjczOTE0MzM@._V1_.jpg","C:\\Users\\asus\\AppData\\Roaming\\Trak\\data\\Film-Avengers_InfinityWar\\assets\\MV5BMWU0OTc1NjUtYTBjNi00ODNlLTlkYzEtZDdkYjg1YzU3MGQ5XkEyXkFqcGdeQXVyNjczOTE0MzM@._V1_.jpg","C:\\Users\\asus\\AppData\\Roaming\\Trak\\data\\Film-Avengers_InfinityWar\\assets\\MV5BMmQ2ODE5NjQtNGVmNy00ZDQwLTgyZmEtMTU4OTJlZDY4ZDA4XkEyXkFqcGdeQXVyNjczOTE0MzM@._V1_.jpg","C:\\Users\\asus\\AppData\\Roaming\\Trak\\data\\Film-Avengers_InfinityWar\\assets\\MV5BZWY3ZmFhYWYtZGNlOS00OGU2LWE4NmQtZDRkMjJjZjc3NTcwXkEyXkFqcGdeQXVyMzQ3Nzk5MTU@._V1_.jpg","C:\\Users\\asus\\AppData\\Roaming\\Trak\\data\\Film-Avengers_InfinityWar\\assets\\MV5BZjZiMDkxMTctZTdkMC00ODY5LTlmZmItMmI1MmY3ZWFkZWZhXkEyXkFqcGdeQXVyMzQ3Nzk5MTU@._V1_.jpg","C:\\Users\\asus\\AppData\\Roaming\\Trak\\data\\Film-Avengers_InfinityWar\\assets\\MV5BOWEyNDBmZWMtYTFlZi00NGI5LTkwODQtMThhZDM5Y2IwN2IwXkEyXkFqcGdeQXVyNjczOTE0MzM@._V1_.jpg","C:\\Users\\asus\\AppData\\Roaming\\Trak\\data\\Film-Avengers_InfinityWar\\assets\\MV5BNzA0Zjc3MGItODQ3ZS00ZmRjLTkzZDQtNTI5ZjY3NzcyYWRlXkEyXkFqcGdeQXVyNjczOTE0MzM@._V1_.jpg","C:\\Users\\asus\\AppData\\Roaming\\Trak\\data\\Film-Avengers_InfinityWar\\assets\\MV5BZGE4YjI2YzYtMjc4OS00NWQ1LTlhYWQtYTVlNTY2YzhlNzEzXkEyXkFqcGdeQXVyNjczOTE0MzM@._V1_.jpg","C:\\Users\\asus\\AppData\\Roaming\\Trak\\data\\Film-Avengers_InfinityWar\\assets\\MV5BZDk1OGVjY2MtZmRlNi00Y2E1LWFhMDItM2MwMWZiN2U2ZjI3XkEyXkFqcGdeQXVyNjczOTE0MzM@._V1_.jpg","C:\\Users\\asus\\AppData\\Roaming\\Trak\\data\\Film-Avengers_InfinityWar\\assets\\MV5BYTM2OTg2NTktOWI5Ny00ZGEwLWIwNzktODFjYjdhY2MyNzUxXkEyXkFqcGdeQXVyNjczOTE0MzM@._V1_.jpg","C:\\Users\\asus\\AppData\\Roaming\\Trak\\data\\Film-Avengers_InfinityWar\\assets\\MV5BYTAyY2ZjMjItY2ZkYS00YzAyLTliNDktYjNiY2I4NjIyOWFkXkEyXkFqcGdeQXVyNjczOTE0MzM@._V1_.jpg","C:\\Users\\asus\\AppData\\Roaming\\Trak\\data\\Film-Avengers_InfinityWar\\assets\\MV5BNjI2ZDA1MTItMWRiMy00MzE5LWI2NGEtNDM4ODQ4N2U4ZmFiXkEyXkFqcGdeQXVyNjczOTE0MzM@._V1_.jpg","C:\\Users\\asus\\AppData\\Roaming\\Trak\\data\\Film-Avengers_InfinityWar\\assets\\MV5BYjJkYTgzYzMtMmY1Yi00NDlmLWI4NjQtYmM0YzQwZTgzYjA0XkEyXkFqcGdeQXVyNjczOTE0MzM@._V1_.jpg","C:\\Users\\asus\\AppData\\Roaming\\Trak\\data\\Film-Avengers_InfinityWar\\assets\\MV5BMzFhNDI1ZjYtNzEzZS00OTdiLWE3YTctYmRkYjJhMGZkNDkyXkEyXkFqcGdeQXVyNjczOTE0MzM@._V1_.jpg","C:\\Users\\asus\\AppData\\Roaming\\Trak\\data\\Film-Avengers_InfinityWar\\assets\\MV5BMmVmZDcyZGYtYjA4ZS00NjBjLTk3ZDMtNjMzZjNmYWNmNmZiXkEyXkFqcGdeQXVyNzk3NDUzNTc@._V1_.jpg","C:\\Users\\asus\\AppData\\Roaming\\Trak\\data\\Film-Avengers_InfinityWar\\assets\\MV5BOWIxM2M0MDAtNjkyZi00Njg0LWFiN2UtOTk5M2QzZDc4MDQ4XkEyXkFqcGdeQXVyNzk3NDUzNTc@._V1_.jpg","C:\\Users\\asus\\AppData\\Roaming\\Trak\\data\\Film-Avengers_InfinityWar\\assets\\MV5BN2Y3YmU5MmUtZGQxOC00NzVhLWFiMDEtOTM1ZjJkNTMxMWNkXkEyXkFqcGdeQXVyNzk3NDUzNTc@._V1_.jpg","C:\\Users\\asus\\AppData\\Roaming\\Trak\\data\\Film-Avengers_InfinityWar\\assets\\MV5BMzM5ZWIyNWEtNWZlYS00MGQ1LThjNDgtM2RhMGZkZDY5ZTYxXkEyXkFqcGdeQXVyNzk3NDUzNTc@._V1_.jpg","C:\\Users\\asus\\AppData\\Roaming\\Trak\\data\\Film-Avengers_InfinityWar\\assets\\MV5BNjQ4ZWQ4ZmYtODk4Yy00ZWU3LWFkMTItMTM4MmFkMDZjZGI2XkEyXkFqcGdeQXVyNzk3NDUzNTc@._V1_.jpg","C:\\Users\\asus\\AppData\\Roaming\\Trak\\data\\Film-Avengers_InfinityWar\\assets\\MV5BZDdiNWEwZDEtMWY3YS00MmZhLWI3MDMtODM3YTY5YTNhMmM4XkEyXkFqcGdeQXVyNzk3NDUzNTc@._V1_.jpg","C:\\Users\\asus\\AppData\\Roaming\\Trak\\data\\Film-Avengers_InfinityWar\\assets\\MV5BOTViNzMxYjMtZjAyNy00NWQ1LTg2NDctNWNmODZmM2EwMmRhXkEyXkFqcGdeQXVyNzk3NDUzNTc@._V1_.jpg","C:\\Users\\asus\\AppData\\Roaming\\Trak\\data\\Film-Avengers_InfinityWar\\assets\\MV5BN2E2NDVhYmItNWUyMS00NjkzLTgzZjgtN2UyNDc2OTQ5Y2U1XkEyXkFqcGdeQXVyNjczOTE0MzM@._V1_.jpg","C:\\Users\\asus\\AppData\\Roaming\\Trak\\data\\Film-Avengers_InfinityWar\\assets\\MV5BMGUwMjdkMWEtMTg2My00NWI1LWIyZjAtYTU4Y2FjZTMxNzUxXkEyXkFqcGdeQXVyNjczOTE0MzM@._V1_.jpg","C:\\Users\\asus\\AppData\\Roaming\\Trak\\data\\Film-Avengers_InfinityWar\\assets\\MV5BNTQxZTQwZWItOGYxZi00ZDFhLTg3YzYtNTZjMjU3YTI4OGYzXkEyXkFqcGdeQXVyNjczOTE0MzM@._V1_.jpg","C:\\Users\\asus\\AppData\\Roaming\\Trak\\data\\Film-Avengers_InfinityWar\\assets\\MV5BZjlhYmVmZmYtZjkwYS00ODk0LWIzMGUtOGFiZTcwOGNmODQzXkEyXkFqcGdeQXVyNzk3NDUzNTc@._V1_.jpg","C:\\Users\\asus\\AppData\\Roaming\\Trak\\data\\Film-Avengers_InfinityWar\\assets\\MV5BMWFlMjdhYjItNDk4My00NWY1LWJkNzctYzNjYjUzZDcxYTZlXkEyXkFqcGdeQXVyNzk3NDUzNTc@._V1_.jpg","C:\\Users\\asus\\AppData\\Roaming\\Trak\\data\\Film-Avengers_InfinityWar\\assets\\MV5BNGIyNTdlMWYtNDU1Yi00MGVkLTk1ZDQtMWFmMjcwZmQ3ZjI5XkEyXkFqcGdeQXVyNzk3NDUzNTc@._V1_.jpg","C:\\Users\\asus\\AppData\\Roaming\\Trak\\data\\Film-Avengers_InfinityWar\\assets\\MV5BN2FiNTE0NTgtNzdkMi00ODdlLWI5MTktNDllMzg0ZmI4OTYxXkEyXkFqcGdeQXVyNzk3NDUzNTc@._V1_.jpg","C:\\Users\\asus\\AppData\\Roaming\\Trak\\data\\Film-Avengers_InfinityWar\\assets\\MV5BNDg1YjllYzQtMDRiNy00ZDFhLTlkODUtODhjYzgzYjU4ZWQwXkEyXkFqcGdeQXVyNzk3NDUzNTc@._V1_.jpg","C:\\Users\\asus\\AppData\\Roaming\\Trak\\data\\Film-Avengers_InfinityWar\\assets\\MV5BZjVmMmRkZGEtMzQyNy00YWM3LWE4NzUtMGNlMjM2OWIwYjllXkEyXkFqcGdeQXVyNzk3NDUzNTc@._V1_.jpg","C:\\Users\\asus\\AppData\\Roaming\\Trak\\data\\Film-Avengers_InfinityWar\\assets\\MV5BMjE2ZGEzOGQtZmVlYy00OGEwLThkZDEtNWEyOTEzMTM5MTk2XkEyXkFqcGdeQXVyNzk3NDUzNTc@._V1_.jpg","C:\\Users\\asus\\AppData\\Roaming\\Trak\\data\\Film-Avengers_InfinityWar\\assets\\MV5BOGEzYmNjMTQtODA2OC00ZDRjLTgyODctNDYwZWUxOGQ3MzQxXkEyXkFqcGdeQXVyNzk3NDUzNTc@._V1_.jpg","C:\\Users\\asus\\AppData\\Roaming\\Trak\\data\\Film-Avengers_InfinityWar\\assets\\MV5BNTM0NWM0OTQtYjRjYi00MzQzLWFmOWYtMjJhYTllZGViYzVlXkEyXkFqcGdeQXVyNzk3NDUzNTc@._V1_.jpg","C:\\Users\\asus\\AppData\\Roaming\\Trak\\data\\Film-Avengers_InfinityWar\\assets\\MV5BOWI1ODgyNjMtMzVkZS00ODk4LWE1MjMtNDRmYTI4ZTFiMWVmXkEyXkFqcGdeQXVyNzk3NDUzNTc@._V1_.jpg","C:\\Users\\asus\\AppData\\Roaming\\Trak\\data\\Film-Avengers_InfinityWar\\assets\\MV5BYTNkNzE1OWQtMzAwZS00MWE4LTg4MzYtNzYyMGVhNjUyOWY5XkEyXkFqcGdeQXVyNzk3NDUzNTc@._V1_.jpg","C:\\Users\\asus\\AppData\\Roaming\\Trak\\data\\Film-Avengers_InfinityWar\\assets\\MV5BMmQ1ZmY2M2ItMjMzNC00MGM5LTg1MTItNjljM2M4NDY2NWFiXkEyXkFqcGdeQXVyNzk3NDUzNTc@._V1_.jpg","C:\\Users\\asus\\AppData\\Roaming\\Trak\\data\\Film-Avengers_InfinityWar\\assets\\MV5BM2UyNmQwZjMtYjRkNi00Zjg4LTk4NzctZGI3MDRlNWM2ZmYwXkEyXkFqcGdeQXVyNzk3NDUzNTc@._V1_.jpg","C:\\Users\\asus\\AppData\\Roaming\\Trak\\data\\Film-Avengers_InfinityWar\\assets\\MV5BZDQ3OTk3MzktMGI4Mi00MmEwLTlkMzgtZWNhMzM5M2FkMGRjXkEyXkFqcGdeQXVyMjg0NjIyNDM@._V1_.jpg","C:\\Users\\asus\\AppData\\Roaming\\Trak\\data\\Film-Avengers_InfinityWar\\assets\\MV5BNmMxMGZlZGUtZmQxNi00MDM1LThiMzUtZjEzNWM3Y2Q5ODQ2XkEyXkFqcGdeQXVyMjg0NjIyNDM@._V1_.jpg","C:\\Users\\asus\\AppData\\Roaming\\Trak\\data\\Film-Avengers_InfinityWar\\assets\\MV5BNzliY2U0MDctNTQ2OS00NzM4LThjNjYtMjEzMTc3YTJmOTZmXkEyXkFqcGdeQXVyMjg0NjIyNDM@._V1_.jpg","C:\\Users\\asus\\AppData\\Roaming\\Trak\\data\\Film-Avengers_InfinityWar\\assets\\MV5BMTFkZmNjOTMtNzA5OC00M2JkLTgxM2ItZmYyZDQ2OTU4NTdkXkEyXkFqcGdeQXVyMjg0NjIyNDM@._V1_.jpg","C:\\Users\\asus\\AppData\\Roaming\\Trak\\data\\Film-Avengers_InfinityWar\\assets\\MV5BNzUwNWE4YzktODRjYy00ZWY2LTg1M2QtN2U5YmYwNGI5YzJiXkEyXkFqcGdeQXVyMjg0NjIyNDM@._V1_.jpg","C:\\Users\\asus\\AppData\\Roaming\\Trak\\data\\Film-Avengers_InfinityWar\\assets\\MV5BMTgxMmIzNzQtOTFhNC00MzFmLWE5ODQtOWIwOGRhNTk2ZGRiXkEyXkFqcGdeQXVyMjg0NjIyNDM@._V1_.jpg","C:\\Users\\asus\\AppData\\Roaming\\Trak\\data\\Film-Avengers_InfinityWar\\assets\\MV5BN2JhMzYzODAtYmI4Yi00NWZhLTk4ODgtOGIzYmFjZDE2NzVkXkEyXkFqcGdeQXVyMjg0NjIyNDM@._V1_.jpg","C:\\Users\\asus\\AppData\\Roaming\\Trak\\data\\Film-Avengers_InfinityWar\\assets\\MV5BNjA4OTAxNzYtNDdhOS00NGZlLWIxY2UtODNkY2QzOWJlMDBkXkEyXkFqcGdeQXVyMjg0NjIyNDM@._V1_.jpg","C:\\Users\\asus\\AppData\\Roaming\\Trak\\data\\Film-Avengers_InfinityWar\\assets\\MV5BN2YyNGQyNGItODMwYi00YjI5LWIxMjAtOTc3ZWMxZDhhNjVlXkEyXkFqcGdeQXVyMjg0NjIyNDM@._V1_.jpg","C:\\Users\\asus\\AppData\\Roaming\\Trak\\data\\Film-Avengers_InfinityWar\\assets\\MV5BOWY0YzZiMjAtYzYzOS00YzdiLTgwYjUtNWNiMjFlZmYzOTA0XkEyXkFqcGdeQXVyMjg0NjIyNDM@._V1_.jpg","C:\\Users\\asus\\AppData\\Roaming\\Trak\\data\\Film-Avengers_InfinityWar\\assets\\MV5BY2IxMjFmNjUtNDJmZi00ZDE4LThiZjYtNGI0MjJhMDQ5ZmEzXkEyXkFqcGdeQXVyMjg0NjIyNDM@._V1_.jpg","C:\\Users\\asus\\AppData\\Roaming\\Trak\\data\\Film-Avengers_InfinityWar\\assets\\MV5BMTEyZTY1YjMtNzAwYy00NDkyLWIxMWMtYTY1ZWJmMmM5NDYzXkEyXkFqcGdeQXVyMjg0NjIyNDM@._V1_.jpg","C:\\Users\\asus\\AppData\\Roaming\\Trak\\data\\Film-Avengers_InfinityWar\\assets\\MV5BOTNiMjc0NDItOGEzOS00MWQ5LTk1ZWUtMGM1YmY5NWM1ZjBlXkEyXkFqcGdeQXVyMjg0NjIyNDM@._V1_.jpg","C:\\Users\\asus\\AppData\\Roaming\\Trak\\data\\Film-Avengers_InfinityWar\\assets\\MV5BOWEzNDg4NTMtZTk4OC00MmIwLWE4YzctOTRjNzQxNWNmNTkyXkEyXkFqcGdeQXVyMjg0NjIyNDM@._V1_.jpg","C:\\Users\\asus\\AppData\\Roaming\\Trak\\data\\Film-Avengers_InfinityWar\\assets\\MV5BMWFiYjNhMDgtMjcyNi00YWU5LWE0YTgtNTllYmI1N2M0ODQ1XkEyXkFqcGdeQXVyMjg0NjIyNDM@._V1_.jpg","C:\\Users\\asus\\AppData\\Roaming\\Trak\\data\\Film-Avengers_InfinityWar\\assets\\MV5BZWM2ZTU3NzQtOTJkMy00NWU0LTlmZGItMTQzYjIwMDRmMTcwXkEyXkFqcGdeQXVyMjg0NjIyNDM@._V1_.jpg","C:\\Users\\asus\\AppData\\Roaming\\Trak\\data\\Film-Avengers_InfinityWar\\assets\\MV5BYjA1NzU3YTItY2Y3YS00NTJhLWI3NDYtNDYyOTVkMDBlYjg3XkEyXkFqcGdeQXVyMjg0NjIyNDM@._V1_.jpg","C:\\Users\\asus\\AppData\\Roaming\\Trak\\data\\Film-Avengers_InfinityWar\\assets\\MV5BNGIxYzFjMzktMjJkYi00ZTYxLWFmM2QtZTRjNDBkMTY1YzU4XkEyXkFqcGdeQXVyMjg0NjIyNDM@._V1_.jpg","C:\\Users\\asus\\AppData\\Roaming\\Trak\\data\\Film-Avengers_InfinityWar\\assets\\MV5BMDU3YjhmMDQtMTVlZi00MTQ3LTk0MWEtMmJhMWJiYWE1ZmUwXkEyXkFqcGdeQXVyMjg0NjIyNDM@._V1_.jpg","C:\\Users\\asus\\AppData\\Roaming\\Trak\\data\\Film-Avengers_InfinityWar\\assets\\MV5BMThiYjQ4ZDctYWU0NC00NWI1LTg0NmQtNTc0ZTY3YWRmNzZkXkEyXkFqcGdeQXVyMjg0NjIyNDM@._V1_.jpg","C:\\Users\\asus\\AppData\\Roaming\\Trak\\data\\Film-Avengers_InfinityWar\\assets\\MV5BZTc2MzQwZGItNGVhOC00MGUxLWE0MjctYTZlNWMwNTVmNGJiXkEyXkFqcGdeQXVyMjg0NjIyNDM@._V1_.jpg","C:\\Users\\asus\\AppData\\Roaming\\Trak\\data\\Film-Avengers_InfinityWar\\assets\\MV5BNzdmNjMwNGYtZTE4MC00YTdmLWI3NWItMDliNTU2ZDAyM2JlXkEyXkFqcGdeQXVyMjg0NjIyNDM@._V1_.jpg","C:\\Users\\asus\\AppData\\Roaming\\Trak\\data\\Film-Avengers_InfinityWar\\assets\\MV5BMmNmYzdiZGUtOTAwYy00ZGE4LTlhMTEtOTViYWFmMmVlYjI1XkEyXkFqcGdeQXVyMjg0NjIyNDM@._V1_.jpg","C:\\Users\\asus\\AppData\\Roaming\\Trak\\data\\Film-Avengers_InfinityWar\\assets\\MV5BZDUwMzQ1NDItZGRhNy00YjI4LTkxYjYtMzgxMDkxNTRjODg2XkEyXkFqcGdeQXVyMjg0NjIyNDM@._V1_.jpg","C:\\Users\\asus\\AppData\\Roaming\\Trak\\data\\Film-Avengers_InfinityWar\\assets\\MV5BNTQ3OTRjY2MtZjg0Mi00YzAxLWE5OGEtNWZmYmRlYzdjYTlhXkEyXkFqcGdeQXVyMjg0NjIyNDM@._V1_.jpg","C:\\Users\\asus\\AppData\\Roaming\\Trak\\data\\Film-Avengers_InfinityWar\\assets\\MV5BZjk3NDIxOWYtYjI0Ny00YWI2LThhMGYtZWE4NjUwNWE5NDNiXkEyXkFqcGdeQXVyMjg0NjIyNDM@._V1_.jpg","C:\\Users\\asus\\AppData\\Roaming\\Trak\\data\\Film-Avengers_InfinityWar\\assets\\MV5BNGMxNjYyMTYtMjMyYS00OWVjLWEyMDEtMWUxMjljNzI5NWNhXkEyXkFqcGdeQXVyMjg0NjIyNDM@._V1_.jpg","C:\\Users\\asus\\AppData\\Roaming\\Trak\\data\\Film-Avengers_InfinityWar\\assets\\MV5BNmYzMTkxMDAtY2YzNy00NjIxLWI1OTQtNjc2ZTU5MDc3ZGExXkEyXkFqcGdeQXVyMjg0NjIyNDM@._V1_.jpg","C:\\Users\\asus\\AppData\\Roaming\\Trak\\data\\Film-Avengers_InfinityWar\\assets\\MV5BYzE4Y2M5M2YtNTFkZS00YzZjLWJhNWUtMTFkMmQyZGVjZjY4XkEyXkFqcGdeQXVyMjg0NjIyNDM@._V1_.jpg","C:\\Users\\asus\\AppData\\Roaming\\Trak\\data\\Film-Avengers_InfinityWar\\assets\\MV5BMTk3NGVhZWItMzI4NS00YmUyLWI2ODUtYjE1YmExMDQ2YmEyXkEyXkFqcGdeQXVyMjg0NjIyNDM@._V1_.jpg","C:\\Users\\asus\\AppData\\Roaming\\Trak\\data\\Film-Avengers_InfinityWar\\assets\\MV5BNWE4ZGM1ZmItMzE1Zi00ZGUwLTk1OWMtNjlmMGQ2MDI0MzZhXkEyXkFqcGdeQXVyMjg0NjIyNDM@._V1_.jpg","C:\\Users\\asus\\AppData\\Roaming\\Trak\\data\\Film-Avengers_InfinityWar\\assets\\MV5BYmYzMDQ0NjMtYzJjMC00ZTBmLWE5MTAtMzU1OTMzNTljYjU0XkEyXkFqcGdeQXVyMjg0NjIyNDM@._V1_.jpg","C:\\Users\\asus\\AppData\\Roaming\\Trak\\data\\Film-Avengers_InfinityWar\\assets\\MV5BNGQ2YTIwZjUtNTllMC00OGI0LTgzZTEtYjI3OGFjZGRjYjFiXkEyXkFqcGdeQXVyMjg0NjIyNDM@._V1_.jpg","C:\\Users\\asus\\AppData\\Roaming\\Trak\\data\\Film-Avengers_InfinityWar\\assets\\MV5BYWQ5MzYwOTMtN2QzYS00YWQ2LTkxYjYtODQzZDVkYjE0ZjZhXkEyXkFqcGdeQXVyMjg0NjIyNDM@._V1_.jpg"]}