{"category":"Anime","name":"Tomo-chan Is a Girl!","jname":"トモちゃんは女の子！","review":"Anime review!","directors":"","producers":"Aniplex, Seikaisha, Crunchyroll, INSPION Edge, Noritomo Yonai, Kanako Takahashi, Kunihiro Okamura, Yuki Kataoka","writers":"","musicians":"","studio":"Lay-duce","license":"","genres":[["Action","Adventure","Anthropomorphic","AvantGarde","Comedy","ComingOfAge","CGDCT","Cyberpunk","Demon","Drama","Ecchi","Erotica","Fantasy","Game","Gore","Gourmet","Harem","Hentai","Historical","Horror","Isekai","Josei","Kids","Medical","Mystery","Magic","MagicalSexShift","MartialArts","Mecha","Military","Music","OrganizedCrime","Parody","Police","PostApocalyptic","Psychological","Racing","Reincarnation","ReverseHarem","Romance","Samurai","School","SciFi","Seinen","Shoujo","Shounen","SliceOfLife","Space","Sports","Spy","StrategyGame","SuperPower","Supernatural","Survival","Suspense","Teaching","Thriller","TimeTravel","Tragedy","Vampire","VideoGame","War","Western","Workplace","Yaoi","Yuri"],[false,false,false,false,true,false,false,false,false,false,false,false,false,false,false,false,false,false,false,false,false,false,false,false,false,false,false,false,false,false,false,false,false,false,false,false,false,false,false,true,false,false,false,false,false,false,false,false,false,false,false,false,false,false,false,false,false,false,false,false,false,false,false,false,false,false]],"synopsis":"Childhood friends Tomo Aizawa and Junichirou \"Jun\" Kubota do everything together, whether it be training or just enjoying a fun day out. Anyone would think that these two are best friends for life. The only issue is that the tomboyish Tomo is in love with Jun, but he regards her like a brother.\n\nAt the start of their first year of high school, Tomo confesses her feelings to Jun. However, her rough mannerisms and lack of hesitance to throw a punch do nothing to sway Jun's heart. Realizing that he will remain indifferent to her affections unless she does something about it, Tomo must find a way to knock some sense into Jun and open his eyes to what is right in front of him.","img":[],"content":[{"scenario":"Season","name":"Season 1","start":"2023-01-05","end":"2023-03-30","status":"","episodes":[{"name":"I Want to Be Seen as a Girl! & A Terrifying Challenge","watched":"2023-02-01","rating":9,"review":"First episode comments!"},{"name":"Episode 2","watched":"","rating":"","review":""},{"name":"Episode 3","watched":"","rating":"","review":""},{"name":"Episode 4","watched":"","rating":"","review":""},{"name":"Episode 5","watched":"","rating":"","review":""},{"name":"Episode 6","watched":"","rating":"","review":""},{"name":"Episode 7","watched":"","rating":"","review":""},{"name":"Episode 8","watched":"","rating":"","review":""},{"name":"Episode 9","watched":"","rating":"","review":""},{"name":"Episode 10","watched":"","rating":"","review":""},{"name":"Episode 11","watched":"","rating":"","review":""},{"name":"Episode 12","watched":"","rating":"","review":""},{"name":"Episode 13","watched":"","rating":"","review":""}]}]}