{"category":"Anime","name":"One Punch Man","jname":"ワンパンマン","review":"","directors":"","producers":"TV Tokyo, Bandai Visual, Lantis, Asatsu DK, Banpresto, Good Smile Company, Shueisha, JR East Marketing & Communications, Yuuichirou Fukushi, Nobuyuki Hosoya, Ayuri Taguchi, Keita Kodama","writers":"","musicians":"","studio":"Madhouse","license":"","genres":[["Action","Adventure","Anthropomorphic","AvantGarde","Comedy","ComingOfAge","CGDCT","Cyberpunk","Demon","Drama","Ecchi","Erotica","Fantasy","Game","Gore","Gourmet","Harem","Hentai","Historical","Horror","Isekai","Josei","Kids","Medical","Mystery","Magic","MagicalSexShift","MartialArts","Mecha","Military","Music","OrganizedCrime","Parody","Police","PostApocalyptic","Psychological","Racing","Reincarnation","ReverseHarem","Romance","Samurai","School","SciFi","Seinen","Shoujo","Shounen","SliceOfLife","Space","Sports","Spy","StrategyGame","SuperPower","Supernatural","Survival","Suspense","Teaching","Thriller","TimeTravel","Tragedy","Vampire","VideoGame","War","Western","Workplace","Yaoi","Yuri"],[true,false,false,false,true,false,false,false,false,false,false,false,false,false,false,false,false,false,false,false,false,false,false,false,false,false,false,false,false,false,false,false,false,false,false,false,false,false,false,false,false,false,false,false,false,false,false,false,false,false,false,false,false,false,false,false,false,false,false,false,false,false,false,false,false,false],[]],"synopsis":"The seemingly unimpressive Saitama has a rather unique hobby: being a hero. In order to pursue his childhood dream, Saitama relentlessly trained for three years, losing all of his hair in the process. Now, Saitama is so powerful, he can defeat any enemy with just one punch. However, having no one capable of matching his strength has led Saitama to an unexpected problem—he is no longer able to enjoy the thrill of battling and has become quite bored.\n\nOne day, Saitama catches the attention of 19-year-old cyborg Genos, who witnesses his power and wishes to become Saitama's disciple. Genos proposes that the two join the Hero Association in order to become certified heroes that will be recognized for their positive contributions to society. Saitama, who is shocked that no one knows who he is, quickly agrees. Meeting new allies and taking on new foes, Saitama embarks on a new journey as a member of the Hero Association to experience the excitement of battle he once felt.","img":["C:\\Users\\asus\\AppData\\Roaming\\Trak\\data\\Anime-OnePunchMan\\assets\\72533.jpg","C:\\Users\\asus\\AppData\\Roaming\\Trak\\data\\Anime-OnePunchMan\\assets\\76049.jpg","C:\\Users\\asus\\AppData\\Roaming\\Trak\\data\\Anime-OnePunchMan\\assets\\91495.jpg"],"content":[{"scenario":"Season","name":"Season","start":"2015-10-05","end":"2015-12-21","status":"","episodes":[{"name":"Episode 1","watched":"","rating":"","review":""},{"name":"Episode 2","watched":"","rating":"","review":""},{"name":"Episode 3","watched":"","rating":"","review":""},{"name":"Episode 4","watched":"","rating":"","review":""},{"name":"Episode 5","watched":"","rating":"","review":""},{"name":"Episode 6","watched":"","rating":"","review":""},{"name":"Episode 7","watched":"","rating":"","review":""},{"name":"Episode 8","watched":"","rating":"","review":""},{"name":"Episode 9","watched":"","rating":"","review":""},{"name":"Episode 10","watched":"","rating":"","review":""},{"name":"Episode 11","watched":"","rating":"","review":""},{"name":"Episode 12","watched":"","rating":"","review":""}]}]}