{"category":"Show","name":"Andor","alternateName":"Andor, Андор, Star Wars: Andor, Gwiezdne wojny: Andor, Зоряні війни: Андор, एनडोर, 안도르, キャシアン・アンドー, 星際大戰：安道爾","review":"","directors":"Toby Haynes, Ariel Kleiman, Alonso Ruizpalacios, Benjamin Caron, Susanna White, Janus Metz","producers":"John Gilroy, David Meanti, Tony Gilroy, John Hampian, Kate Hazell, Kathleen Kennedy, Stephen Schiff, Sanne Wohlenberg, Toby Haynes, Michael A. Garcia, Diego Luna, Ally O'Leary, Michelle Rejwan","writers":"Tony Gilroy, George Lucas, Dan Gilroy, Beau Willimon, Tom Bissell, Stephen Schiff","musicians":"","editors":"","cinematographers":"","distributors":"Disney Media Distribution (DMD), Disney+, Disney+, Walt Disney Television","productionCompanies":"Lucasfilm","stars":"Diego Luna, Kyle Soller, Stellan Skarsgård, Genevieve O'Reilly, Denise Gough, Adria Arjona, Jacob James Beswick, Varada Sethu, Faye Marsay, Anton Lesser, Michael Jenn, Robert Emms, Dave Chapman, Elizabeth Dulau, Joplin Sibtain, Alastair Mackenzie, Bronte Carmichael, Noof Ousellam, Kathryn Hunter, Ben Bailey Smith, Lee Ross, Alex Ferns, Muhannad Bhaier, Wilf Scolding, Abhin Galeya, Fiona Shaw, Victor Perez, Alex Lawther, Duncan Pow, Lucy Russell, Zubin Varla, Nicholas Moss, Raymond Anum, Ben Miles, Aidan Cook, Antonio Viña, Ebon Moss-Bachrach, Gershwyn Eustache Jnr, Christopher Fairbank, Hubert Hanowicz, Sule Rimi, Kingsley Amadi, Anton Valensi, Andy Serkis, Brian Bovell, James McArdle, Martin Ware, Clemens Schick, Neil Bell, Rasaq Kukoyi, Ben Fox, Gary Beadle, Andy Gathergood, Josef Davies, Tom Reed, Fode Simbo, Samson Cox-Vinell, Kieran O'Brien, Pamela Nomvete, Steve Morphew, Christopher York, Jack Donoghue, Mensah Bediako, Romario Simpson, Salman Akhtar, Jonathan Gunning, Malini Raman-Middleton, Malcolm Sinclair, Luiza Mesquita Maia, Cavin Cornwall, Alex Blake, Imogen Ross, Kamila Abdulhamidova, Rupert Vansittart, Oliver Bodur, Margaret Clunie, Kimi Scholz, Dan Li, Nick Blood, Jordan Long, Ron Cook, Jake Lampert, Ronak Patani, Abraham Popoola, Lucas Bond, Fraser Ayres, Dawn Sievewright, Richard Henderson, Adrian Rawlins, Alex Austin, Josh Herdman, Elliot Greene, Joel Tony-Buengo, Kenny Fullwood, Paul McEwan, Matt Dunkley, Joshua James, Richard Dillane, Leonardo Taiwo, Forest Whitaker, Jimmy Walker, Tim Faraday, Caroline Green, Anna Ruben, Lee Boardman, Richard Lister, Stanley Townsend, Stephen Wight, David Hayman, Asheq Akhtar, Latesha Wilson, Richard Katz, Belle Swarc, Matthew Lyons, Liam Cook, Harry Anton, Michelle Duncan, Luke Nunn, Alfie Todd, Joel Morris, Luke Baker, Chris Ryman, Ragevan Vasan, Luke MacGregor, Apple Brook, Billy Dunmore, Elliot Baxter, Michael James, Rob Compton, Teresa Gotto, Daniel Adeosun, Conor Deane, Michael Akinsulire, Peter Bankolé, Ian Whyte, Kiran Shah, Roger Barclay, Gethin Alderman, Andrew Greaves, Harry McEntire, Jolyon Coy, Katrina Nare, Victor Alli, Liam West, Hebe Beardsall, Nick Preston, Beatie Edney, Brandon Bassir, Alice Haig, Mike Quinn, Glyn Pritchard, Gavin Spokes, Damian Farrell, Joseph Arkley, Hugh Sachs, Finley Glasgow, Rosalind Halstead, Chike Chan, James Cooney, Anil Goutam, Alice Orr-Ewing, Chelsea Edge, Patrice Naiambana, Alexander Bowman, Andrew Greaves, Andy M Milligan, Luiza Vallente, Nassie Barro, Nick Owenford, Sam Shoubber, Christopher Presswell, Richard Price, Matthew Dale, Billy Mansell, Marian Lorencik, Alan D West, Steve Brunton, Clément Osty, Max E McCabe, Tony McCarthy, David Cheung, Kishore Bhatt, Jonathan Cheetham, Kenny-Lee Mbanefo, Christian Di Sciullo, Darren Sinden, Neil Alexander Smith, Jessica Wai Sum Tong, Lex Lamprey, Carlos Damasceno, Daniel Rosenberg, Anastasia Zabarchuk, Jonathan Cass, Peter Watson, Rod Glenn, Paul O'Kelly, Tyrone Love, Trevor Watts, Marc Hockley, Zoe Newton-Kisly","genres":[["Action","Adventure","AlternateHistory","Amateur","Animation","Anthology","Art","Biopic","Comedy","CookingShow","Crime","Cyberpunk","Detective","Docudrama","Documentary","Drama","Dystopian","Fantasy","GameShow","Gangster","Ghost","Gore","Gothic","Heist","Historical","Holiday","Horror","Instructional","Military","Monster","Musical","Mystery","Nature","Paranormal","Parody","Political","PostApocalyptic","Psychological","Reality","Religious","Revisionist","Romance","Satire","SciFi","Space","SpaceOpera","Sports","Spy","StopMotion","Superhero","TalkShow","Thriller","Utopian","Vampire","Vigilante","Western","Zombie"],[true,true,false,false,false,false,false,false,false,false,false,false,false,false,false,true,false,true,false,false,false,false,false,false,false,false,false,false,false,false,false,false,false,false,false,false,false,false,false,false,false,false,false,true,false,false,false,false,false,false,false,true,false,false,false,false,false],[""]],"synopsis":"Prequel series to Star Wars' 'Rogue One'. In an era filled with danger, deception and intrigue, Cassian will embark on the path that is destined to turn him into a Rebel hero.","rating":"N/A","release":"2022-09-21","runTime":"40 m","img":["C:\\Users\\asus\\AppData\\Roaming\\Trak\\data\\Show-Andor\\assets\\MV5BMjA2ZGVkZDYtOTMxNC00NmUwLWJjNTctYWJkMzljYjFjNzlmXkEyXkFqcGdeQXVyMTUzMTg2ODkz._V1_.jpg","C:\\Users\\asus\\AppData\\Roaming\\Trak\\data\\Show-Andor\\assets\\MV5BNWI2YWQzMjMtMjJhYS00ZGJmLTlkODctMjg5MjYzYzUwMTgyXkEyXkFqcGdeQXVyMDM2NDM2MQ@@._V1_.jpg","C:\\Users\\asus\\AppData\\Roaming\\Trak\\data\\Show-Andor\\assets\\MV5BYzVlZDRmMjEtNDIwMy00MjRmLWJhZjktOGYxYTNjODI0MTk2XkEyXkFqcGdeQXVyMDM2NDM2MQ@@._V1_.jpg","C:\\Users\\asus\\AppData\\Roaming\\Trak\\data\\Show-Andor\\assets\\MV5BMTBmOGI0NjktOThiOC00OGMzLTgzMGYtODI5MDY3MDcyZjFmXkEyXkFqcGdeQXVyMTUzMTg2ODkz._V1_.jpg","C:\\Users\\asus\\AppData\\Roaming\\Trak\\data\\Show-Andor\\assets\\MV5BODYyOGY3ZjItNDU2OS00NTlmLThhOTgtZGY4M2YyYTk3NzBjXkEyXkFqcGdeQXVyMTUzMTg2ODkz._V1_.jpg","C:\\Users\\asus\\AppData\\Roaming\\Trak\\data\\Show-Andor\\assets\\MV5BMWYyYWNlZjYtMjk4Ny00YjRkLWE3NWItZmZkMDQ2NzI0ZTA5XkEyXkFqcGdeQXVyMTUzMTg2ODkz._V1_.jpg","C:\\Users\\asus\\AppData\\Roaming\\Trak\\data\\Show-Andor\\assets\\MV5BODcwNTAxNWMtYTMzMC00OGE0LTk3YjAtNTc3ZjIyNmJkYTQ0XkEyXkFqcGdeQXVyMTUzMTg2ODkz._V1_.jpg","C:\\Users\\asus\\AppData\\Roaming\\Trak\\data\\Show-Andor\\assets\\MV5BZjU5YTZiNjgtMTBhNC00NzVmLTkxYWMtNTczMzlkZjE2NjA4XkEyXkFqcGdeQXVyMTUzMTg2ODkz._V1_.jpg","C:\\Users\\asus\\AppData\\Roaming\\Trak\\data\\Show-Andor\\assets\\MV5BODZhYWU1NTYtN2FkYy00NmM2LThhZjUtY2Y0N2NiMDBiZDE5XkEyXkFqcGdeQXVyMTUzMTg2ODkz._V1_.jpg","C:\\Users\\asus\\AppData\\Roaming\\Trak\\data\\Show-Andor\\assets\\MV5BZWU4YjIwYTctNzI0Yy00OTZkLWFlNjYtZWIwMWU2ZTc3ZGU5XkEyXkFqcGdeQXVyMTUzMTg2ODkz._V1_.jpg"],"content":[{"scenario":"Season","name":"Season 1","start":"","end":"","status":"","episodes":[{"name":"Episode 01","watched":"","rating":"","review":""},{"name":"Episode 02","watched":"","rating":"","review":""},{"name":"Episode 03","watched":"","rating":"","review":""},{"name":"Episode 04","watched":"","rating":"","review":""},{"name":"Episode 05","watched":"","rating":"","review":""},{"name":"Episode 06","watched":"","rating":"","review":""},{"name":"Episode 07","watched":"","rating":"","review":""},{"name":"Episode 08","watched":"","rating":"","review":""},{"name":"Episode 09","watched":"","rating":"","review":""},{"name":"Episode 10","watched":"","rating":"","review":""},{"name":"Episode 11","watched":"","rating":"","review":""},{"name":"Episode 12","watched":"","rating":"","review":""}]}]}