{"category":"Book","name":"The Road to Reality: A Complete Guide to the Laws of the Universe","originalName":"The Road to Reality: A Complete Guide to the Laws of the Universe","isbn":"9780679776314","authors":"Roger Penrose","publisher":"Vintage","publicationDate":"2004-01-01","pages":"1099","lastRead":"","media":"softcover","synopsis":"Roger Penrose, one of the most accomplished scientists of our time, presents the only comprehensive and comprehensible account of the physics of the universe. From the very first attempts by the Greeks to grapple with the complexities of our known world to the latest application of infinity in physics, The Road to Reality carefully explores the movement of the smallest atomic particles and reaches into the vastness of intergalactic space. Here, Penrose examines the mathematical foundations of the physical universe, exposing the underlying beauty of physics and giving us one the most important works in modern science writing.","rating":"","review":"","genres":[["Action","Adventure","Comedy","Crime","Dystopian","Fantasy","Fiction","Historical","Horror","Mystery","Mythology","Nonfiction","Romance","Satire","Sci-Fi","Thriller","Tragedy","Western"],[false,false,false,false,false,false,false,false,false,false,false,true,false,false,false,false,false,false],["Astronomy","History","Mathematics","Philosophy","Physics","Popular Science","Reference","Science","Unfinished"]],"img":["C:\\Users\\asus\\AppData\\Roaming\\Trak\\data\\Book-9780679776314-TheRoadToReality_ACompleteGuideToTheLawsOfTheUniverse\\assets\\10638.jpg"]}