{"category":"Show","name":"Secret Invasion","alternateName":"Secret Invasion, Invasión secreta, Invasão Secreta, Jambalaya, Maxfiy bosqin, Tajná invaze, Tajná invázia, Tajna inwazja, Titkos invázió, Μυστική εισβολή, Секретное вторжение, Таємне вторгнення, Тайно нашествие, シークレット・インベージョン, 秘密入侵, Secret Invasion, Invasión secreta, Invasão Secreta, Jambalaya, Maxfiy bosqin, Tajná invaze, Tajná invázia, Tajna inwazja, Titkos invázió, Μυστική εισβολή, Секретное вторжение, Таємне вторгнення, Тайно нашествие, シークレット・インベージョン, 秘密入侵","review":"","directors":"Ali Selim, Ali Selim","producers":"Victoria Alonso, Michael Bhim, Jennifer Booth, Kyle Bradstreet, Cait Collins, Louis D'Esposito, Brant Englestein, Kevin Feige, Sarah Finn, Chris Gary, Grainne Godfree, Samuel L. Jackson, Adrian Kelly, Roxanne Paredes, Aaron Rabin, Wendy Riss, Jonathan Schwartz, Ali Selim, Brian Tucker, Cat Vasko, Allana Williams, Brad Winderbaum, Victoria Alonso, Michael Bhim, Jennifer Booth, Kyle Bradstreet, Cait Collins, Louis D'Esposito, Brant Englestein, Kevin Feige, Sarah Finn, Chris Gary, Grainne Godfree, Samuel L. Jackson, Adrian Kelly, Roxanne Paredes, Aaron Rabin, Wendy Riss, Jonathan Schwartz, Ali Selim, Brian Tucker, Cat Vasko, Allana Williams, Brad Winderbaum","writers":"Kyle Bradstreet, Beto Dantas, Jonathan Hirschbein, Matt McRee, Haleema Mirza, Jennifer Muro, Jovan Robinson, Brian Tucker, Michael Bhim, Brant Englestein, Roxanne Paredes, Kyle Bradstreet, Beto Dantas, Jonathan Hirschbein, Matt McRee, Haleema Mirza, Jennifer Muro, Jovan Robinson, Brian Tucker, Michael Bhim, Brant Englestein, Roxanne Paredes","musicians":"","editors":"","cinematographers":"","distributors":"Disney+, Disney+, Disney+, Disney+, Disney+, Disney+, Disney+, Disney+, Disney+, Disney+, Hulu, Disney+, Disney+, Disney+, Disney+, Disney+, Disney+, Disney+, Disney+, Disney+, Disney+, Hulu","productionCompanies":"Marvel Studios, The Walt Disney Company, Marvel Studios, The Walt Disney Company","stars":"Samuel L. Jackson, Emilia Clarke, Don Cheadle, Kingsley Ben-Adir, Killian Scott, Ben Mendelsohn, Olivia Colman, Charlayne Woodard, Samuel Adewunmi, Katie Finneran, Irmena Chichikova, Dermot Mulroney, Michael Epp, Christopher McDonald, Anna Madeley, Mark Bazeley, Mark Lewis, Martin Freeman, Nisha Aaliya, Uriel Emil, Tony Curran, Seeta Indrani, Christopher Goh, Richard Teverson, Giampiero Judica, Ben Peel, Augustina Seymour, Jack Gouldbourne, Ventsislav Yankov, Cobie Smulders, David Bark-Jones, Richard Dormer, Michael Keogh, Lucy Newman-Williams, Saverio Buono, Andrei Nova, Alasdair Noble, Alex Romashov, Jessica Martenson, Mark Noble, Mihai Arsene, Heidi Niemi, Natallia Bulynia, Harry Burton, Vladimir Kolishkin, Peter Sandys-Clarke, Bebe Massey, Michael McKerracher, Simon Smith, Malcolm James, Nina Anderson, Lydia Depres, Eugenia Caruso, Chiraz Aich, Tom Scurr, James Adler, Anna Wilson-Jones, Irina Kara, Osian Roberts, Tony Metcalfe, Zsuzsa Magyar, O-T Fagbenle, Natasha Patel, Jack Baldwin, Grace Boyle, Joe Macaulay, Daniel Stockton, Paul Huntley-Thomas, Luke J I Smith, Pavel Douglas, Alex Batareanu, Christian Greenway, Michael Amariah, Meya Brumell, Adriana Grigoriev, James Macnaughton, Irena Tyshyna, Juliet Stevenson, Alex Skarbek, Lucas Persaud, Charlotte Baker, Kate Braithwaite, Jeska Pike, Tony McCarthy, Billy Clements, Andy M Milligan, Nathan Hall, Anastasia Zabarchuk, Ruth Clarson, Craig Shorrock, David Evestaff, Jean-Pascal Heynemand, Stephen Samson, Cain Aiden, Kelly Burke, Alphie Hyorth, Jorge Leon, Sushma Sharma, David Vickers, Avinashi Sharma, Marvin Montoute, Boye Cole, Electra Allen, Samuel Winner, Samuel L. Jackson, Emilia Clarke, Don Cheadle, Kingsley Ben-Adir, Killian Scott, Ben Mendelsohn, Olivia Colman, Charlayne Woodard, Samuel Adewunmi, Katie Finneran, Irmena Chichikova, Dermot Mulroney, Michael Epp, Christopher McDonald, Anna Madeley, Mark Bazeley, Mark Lewis, Martin Freeman, Nisha Aaliya, Uriel Emil, Tony Curran, Seeta Indrani, Christopher Goh, Richard Teverson, Giampiero Judica, Ben Peel, Augustina Seymour, Jack Gouldbourne, Ventsislav Yankov, Cobie Smulders, David Bark-Jones, Richard Dormer, Michael Keogh, Lucy Newman-Williams, Saverio Buono, Andrei Nova, Alasdair Noble, Alex Romashov, Jessica Martenson, Mark Noble, Mihai Arsene, Heidi Niemi, Natallia Bulynia, Harry Burton, Vladimir Kolishkin, Peter Sandys-Clarke, Bebe Massey, Michael McKerracher, Simon Smith, Malcolm James, Nina Anderson, Lydia Depres, Eugenia Caruso, Chiraz Aich, Tom Scurr, James Adler, Anna Wilson-Jones, Irina Kara, Osian Roberts, Tony Metcalfe, Zsuzsa Magyar, O-T Fagbenle, Natasha Patel, Jack Baldwin, Grace Boyle, Joe Macaulay, Daniel Stockton, Paul Huntley-Thomas, Luke J I Smith, Pavel Douglas, Alex Batareanu, Christian Greenway, Michael Amariah, Meya Brumell, Adriana Grigoriev, James Macnaughton, Irena Tyshyna, Juliet Stevenson, Alex Skarbek, Lucas Persaud, Charlotte Baker, Kate Braithwaite, Jeska Pike, Tony McCarthy, Billy Clements, Andy M Milligan, Nathan Hall, Anastasia Zabarchuk, Ruth Clarson, Craig Shorrock, David Evestaff, Jean-Pascal Heynemand, Stephen Samson, Cain Aiden, Kelly Burke, Alphie Hyorth, Jorge Leon, Sushma Sharma, David Vickers, Avinashi Sharma, Marvin Montoute, Boye Cole, Electra Allen, Samuel Winner","genres":[["Action","Adventure","AlternateHistory","Amateur","Animation","Anthology","Art","Biopic","Comedy","CookingShow","Crime","Cyberpunk","Detective","Docudrama","Documentary","Drama","Dystopian","Fantasy","GameShow","Gangster","Ghost","Gore","Gothic","Heist","Historical","Holiday","Horror","Instructional","Military","Monster","Musical","Mystery","Nature","Paranormal","Parody","Political","PostApocalyptic","Psychological","Reality","Religious","Revisionist","Romance","Satire","SciFi","Space","SpaceOpera","Sports","Spy","StopMotion","Superhero","TalkShow","Thriller","Utopian","Vampire","Vigilante","Western","Zombie"],[true,true,false,false,false,false,false,false,false,false,false,false,false,false,false,true,false,false,false,false,false,false,false,false,false,false,false,false,false,false,false,true,false,false,false,false,false,false,false,false,false,false,false,true,false,false,false,false,false,false,false,true,false,false,false,false,false],[""]],"synopsis":"Fury and Talos try to stop the Skrulls who have infiltrated the highest spheres of the Marvel Universe.","rating":"N/A","release":"2023-06-21","runTime":"35 m","img":["C:\\Users\\asus\\AppData\\Roaming\\Trak\\data\\Show-SecretInvasion\\assets\\MV5BZGRlOWNiYWQtMmQ4Yy00OWE3LWI0MWYtOTg3NTdiNzU1YmFkXkEyXkFqcGdeQXVyNjY1MTg4Mzc@._V1_.jpg","C:\\Users\\asus\\AppData\\Roaming\\Trak\\data\\Show-SecretInvasion\\assets\\MV5BM2FlYzVmNWQtNzE4ZS00OTMwLTlhYTUtZDY0YTEyZTRlZDlkXkEyXkFqcGdeQXVyMTUzMTg2ODkz._V1_.jpg","C:\\Users\\asus\\AppData\\Roaming\\Trak\\data\\Show-SecretInvasion\\assets\\MV5BYjJiN2M5MmItNmUwMS00MzI4LWI3ZTgtMTUxYmI1YTA3ZDExXkEyXkFqcGdeQXVyODk4OTc3MTY@._V1_.jpg","C:\\Users\\asus\\AppData\\Roaming\\Trak\\data\\Show-SecretInvasion\\assets\\MV5BNTJjNmRiNzAtYTQ0Mi00OTRmLTk4YzUtNjY3ZmM4ZmJlZmM1XkEyXkFqcGdeQXVyODk4OTc3MTY@._V1_.jpg","C:\\Users\\asus\\AppData\\Roaming\\Trak\\data\\Show-SecretInvasion\\assets\\MV5BNWZkM2UyNDAtZWYxMi00YzY2LWFjYjYtNWVjYWM0NDI0ZWFmXkEyXkFqcGdeQXVyNjY1MTg4Mzc@._V1_.jpg","C:\\Users\\asus\\AppData\\Roaming\\Trak\\data\\Show-SecretInvasion\\assets\\MV5BZDVjOThjZDctMjA2ZC00YmQxLTgzYmYtNWFjMDY4MzA5MDUxXkEyXkFqcGdeQXVyODc0OTEyNDU@._V1_.jpg","C:\\Users\\asus\\AppData\\Roaming\\Trak\\data\\Show-SecretInvasion\\assets\\MV5BNjNiZmEwZDUtZDYwYi00NzVlLTgyNzUtNTAxZmY4OGFmMTFlXkEyXkFqcGdeQXVyMzUwNDIxMjQ@._V1_.jpg","C:\\Users\\asus\\AppData\\Roaming\\Trak\\data\\Show-SecretInvasion\\assets\\MV5BOWQ1MmI1OTktY2RmYy00YmQxLTk1ZjQtNmY0YzVjNjdhYzkzXkEyXkFqcGdeQXVyMzUwNDIxMjQ@._V1_.jpg","C:\\Users\\asus\\AppData\\Roaming\\Trak\\data\\Show-SecretInvasion\\assets\\MV5BNGUwZmM5ZWYtYTNhMi00MWFjLWFmNWQtMTdlMjdmYTI1YzAwXkEyXkFqcGdeQXVyMzUwNDIxMjQ@._V1_.jpg","C:\\Users\\asus\\AppData\\Roaming\\Trak\\data\\Show-SecretInvasion\\assets\\MV5BNjFkMmJkMzEtMGE0Yi00MmViLWE3NTctODNmNTZjZTIxMWQyXkEyXkFqcGdeQXVyMTU5OTc2NTk@._V1_.jpg"],"content":[{"scenario":"Season","name":"Season 1","start":"","end":"","status":"","episodes":[{"name":"Episode 1","watched":"","rating":"","review":""},{"name":"Episode 2","watched":"","rating":"","review":""},{"name":"Episode 3","watched":"","rating":"","review":""},{"name":"Episode 4","watched":"","rating":"","review":""},{"name":"Episode 5","watched":"","rating":"","review":""},{"name":"Episode 6","watched":"","rating":"","review":""}]}]}